{"type": "FeatureCollection", "crs": {"type": "name", "properties": {"name": "urn:ogc:def:crs:OGC:1.3:CRS84"}}, "metadata": {"municipio": "Oriental", "estado": "Puebla", "clave_inegi": "21108", "secciones": [875, 876, 877, 878, 879, 880, 881, 882, 2747], "total_manzanas": 1101, "LN_municipal": 14836, "LN_1839_municipal": 7711}, "features": [{"type": "Feature", "geometry": {"type": "Polygon", "coordinates": [[[-97.62195469353163, 19.36875688228347], [-97.62156208334392, 19.36867836015043], [-97.62162775573277, 19.368385686021405], [-97.62201465638863, 19.368444221179477], [-97.62195469353163, 19.36875688228347]]]}, "properties": {"CVEGEO": "211080089010A014", "CVE_LOC": "0089", "AGEB": "010A", "MZA": "014", "SECCION": 881, "POBTOT": 0, "P18YMAS": 0, "P18YMAS_H": 0, "P18YMAS_M": 0, "P18A24": 0, "ITER_MATCH": false, "LN_total_sec": 1115, "LN_H_sec": 551, "LN_M_sec": 564, "LN_1839_sec": 548, "LN_estimada": 22, "LN_H_est": 11, "LN_M_est": 12, "LN_1839_est": 11, "rank_seccion": 1, "pct_acum_sec": 1.97, "prioridad_50": true, "prioridad_80": true, "rank_municipal": 210, "pct_acum_LN_mun": 48.15}}, {"type": "Feature", "geometry": {"type": "Polygon", "coordinates": [[[-97.62082540180243, 19.368996731948773], [-97.62043850129196, 19.36892106520516], [-97.62051131283678, 19.36853130889308], [-97.62090677891526, 19.368604121243976], [-97.62082540180243, 19.368996731948773]]]}, "properties": {"CVEGEO": "211080089010A012", "CVE_LOC": "0089", "AGEB": "010A", "MZA": "012", "SECCION": 879, "POBTOT": 0, "P18YMAS": 0, "P18YMAS_H": 0, "P18YMAS_M": 0, "P18A24": 0, "ITER_MATCH": false, "LN_total_sec": 1640, "LN_H_sec": 768, "LN_M_sec": 872, "LN_1839_sec": 820, "LN_estimada": 0, "LN_H_est": 0, "LN_M_est": 0, "LN_1839_est": 0, "rank_seccion": 77, "pct_acum_sec": 100.0, "prioridad_50": false, "prioridad_80": false, "rank_municipal": 716, "pct_acum_LN_mun": 100.0}}, {"type": "Feature", "geometry": {"type": "Polygon", "coordinates": [[[-97.62141788827367, 19.369109518311298], [-97.62087965400934, 19.369001014622828], [-97.62095246460402, 19.36860697639104], [-97.62150497578334, 19.36871547939647], [-97.62141788827367, 19.369109518311298]]]}, "properties": {"CVEGEO": "211080089010A003", "CVE_LOC": "0089", "AGEB": "010A", "MZA": "003", "SECCION": 879, "POBTOT": 0, "P18YMAS": 0, "P18YMAS_H": 0, "P18YMAS_M": 0, "P18A24": 0, "ITER_MATCH": false, "LN_total_sec": 1640, "LN_H_sec": 768, "LN_M_sec": 872, "LN_1839_sec": 820, "LN_estimada": 0, "LN_H_est": 0, "LN_M_est": 0, "LN_1839_est": 0, "rank_seccion": 78, "pct_acum_sec": 100.0, "prioridad_50": false, "prioridad_80": false, "rank_municipal": 717, "pct_acum_LN_mun": 100.0}}, {"type": "Feature", "geometry": {"type": "Polygon", "coordinates": [[[-97.62185475731397, 19.369198033681865], [-97.62145928991174, 19.36911237421254], [-97.6215549452149, 19.368725472893935], [-97.62194327325038, 19.368803995120306], [-97.62185475731397, 19.369198033681865]]]}, "properties": {"CVEGEO": "211080089010A004", "CVE_LOC": "0089", "AGEB": "010A", "MZA": "004", "SECCION": 879, "POBTOT": 0, "P18YMAS": 0, "P18YMAS_H": 0, "P18YMAS_M": 0, "P18A24": 0, "ITER_MATCH": false, "LN_total_sec": 1640, "LN_H_sec": 768, "LN_M_sec": 872, "LN_1839_sec": 820, "LN_estimada": 0, "LN_H_est": 0, "LN_M_est": 0, "LN_1839_est": 0, "rank_seccion": 79, "pct_acum_sec": 100.0, "prioridad_50": false, "prioridad_80": false, "rank_municipal": 718, "pct_acum_LN_mun": 100.0}}, {"type": "Feature", "geometry": {"type": "Polygon", "coordinates": [[[-97.62232588974295, 19.3692908325866], [-97.62193470681285, 19.369208027596255], [-97.6220146563516, 19.368823982689047], [-97.62241155110397, 19.368906788020475], [-97.62232588974295, 19.3692908325866]]]}, "properties": {"CVEGEO": "211080089010A005", "CVE_LOC": "0089", "AGEB": "010A", "MZA": "005", "SECCION": 879, "POBTOT": 0, "P18YMAS": 0, "P18YMAS_H": 0, "P18YMAS_M": 0, "P18A24": 0, "ITER_MATCH": false, "LN_total_sec": 1640, "LN_H_sec": 768, "LN_M_sec": 872, "LN_1839_sec": 820, "LN_estimada": 0, "LN_H_est": 0, "LN_M_est": 0, "LN_1839_est": 0, "rank_seccion": 80, "pct_acum_sec": 100.0, "prioridad_50": false, "prioridad_80": false, "rank_municipal": 719, "pct_acum_LN_mun": 100.0}}, {"type": "Feature", "geometry": {"type": "Polygon", "coordinates": [[[-97.6223173237137, 19.369343656731896], [-97.6222273798447, 19.36972199140399], [-97.62183191427839, 19.36965489085328], [-97.6219104360431, 19.36926513508066], [-97.6223173237137, 19.369343656731896]]]}, "properties": {"CVEGEO": "211080089010A006", "CVE_LOC": "0089", "AGEB": "010A", "MZA": "006", "SECCION": 879, "POBTOT": 0, "P18YMAS": 0, "P18YMAS_H": 0, "P18YMAS_M": 0, "P18A24": 0, "ITER_MATCH": false, "LN_total_sec": 1640, "LN_H_sec": 768, "LN_M_sec": 872, "LN_1839_sec": 820, "LN_estimada": 0, "LN_H_est": 0, "LN_M_est": 0, "LN_1839_est": 0, "rank_seccion": 81, "pct_acum_sec": 100.0, "prioridad_50": false, "prioridad_80": false, "rank_municipal": 720, "pct_acum_LN_mun": 100.0}}, {"type": "Feature", "geometry": {"type": "Polygon", "coordinates": [[[-97.6214507235574, 19.36916519829795], [-97.62184190829885, 19.369257997307475], [-97.62175053636503, 19.369650608208914], [-97.62135507031819, 19.369569230182023], [-97.6214507235574, 19.36916519829795]]]}, "properties": {"CVEGEO": "211080089010A001", "CVE_LOC": "0089", "AGEB": "010A", "MZA": "001", "SECCION": 879, "POBTOT": 0, "P18YMAS": 0, "P18YMAS_H": 0, "P18YMAS_M": 0, "P18A24": 0, "ITER_MATCH": false, "LN_total_sec": 1640, "LN_H_sec": 768, "LN_M_sec": 872, "LN_1839_sec": 820, "LN_estimada": 0, "LN_H_est": 0, "LN_M_est": 0, "LN_1839_est": 0, "rank_seccion": 82, "pct_acum_sec": 100.0, "prioridad_50": false, "prioridad_80": false, "rank_municipal": 721, "pct_acum_LN_mun": 100.0}}, {"type": "Feature", "geometry": {"type": "Polygon", "coordinates": [[[-97.62242440039326, 19.36885253631355], [-97.62202322189505, 19.368765447555074], [-97.62209317903911, 19.3684485043385], [-97.62249863869658, 19.368524170750224], [-97.62242440039326, 19.36885253631355]]]}, "properties": {"CVEGEO": "211080089010A015", "CVE_LOC": "0089", "AGEB": "010A", "MZA": "015", "SECCION": 881, "POBTOT": 0, "P18YMAS": 0, "P18YMAS_H": 0, "P18YMAS_M": 0, "P18A24": 0, "ITER_MATCH": false, "LN_total_sec": 1115, "LN_H_sec": 551, "LN_M_sec": 564, "LN_1839_sec": 548, "LN_estimada": 22, "LN_H_est": 11, "LN_M_est": 12, "LN_1839_est": 11, "rank_seccion": 2, "pct_acum_sec": 3.95, "prioridad_50": true, "prioridad_80": true, "rank_municipal": 211, "pct_acum_LN_mun": 48.3}}, {"type": "Feature", "geometry": {"type": "Polygon", "coordinates": [[[-97.53475075013249, 19.26591871005311], [-97.53472501968399, 19.266298289936152], [-97.53423768954431, 19.266279950418614], [-97.53426842003348, 19.26588943018941], [-97.53475075013249, 19.26591871005311]]]}, "properties": {"CVEGEO": "2110800320133019", "CVE_LOC": "0032", "AGEB": "0133", "MZA": "019", "SECCION": 882, "POBTOT": 0, "P18YMAS": 0, "P18YMAS_H": 0, "P18YMAS_M": 0, "P18A24": 0, "ITER_MATCH": false, "LN_total_sec": 2061, "LN_H_sec": 985, "LN_M_sec": 1076, "LN_1839_sec": 1194, "LN_estimada": 13, "LN_H_est": 7, "LN_M_est": 7, "LN_1839_est": 8, "rank_seccion": 1, "pct_acum_sec": 0.63, "prioridad_50": true, "prioridad_80": true, "rank_municipal": 487, "pct_acum_LN_mun": 81.23}}, {"type": "Feature", "geometry": {"type": "Polygon", "coordinates": [[[-97.60555386000671, 19.372952710075555], [-97.60515455010925, 19.372794849901148], [-97.60534468998931, 19.372428919812073], [-97.60572307974351, 19.37259574044086], [-97.60555386000671, 19.372952710075555]]]}, "properties": {"CVEGEO": "2110800850114089", "CVE_LOC": "0085", "AGEB": "0114", "MZA": "089", "SECCION": 879, "POBTOT": 0, "P18YMAS": 0, "P18YMAS_H": 0, "P18YMAS_M": 0, "P18A24": 0, "ITER_MATCH": false, "LN_total_sec": 1640, "LN_H_sec": 768, "LN_M_sec": 872, "LN_1839_sec": 820, "LN_estimada": 0, "LN_H_est": 0, "LN_M_est": 0, "LN_1839_est": 0, "rank_seccion": 83, "pct_acum_sec": 100.0, "prioridad_50": false, "prioridad_80": false, "rank_municipal": 722, "pct_acum_LN_mun": 100.0}}, {"type": "Feature", "geometry": {"type": "Polygon", "coordinates": [[[-97.60344138002587, 19.376276229714787], [-97.60364803006404, 19.37588221962297], [-97.60400977036858, 19.37603244960059], [-97.60381574030413, 19.376424219807657], [-97.60344138002587, 19.376276229714787]]]}, "properties": {"CVEGEO": "2110800850114111", "CVE_LOC": "0085", "AGEB": "0114", "MZA": "111", "SECCION": 879, "POBTOT": 0, "P18YMAS": 0, "P18YMAS_H": 0, "P18YMAS_M": 0, "P18A24": 0, "ITER_MATCH": false, "LN_total_sec": 1640, "LN_H_sec": 768, "LN_M_sec": 872, "LN_1839_sec": 820, "LN_estimada": 0, "LN_H_est": 0, "LN_M_est": 0, "LN_1839_est": 0, "rank_seccion": 84, "pct_acum_sec": 100.0, "prioridad_50": false, "prioridad_80": false, "rank_municipal": 723, "pct_acum_LN_mun": 100.0}}, {"type": "Feature", "geometry": {"type": "Polygon", "coordinates": [[[-97.60320057012281, 19.376721830076555], [-97.60340306018597, 19.376340739989395], [-97.60379433997892, 19.37650492010259], [-97.60359112000822, 19.376895059657], [-97.60320057012281, 19.376721830076555]]]}, "properties": {"CVEGEO": "2110800850114112", "CVE_LOC": "0085", "AGEB": "0114", "MZA": "112", "SECCION": 879, "POBTOT": 0, "P18YMAS": 0, "P18YMAS_H": 0, "P18YMAS_M": 0, "P18A24": 0, "ITER_MATCH": false, "LN_total_sec": 1640, "LN_H_sec": 768, "LN_M_sec": 872, "LN_1839_sec": 820, "LN_estimada": 0, "LN_H_est": 0, "LN_M_est": 0, "LN_1839_est": 0, "rank_seccion": 85, "pct_acum_sec": 100.0, "prioridad_50": false, "prioridad_80": false, "rank_municipal": 724, "pct_acum_LN_mun": 100.0}}, {"type": "Feature", "geometry": {"type": "Polygon", "coordinates": [[[-97.60525151969124, 19.373341059828515], [-97.60492591007846, 19.373219980059147], [-97.60511129038606, 19.37285448985197], [-97.60550109047605, 19.37301144993676], [-97.60534660045863, 19.37334330997268], [-97.60525151969124, 19.373341059828515]]]}, "properties": {"CVEGEO": "2110800850114090", "CVE_LOC": "0085", "AGEB": "0114", "MZA": "090", "SECCION": 879, "POBTOT": 0, "P18YMAS": 0, "P18YMAS_H": 0, "P18YMAS_M": 0, "P18A24": 0, "ITER_MATCH": false, "LN_total_sec": 1640, "LN_H_sec": 768, "LN_M_sec": 872, "LN_1839_sec": 820, "LN_estimada": 0, "LN_H_est": 0, "LN_M_est": 0, "LN_1839_est": 0, "rank_seccion": 86, "pct_acum_sec": 100.0, "prioridad_50": false, "prioridad_80": false, "rank_municipal": 725, "pct_acum_LN_mun": 100.0}}, {"type": "Feature", "geometry": {"type": "Polygon", "coordinates": [[[-97.60465257003682, 19.37258318027691], [-97.60408593998841, 19.37236254994633], [-97.60423996984875, 19.37193922044558], [-97.60483321981442, 19.372202909666658], [-97.60465257003682, 19.37258318027691]]]}, "properties": {"CVEGEO": "2110800850114087", "CVE_LOC": "0085", "AGEB": "0114", "MZA": "087", "SECCION": 879, "POBTOT": 0, "P18YMAS": 0, "P18YMAS_H": 0, "P18YMAS_M": 0, "P18A24": 0, "ITER_MATCH": false, "LN_total_sec": 1640, "LN_H_sec": 768, "LN_M_sec": 872, "LN_1839_sec": 820, "LN_estimada": 0, "LN_H_est": 0, "LN_M_est": 0, "LN_1839_est": 0, "rank_seccion": 87, "pct_acum_sec": 100.0, "prioridad_50": false, "prioridad_80": false, "rank_municipal": 726, "pct_acum_LN_mun": 100.0}}, {"type": "Feature", "geometry": {"type": "Polygon", "coordinates": [[[-97.6050994196443, 19.37276434997074], [-97.6047134200118, 19.37261726017797], [-97.60491117042798, 19.372224429757868], [-97.60528384960642, 19.37240560002316], [-97.6050994196443, 19.37276434997074]]]}, "properties": {"CVEGEO": "2110800850114088", "CVE_LOC": "0085", "AGEB": "0114", "MZA": "088", "SECCION": 879, "POBTOT": 0, "P18YMAS": 0, "P18YMAS_H": 0, "P18YMAS_M": 0, "P18A24": 0, "ITER_MATCH": false, "LN_total_sec": 1640, "LN_H_sec": 768, "LN_M_sec": 872, "LN_1839_sec": 820, "LN_estimada": 0, "LN_H_est": 0, "LN_M_est": 0, "LN_1839_est": 0, "rank_seccion": 88, "pct_acum_sec": 100.0, "prioridad_50": false, "prioridad_80": false, "rank_municipal": 727, "pct_acum_LN_mun": 100.0}}, {"type": "Feature", "geometry": {"type": "Polygon", "coordinates": [[[-97.55404099973327, 19.242971139719767], [-97.55442841965636, 19.242358400398853], [-97.55480747990454, 19.242326510322858], [-97.55485258012841, 19.243375260354597], [-97.55406733957145, 19.24346659962989], [-97.55404099973327, 19.242971139719767]]]}, "properties": {"CVEGEO": "2110800250133019", "CVE_LOC": "0025", "AGEB": "0133", "MZA": "019", "SECCION": 882, "POBTOT": 0, "P18YMAS": 0, "P18YMAS_H": 0, "P18YMAS_M": 0, "P18A24": 0, "ITER_MATCH": false, "LN_total_sec": 2061, "LN_H_sec": 985, "LN_M_sec": 1076, "LN_1839_sec": 1194, "LN_estimada": 13, "LN_H_est": 7, "LN_M_est": 7, "LN_1839_est": 8, "rank_seccion": 2, "pct_acum_sec": 1.26, "prioridad_50": true, "prioridad_80": true, "rank_municipal": 488, "pct_acum_LN_mun": 81.32}}, {"type": "Feature", "geometry": {"type": "Polygon", "coordinates": [[[-97.55551100038953, 19.24097743002924], [-97.55629734970552, 19.24091031971696], [-97.55643422968826, 19.242044339904886], [-97.55566310982546, 19.24215824962783], [-97.55551100038953, 19.24097743002924]]]}, "properties": {"CVEGEO": "2110800250133011", "CVE_LOC": "0025", "AGEB": "0133", "MZA": "011", "SECCION": 882, "POBTOT": 0, "P18YMAS": 0, "P18YMAS_H": 0, "P18YMAS_M": 0, "P18A24": 0, "ITER_MATCH": false, "LN_total_sec": 2061, "LN_H_sec": 985, "LN_M_sec": 1076, "LN_1839_sec": 1194, "LN_estimada": 13, "LN_H_est": 7, "LN_M_est": 7, "LN_1839_est": 8, "rank_seccion": 3, "pct_acum_sec": 1.89, "prioridad_50": true, "prioridad_80": true, "rank_municipal": 489, "pct_acum_LN_mun": 81.41}}, {"type": "Feature", "geometry": {"type": "Polygon", "coordinates": [[[-97.5547372798697, 19.241892720293148], [-97.55543122019802, 19.240960109805513], [-97.55559956993396, 19.24217382955181], [-97.55484340007888, 19.242255580303997], [-97.5547372798697, 19.241892720293148]]]}, "properties": {"CVEGEO": "2110800250133010", "CVE_LOC": "0025", "AGEB": "0133", "MZA": "010", "SECCION": 882, "POBTOT": 0, "P18YMAS": 0, "P18YMAS_H": 0, "P18YMAS_M": 0, "P18A24": 0, "ITER_MATCH": false, "LN_total_sec": 2061, "LN_H_sec": 985, "LN_M_sec": 1076, "LN_1839_sec": 1194, "LN_estimada": 13, "LN_H_est": 7, "LN_M_est": 7, "LN_1839_est": 8, "rank_seccion": 4, "pct_acum_sec": 2.52, "prioridad_50": true, "prioridad_80": true, "rank_municipal": 490, "pct_acum_LN_mun": 81.5}}, {"type": "Feature", "geometry": {"type": "Polygon", "coordinates": [[[-97.55487378016747, 19.24231906039753], [-97.55560354002067, 19.242228940260933], [-97.55570561984676, 19.243286769591194], [-97.55494208020113, 19.243373739824968], [-97.55487378016747, 19.24231906039753]]]}, "properties": {"CVEGEO": "2110800250133009", "CVE_LOC": "0025", "AGEB": "0133", "MZA": "009", "SECCION": 882, "POBTOT": 0, "P18YMAS": 0, "P18YMAS_H": 0, "P18YMAS_M": 0, "P18A24": 0, "ITER_MATCH": false, "LN_total_sec": 2061, "LN_H_sec": 985, "LN_M_sec": 1076, "LN_1839_sec": 1194, "LN_estimada": 13, "LN_H_est": 7, "LN_M_est": 7, "LN_1839_est": 8, "rank_seccion": 5, "pct_acum_sec": 3.15, "prioridad_50": true, "prioridad_80": true, "rank_municipal": 491, "pct_acum_LN_mun": 81.59}}, {"type": "Feature", "geometry": {"type": "Polygon", "coordinates": [[[-97.64918499968286, 19.36841217996521], [-97.64947032026186, 19.368653550323785], [-97.64922722989435, 19.368927979585305], [-97.64894559964833, 19.368681879541843], [-97.64918499968286, 19.36841217996521]]]}, "properties": {"CVEGEO": "211080008010A012", "CVE_LOC": "0008", "AGEB": "010A", "MZA": "012", "SECCION": 875, "POBTOT": 0, "P18YMAS": 0, "P18YMAS_H": 0, "P18YMAS_M": 0, "P18A24": 0, "ITER_MATCH": false, "LN_total_sec": 1680, "LN_H_sec": 825, "LN_M_sec": 855, "LN_1839_sec": 803, "LN_estimada": 0, "LN_H_est": 0, "LN_M_est": 0, "LN_1839_est": 0, "rank_seccion": 52, "pct_acum_sec": 100.0, "prioridad_50": false, "prioridad_80": false, "rank_municipal": 728, "pct_acum_LN_mun": 100.0}}, {"type": "Feature", "geometry": {"type": "Polygon", "coordinates": [[[-97.63629933988868, 19.410535920100237], [-97.63661489033008, 19.410809859944234], [-97.63634387988596, 19.411134800013823], [-97.63598925019336, 19.410851430035255], [-97.63629933988868, 19.410535920100237]]]}, "properties": {"CVEGEO": "211080005010A046", "CVE_LOC": "0005", "AGEB": "010A", "MZA": "046", "SECCION": 876, "POBTOT": 0, "P18YMAS": 0, "P18YMAS_H": 0, "P18YMAS_M": 0, "P18A24": 0, "ITER_MATCH": false, "LN_total_sec": 1428, "LN_H_sec": 662, "LN_M_sec": 766, "LN_1839_sec": 812, "LN_estimada": 17, "LN_H_est": 8, "LN_M_est": 9, "LN_1839_est": 10, "rank_seccion": 1, "pct_acum_sec": 1.19, "prioridad_50": true, "prioridad_80": true, "rank_municipal": 321, "pct_acum_LN_mun": 63.62}}, {"type": "Feature", "geometry": {"type": "Polygon", "coordinates": [[[-97.6387917699589, 19.40763589025495], [-97.63847708041058, 19.40738587984564], [-97.63877756997317, 19.40705169027199], [-97.63909036958536, 19.407332339876547], [-97.6387917699589, 19.40763589025495]]]}, "properties": {"CVEGEO": "211080005010A074", "CVE_LOC": "0005", "AGEB": "010A", "MZA": "074", "SECCION": 876, "POBTOT": 0, "P18YMAS": 0, "P18YMAS_H": 0, "P18YMAS_M": 0, "P18A24": 0, "ITER_MATCH": false, "LN_total_sec": 1428, "LN_H_sec": 662, "LN_M_sec": 766, "LN_1839_sec": 812, "LN_estimada": 17, "LN_H_est": 8, "LN_M_est": 9, "LN_1839_est": 10, "rank_seccion": 2, "pct_acum_sec": 2.38, "prioridad_50": true, "prioridad_80": true, "rank_municipal": 322, "pct_acum_LN_mun": 63.73}}, {"type": "Feature", "geometry": {"type": "Polygon", "coordinates": [[[-97.53836208024111, 19.340134769884592], [-97.53916788042754, 19.340701090404195], [-97.53868408984061, 19.341310620142842], [-97.537885279721, 19.340748770314597], [-97.53836208024111, 19.340134769884592]]]}, "properties": {"CVEGEO": "2110800030114004", "CVE_LOC": "0003", "AGEB": "0114", "MZA": "004", "SECCION": 881, "POBTOT": 0, "P18YMAS": 0, "P18YMAS_H": 0, "P18YMAS_M": 0, "P18A24": 0, "ITER_MATCH": false, "LN_total_sec": 1115, "LN_H_sec": 551, "LN_M_sec": 564, "LN_1839_sec": 548, "LN_estimada": 22, "LN_H_est": 11, "LN_M_est": 12, "LN_1839_est": 11, "rank_seccion": 3, "pct_acum_sec": 5.92, "prioridad_50": true, "prioridad_80": true, "rank_municipal": 212, "pct_acum_LN_mun": 48.45}}, {"type": "Feature", "geometry": {"type": "Polygon", "coordinates": [[[-97.5377999399583, 19.33974097002061], [-97.53792525047257, 19.3398259800952], [-97.53804509019552, 19.33991209009994], [-97.53831015023113, 19.34009881983411], [-97.53782363029056, 19.34071421966745], [-97.53701654017034, 19.340120019553193], [-97.53750998033789, 19.339525180225028], [-97.5377999399583, 19.33974097002061]]]}, "properties": {"CVEGEO": "2110800030114003", "CVE_LOC": "0003", "AGEB": "0114", "MZA": "003", "SECCION": 881, "POBTOT": 0, "P18YMAS": 0, "P18YMAS_H": 0, "P18YMAS_M": 0, "P18A24": 0, "ITER_MATCH": false, "LN_total_sec": 1115, "LN_H_sec": 551, "LN_M_sec": 564, "LN_1839_sec": 548, "LN_estimada": 22, "LN_H_est": 11, "LN_M_est": 11, "LN_1839_est": 11, "rank_seccion": 4, "pct_acum_sec": 7.89, "prioridad_50": true, "prioridad_80": true, "rank_municipal": 213, "pct_acum_LN_mun": 48.6}}, {"type": "Feature", "geometry": {"type": "Polygon", "coordinates": [[[-97.53650657041445, 19.340746910194937], [-97.53698873968663, 19.340159519988415], [-97.5372195402433, 19.3403401402573], [-97.53778159980354, 19.340748980193396], [-97.53730206042319, 19.34134254985612], [-97.53650657041445, 19.340746910194937]]]}, "properties": {"CVEGEO": "2110800030114002", "CVE_LOC": "0003", "AGEB": "0114", "MZA": "002", "SECCION": 881, "POBTOT": 0, "P18YMAS": 0, "P18YMAS_H": 0, "P18YMAS_M": 0, "P18A24": 0, "ITER_MATCH": false, "LN_total_sec": 1115, "LN_H_sec": 551, "LN_M_sec": 564, "LN_1839_sec": 548, "LN_estimada": 22, "LN_H_est": 11, "LN_M_est": 11, "LN_1839_est": 11, "rank_seccion": 5, "pct_acum_sec": 9.87, "prioridad_50": true, "prioridad_80": true, "rank_municipal": 214, "pct_acum_LN_mun": 48.75}}, {"type": "Feature", "geometry": {"type": "Polygon", "coordinates": [[[-97.53785374026079, 19.34080253979462], [-97.5386353700958, 19.341363110149114], [-97.53812427980043, 19.341960780239333], [-97.53736815025867, 19.341378519861706], [-97.53785374026079, 19.34080253979462]]]}, "properties": {"CVEGEO": "2110800030114001", "CVE_LOC": "0003", "AGEB": "0114", "MZA": "001", "SECCION": 881, "POBTOT": 0, "P18YMAS": 0, "P18YMAS_H": 0, "P18YMAS_M": 0, "P18A24": 0, "ITER_MATCH": false, "LN_total_sec": 1115, "LN_H_sec": 551, "LN_M_sec": 564, "LN_1839_sec": 548, "LN_estimada": 22, "LN_H_est": 11, "LN_M_est": 11, "LN_1839_est": 11, "rank_seccion": 6, "pct_acum_sec": 11.84, "prioridad_50": true, "prioridad_80": true, "rank_municipal": 215, "pct_acum_LN_mun": 48.89}}, {"type": "Feature", "geometry": {"type": "Polygon", "coordinates": [[[-97.61035421958522, 19.38019136972065], [-97.6101534295904, 19.38051750966394], [-97.60980626010404, 19.38033104991048], [-97.60999362033075, 19.38000665024347], [-97.61035421958522, 19.38019136972065]]]}, "properties": {"CVEGEO": "2110800010171011", "CVE_LOC": "0001", "AGEB": "0171", "MZA": "011", "SECCION": 877, "POBTOT": 11, "P18YMAS": 8, "P18YMAS_H": 4, "P18YMAS_M": 4, "P18A24": 3, "ITER_MATCH": true, "LN_total_sec": 3745, "LN_H_sec": 1798, "LN_M_sec": 1947, "LN_1839_sec": 2000, "LN_estimada": 12, "LN_H_est": 6, "LN_M_est": 6, "LN_1839_est": 6, "rank_seccion": 125, "pct_acum_sec": 94.55, "prioridad_50": false, "prioridad_80": false, "rank_municipal": 642, "pct_acum_LN_mun": 94.81}}, {"type": "Feature", "geometry": {"type": "Polygon", "coordinates": [[[-97.64978719989679, 19.368289090417566], [-97.64951882958566, 19.36859334005601], [-97.64922045037281, 19.36834008020802], [-97.6494637503974, 19.368036449715284], [-97.64978719989679, 19.368289090417566]]]}, "properties": {"CVEGEO": "211080008010A013", "CVE_LOC": "0008", "AGEB": "010A", "MZA": "013", "SECCION": 875, "POBTOT": 0, "P18YMAS": 0, "P18YMAS_H": 0, "P18YMAS_M": 0, "P18A24": 0, "ITER_MATCH": false, "LN_total_sec": 1680, "LN_H_sec": 825, "LN_M_sec": 855, "LN_1839_sec": 803, "LN_estimada": 0, "LN_H_est": 0, "LN_M_est": 0, "LN_1839_est": 0, "rank_seccion": 53, "pct_acum_sec": 100.0, "prioridad_50": false, "prioridad_80": false, "rank_municipal": 729, "pct_acum_LN_mun": 100.0}}, {"type": "Feature", "geometry": {"type": "Polygon", "coordinates": [[[-97.61510433971456, 19.37237565023668], [-97.61503726045305, 19.372338549597604], [-97.61517252037616, 19.372086980059404], [-97.6152210903591, 19.371996629575715], [-97.61557317019259, 19.37218100014188], [-97.61548293979435, 19.37232928971074], [-97.61541406002112, 19.372442519564174], [-97.61536652046317, 19.372520660408657], [-97.61510433971456, 19.37237565023668]]]}, "properties": {"CVEGEO": "2110800010097010", "CVE_LOC": "0001", "AGEB": "0097", "MZA": "010", "SECCION": 878, "POBTOT": 65, "P18YMAS": 38, "P18YMAS_H": 16, "P18YMAS_M": 22, "P18A24": 10, "ITER_MATCH": true, "LN_total_sec": 1218, "LN_H_sec": 568, "LN_M_sec": 650, "LN_1839_sec": 631, "LN_estimada": 54, "LN_H_est": 25, "LN_M_est": 29, "LN_1839_est": 28, "rank_seccion": 1, "pct_acum_sec": 4.43, "prioridad_50": true, "prioridad_80": true, "rank_municipal": 12, "pct_acum_LN_mun": 4.87}}, {"type": "Feature", "geometry": {"type": "Polygon", "coordinates": [[[-97.61542742975702, 19.37256097982518], [-97.61562868000647, 19.372209510441355], [-97.61599710958151, 19.372402349634427], [-97.61577817001006, 19.372746460383816], [-97.61542742975702, 19.37256097982518]]]}, "properties": {"CVEGEO": "2110800010097009", "CVE_LOC": "0001", "AGEB": "0097", "MZA": "009", "SECCION": 878, "POBTOT": 66, "P18YMAS": 34, "P18YMAS_H": 17, "P18YMAS_M": 17, "P18A24": 4, "ITER_MATCH": true, "LN_total_sec": 1218, "LN_H_sec": 568, "LN_M_sec": 650, "LN_1839_sec": 631, "LN_estimada": 48, "LN_H_est": 22, "LN_M_est": 26, "LN_1839_est": 25, "rank_seccion": 3, "pct_acum_sec": 12.4, "prioridad_50": true, "prioridad_80": true, "rank_municipal": 20, "pct_acum_LN_mun": 7.58}}, {"type": "Feature", "geometry": {"type": "Polygon", "coordinates": [[[-97.61596147985509, 19.372842739933123], [-97.61583189039432, 19.37277822966834], [-97.61605613993562, 19.372423179829212], [-97.61638416999284, 19.37259554998727], [-97.61643248986779, 19.372620940100525], [-97.61622194027113, 19.372972340235812], [-97.61596147985509, 19.372842739933123]]]}, "properties": {"CVEGEO": "2110800010097008", "CVE_LOC": "0001", "AGEB": "0097", "MZA": "008", "SECCION": 878, "POBTOT": 61, "P18YMAS": 33, "P18YMAS_H": 14, "P18YMAS_M": 19, "P18A24": 8, "ITER_MATCH": true, "LN_total_sec": 1218, "LN_H_sec": 568, "LN_M_sec": 650, "LN_1839_sec": 631, "LN_estimada": 47, "LN_H_est": 22, "LN_M_est": 25, "LN_1839_est": 24, "rank_seccion": 4, "pct_acum_sec": 16.26, "prioridad_50": true, "prioridad_80": true, "rank_municipal": 26, "pct_acum_LN_mun": 9.51}}, {"type": "Feature", "geometry": {"type": "Polygon", "coordinates": [[[-97.61627403021846, 19.372984229711484], [-97.61649081992553, 19.372646200094646], [-97.6168636296765, 19.372840049820763], [-97.61665288968845, 19.373186919577677], [-97.61627403021846, 19.372984229711484]]]}, "properties": {"CVEGEO": "2110800010097007", "CVE_LOC": "0001", "AGEB": "0097", "MZA": "007", "SECCION": 878, "POBTOT": 68, "P18YMAS": 35, "P18YMAS_H": 15, "P18YMAS_M": 20, "P18A24": 6, "ITER_MATCH": true, "LN_total_sec": 1218, "LN_H_sec": 568, "LN_M_sec": 650, "LN_1839_sec": 631, "LN_estimada": 49, "LN_H_est": 23, "LN_M_est": 26, "LN_1839_est": 26, "rank_seccion": 2, "pct_acum_sec": 8.46, "prioridad_50": true, "prioridad_80": true, "rank_municipal": 19, "pct_acum_LN_mun": 7.25}}, {"type": "Feature", "geometry": {"type": "Polygon", "coordinates": [[[-97.61841171006287, 19.37307537007214], [-97.61861226045914, 19.372713649817143], [-97.61897930972819, 19.372908740216744], [-97.6188293503659, 19.3731804198943], [-97.61878408990518, 19.373262400246777], [-97.61841171006287, 19.37307537007214]]]}, "properties": {"CVEGEO": "2110800010082044", "CVE_LOC": "0001", "AGEB": "0082", "MZA": "044", "SECCION": 879, "POBTOT": 24, "P18YMAS": 19, "P18YMAS_H": 9, "P18YMAS_M": 10, "P18A24": 6, "ITER_MATCH": true, "LN_total_sec": 1640, "LN_H_sec": 768, "LN_M_sec": 872, "LN_1839_sec": 820, "LN_estimada": 26, "LN_H_est": 12, "LN_M_est": 14, "LN_1839_est": 13, "rank_seccion": 21, "pct_acum_sec": 40.73, "prioridad_50": true, "prioridad_80": true, "rank_municipal": 160, "pct_acum_LN_mun": 39.88}}, {"type": "Feature", "geometry": {"type": "Polygon", "coordinates": [[[-97.61884531962717, 19.37329357955444], [-97.61904174023383, 19.372942250098163], [-97.61938168041108, 19.37311990968888], [-97.61917825014186, 19.373467479769026], [-97.61884531962717, 19.37329357955444]]]}, "properties": {"CVEGEO": "2110800010082043", "CVE_LOC": "0001", "AGEB": "0082", "MZA": "043", "SECCION": 879, "POBTOT": 23, "P18YMAS": 18, "P18YMAS_H": 11, "P18YMAS_M": 7, "P18A24": 3, "ITER_MATCH": true, "LN_total_sec": 1640, "LN_H_sec": 768, "LN_M_sec": 872, "LN_1839_sec": 820, "LN_estimada": 25, "LN_H_est": 12, "LN_M_est": 13, "LN_1839_est": 13, "rank_seccion": 24, "pct_acum_sec": 45.43, "prioridad_50": true, "prioridad_80": true, "rank_municipal": 173, "pct_acum_LN_mun": 42.15}}, {"type": "Feature", "geometry": {"type": "Polygon", "coordinates": [[[-97.61863537974577, 19.372670150084353], [-97.61876057007319, 19.372438480257763], [-97.61882827989088, 19.3723131802291], [-97.61919941956711, 19.37251062013758], [-97.61900399985727, 19.372872600396725], [-97.61863537974577, 19.372670150084353]]]}, "properties": {"CVEGEO": "2110800010082025", "CVE_LOC": "0001", "AGEB": "0082", "MZA": "025", "SECCION": 879, "POBTOT": 17, "P18YMAS": 9, "P18YMAS_H": 4, "P18YMAS_M": 5, "P18A24": 0, "ITER_MATCH": true, "LN_total_sec": 1640, "LN_H_sec": 768, "LN_M_sec": 872, "LN_1839_sec": 820, "LN_estimada": 13, "LN_H_est": 6, "LN_M_est": 7, "LN_1839_est": 6, "rank_seccion": 70, "pct_acum_sec": 96.65, "prioridad_50": false, "prioridad_80": false, "rank_municipal": 492, "pct_acum_LN_mun": 81.67}}, {"type": "Feature", "geometry": {"type": "Polygon", "coordinates": [[[-97.65136514042442, 19.37006257962925], [-97.6510872001819, 19.37040549003431], [-97.65074514989087, 19.37015422955109], [-97.65101945043422, 19.369837540394066], [-97.65136514042442, 19.37006257962925]]]}, "properties": {"CVEGEO": "211080008010A036", "CVE_LOC": "0008", "AGEB": "010A", "MZA": "036", "SECCION": 875, "POBTOT": 0, "P18YMAS": 0, "P18YMAS_H": 0, "P18YMAS_M": 0, "P18A24": 0, "ITER_MATCH": false, "LN_total_sec": 1680, "LN_H_sec": 825, "LN_M_sec": 855, "LN_1839_sec": 803, "LN_estimada": 0, "LN_H_est": 0, "LN_M_est": 0, "LN_1839_est": 0, "rank_seccion": 54, "pct_acum_sec": 100.0, "prioridad_50": false, "prioridad_80": false, "rank_municipal": 730, "pct_acum_LN_mun": 100.0}}, {"type": "Feature", "geometry": {"type": "Polygon", "coordinates": [[[-97.65115851030745, 19.368822340005686], [-97.65101662001632, 19.369004879823436], [-97.65090008038382, 19.36909313995056], [-97.65060525028116, 19.3688467201472], [-97.65087502035851, 19.368551619591056], [-97.65103110983712, 19.368670979953396], [-97.65115851030745, 19.368822340005686]]]}, "properties": {"CVEGEO": "211080008010A035", "CVE_LOC": "0008", "AGEB": "010A", "MZA": "035", "SECCION": 875, "POBTOT": 0, "P18YMAS": 0, "P18YMAS_H": 0, "P18YMAS_M": 0, "P18A24": 0, "ITER_MATCH": false, "LN_total_sec": 1680, "LN_H_sec": 825, "LN_M_sec": 855, "LN_1839_sec": 803, "LN_estimada": 0, "LN_H_est": 0, "LN_M_est": 0, "LN_1839_est": 0, "rank_seccion": 55, "pct_acum_sec": 100.0, "prioridad_50": false, "prioridad_80": false, "rank_municipal": 731, "pct_acum_LN_mun": 100.0}}, {"type": "Feature", "geometry": {"type": "Polygon", "coordinates": [[[-97.65049102022179, 19.368253799625073], [-97.65078555020868, 19.368495310191044], [-97.65052985971948, 19.36880044965668], [-97.6502378898699, 19.368556310364042], [-97.65049102022179, 19.368253799625073]]]}, "properties": {"CVEGEO": "211080008010A034", "CVE_LOC": "0008", "AGEB": "010A", "MZA": "034", "SECCION": 875, "POBTOT": 0, "P18YMAS": 0, "P18YMAS_H": 0, "P18YMAS_M": 0, "P18A24": 0, "ITER_MATCH": false, "LN_total_sec": 1680, "LN_H_sec": 825, "LN_M_sec": 855, "LN_1839_sec": 803, "LN_estimada": 0, "LN_H_est": 0, "LN_M_est": 0, "LN_1839_est": 0, "rank_seccion": 56, "pct_acum_sec": 100.0, "prioridad_50": false, "prioridad_80": false, "rank_municipal": 732, "pct_acum_LN_mun": 100.0}}, {"type": "Feature", "geometry": {"type": "Polygon", "coordinates": [[[-97.53479986020064, 19.26629559959093], [-97.53482125017746, 19.26590572018349], [-97.53529483030452, 19.265941170453576], [-97.53528607982858, 19.266328599733548], [-97.53479986020064, 19.26629559959093]]]}, "properties": {"CVEGEO": "2110800320133030", "CVE_LOC": "0032", "AGEB": "0133", "MZA": "030", "SECCION": 882, "POBTOT": 0, "P18YMAS": 0, "P18YMAS_H": 0, "P18YMAS_M": 0, "P18A24": 0, "ITER_MATCH": false, "LN_total_sec": 2061, "LN_H_sec": 985, "LN_M_sec": 1076, "LN_1839_sec": 1194, "LN_estimada": 13, "LN_H_est": 7, "LN_M_est": 7, "LN_1839_est": 8, "rank_seccion": 6, "pct_acum_sec": 3.78, "prioridad_50": true, "prioridad_80": true, "rank_municipal": 493, "pct_acum_LN_mun": 81.76}}, {"type": "Feature", "geometry": {"type": "Polygon", "coordinates": [[[-97.55323401989249, 19.24474568991898], [-97.55281439991892, 19.24480161960915], [-97.55317052001178, 19.244205419572744], [-97.55323401989249, 19.24474568991898]]]}, "properties": {"CVEGEO": "2110800250133041", "CVE_LOC": "0025", "AGEB": "0133", "MZA": "041", "SECCION": 882, "POBTOT": 0, "P18YMAS": 0, "P18YMAS_H": 0, "P18YMAS_M": 0, "P18A24": 0, "ITER_MATCH": false, "LN_total_sec": 2061, "LN_H_sec": 985, "LN_M_sec": 1076, "LN_1839_sec": 1194, "LN_estimada": 13, "LN_H_est": 7, "LN_M_est": 7, "LN_1839_est": 8, "rank_seccion": 7, "pct_acum_sec": 4.42, "prioridad_50": true, "prioridad_80": true, "rank_municipal": 494, "pct_acum_LN_mun": 81.85}}, {"type": "Feature", "geometry": {"type": "Polygon", "coordinates": [[[-97.5565457696625, 19.242094920337426], [-97.5573344495851, 19.24203644968782], [-97.55745697990163, 19.243137289682945], [-97.55667309039099, 19.24318741975763], [-97.5565457696625, 19.242094920337426]]]}, "properties": {"CVEGEO": "2110800250133003", "CVE_LOC": "0025", "AGEB": "0133", "MZA": "003", "SECCION": 882, "POBTOT": 0, "P18YMAS": 0, "P18YMAS_H": 0, "P18YMAS_M": 0, "P18A24": 0, "ITER_MATCH": false, "LN_total_sec": 2061, "LN_H_sec": 985, "LN_M_sec": 1076, "LN_1839_sec": 1194, "LN_estimada": 13, "LN_H_est": 7, "LN_M_est": 7, "LN_1839_est": 8, "rank_seccion": 8, "pct_acum_sec": 5.05, "prioridad_50": true, "prioridad_80": true, "rank_municipal": 495, "pct_acum_LN_mun": 81.94}}, {"type": "Feature", "geometry": {"type": "Polygon", "coordinates": [[[-97.55567611036652, 19.24222162022031], [-97.55644385988631, 19.24210969013002], [-97.55658610959, 19.243202649973327], [-97.55577042960256, 19.24328225964487], [-97.55567611036652, 19.24222162022031]]]}, "properties": {"CVEGEO": "2110800250133002", "CVE_LOC": "0025", "AGEB": "0133", "MZA": "002", "SECCION": 882, "POBTOT": 0, "P18YMAS": 0, "P18YMAS_H": 0, "P18YMAS_M": 0, "P18A24": 0, "ITER_MATCH": false, "LN_total_sec": 2061, "LN_H_sec": 985, "LN_M_sec": 1076, "LN_1839_sec": 1194, "LN_estimada": 13, "LN_H_est": 7, "LN_M_est": 7, "LN_1839_est": 8, "rank_seccion": 9, "pct_acum_sec": 5.68, "prioridad_50": true, "prioridad_80": true, "rank_municipal": 496, "pct_acum_LN_mun": 82.02}}, {"type": "Feature", "geometry": {"type": "Polygon", "coordinates": [[[-97.64909049039939, 19.370702710391626], [-97.64943763029373, 19.370917950208298], [-97.64935288028462, 19.370993260222413], [-97.64928997038118, 19.37105450971861], [-97.64927728046587, 19.371137650344], [-97.64921391025814, 19.37122518020299], [-97.64911992008994, 19.37129126006516], [-97.64891677977057, 19.371398349827725], [-97.64897165030129, 19.371070520062432], [-97.64883646024624, 19.370970579873614], [-97.64909049039939, 19.370702710391626]]]}, "properties": {"CVEGEO": "211080008010A041", "CVE_LOC": "0008", "AGEB": "010A", "MZA": "041", "SECCION": 875, "POBTOT": 0, "P18YMAS": 0, "P18YMAS_H": 0, "P18YMAS_M": 0, "P18A24": 0, "ITER_MATCH": false, "LN_total_sec": 1680, "LN_H_sec": 825, "LN_M_sec": 855, "LN_1839_sec": 803, "LN_estimada": 0, "LN_H_est": 0, "LN_M_est": 0, "LN_1839_est": 0, "rank_seccion": 57, "pct_acum_sec": 100.0, "prioridad_50": false, "prioridad_80": false, "rank_municipal": 733, "pct_acum_LN_mun": 100.0}}, {"type": "Feature", "geometry": {"type": "Polygon", "coordinates": [[[-97.636659710432, 19.410758750187117], [-97.63633660029386, 19.41049748035341], [-97.63660591965638, 19.410188650252593], [-97.6369147495512, 19.410446350087685], [-97.636659710432, 19.410758750187117]]]}, "properties": {"CVEGEO": "211080005010A025", "CVE_LOC": "0005", "AGEB": "010A", "MZA": "025", "SECCION": 876, "POBTOT": 0, "P18YMAS": 0, "P18YMAS_H": 0, "P18YMAS_M": 0, "P18A24": 0, "ITER_MATCH": false, "LN_total_sec": 1428, "LN_H_sec": 662, "LN_M_sec": 766, "LN_1839_sec": 812, "LN_estimada": 17, "LN_H_est": 8, "LN_M_est": 9, "LN_1839_est": 10, "rank_seccion": 3, "pct_acum_sec": 3.57, "prioridad_50": true, "prioridad_80": true, "rank_municipal": 323, "pct_acum_LN_mun": 63.84}}, {"type": "Feature", "geometry": {"type": "Polygon", "coordinates": [[[-97.63655798014618, 19.40955986030064], [-97.63686944985841, 19.409808179777492], [-97.63659671018532, 19.410111999593212], [-97.63628368988573, 19.409845719568242], [-97.63655798014618, 19.40955986030064]]]}, "properties": {"CVEGEO": "211080005010A010", "CVE_LOC": "0005", "AGEB": "010A", "MZA": "010", "SECCION": 876, "POBTOT": 0, "P18YMAS": 0, "P18YMAS_H": 0, "P18YMAS_M": 0, "P18A24": 0, "ITER_MATCH": false, "LN_total_sec": 1428, "LN_H_sec": 662, "LN_M_sec": 766, "LN_1839_sec": 812, "LN_estimada": 17, "LN_H_est": 8, "LN_M_est": 9, "LN_1839_est": 10, "rank_seccion": 4, "pct_acum_sec": 4.76, "prioridad_50": true, "prioridad_80": true, "rank_municipal": 324, "pct_acum_LN_mun": 63.96}}, {"type": "Feature", "geometry": {"type": "Polygon", "coordinates": [[[-97.61192536992944, 19.381383710113802], [-97.61210567984261, 19.381048259726448], [-97.61248322958089, 19.38123160023327], [-97.61230340016778, 19.381581019738864], [-97.61192536992944, 19.381383710113802]]]}, "properties": {"CVEGEO": "2110800010171035", "CVE_LOC": "0001", "AGEB": "0171", "MZA": "035", "SECCION": 877, "POBTOT": 17, "P18YMAS": 10, "P18YMAS_H": 6, "P18YMAS_M": 4, "P18A24": 0, "ITER_MATCH": true, "LN_total_sec": 3745, "LN_H_sec": 1798, "LN_M_sec": 1947, "LN_1839_sec": 2000, "LN_estimada": 15, "LN_H_est": 7, "LN_M_est": 8, "LN_1839_est": 8, "rank_seccion": 108, "pct_acum_sec": 88.09, "prioridad_50": false, "prioridad_80": false, "rank_municipal": 443, "pct_acum_LN_mun": 76.93}}, {"type": "Feature", "geometry": {"type": "Polygon", "coordinates": [[[-97.61453991958173, 19.380488459538572], [-97.614431909568, 19.380682309858706], [-97.61422397014124, 19.380366750017963], [-97.61417034008429, 19.380290999554468], [-97.61453991958173, 19.380488459538572]]]}, "properties": {"CVEGEO": "2110800010167051", "CVE_LOC": "0001", "AGEB": "0167", "MZA": "051", "SECCION": 877, "POBTOT": 2, "P18YMAS": 0, "P18YMAS_H": 0, "P18YMAS_M": 0, "P18A24": 0, "ITER_MATCH": true, "LN_total_sec": 3745, "LN_H_sec": 1798, "LN_M_sec": 1947, "LN_1839_sec": 2000, "LN_estimada": 0, "LN_H_est": 0, "LN_M_est": 0, "LN_1839_est": 0, "rank_seccion": 146, "pct_acum_sec": 100.0, "prioridad_50": false, "prioridad_80": false, "rank_municipal": 734, "pct_acum_LN_mun": 100.0}}, {"type": "Feature", "geometry": {"type": "Polygon", "coordinates": [[[-97.61489643031247, 19.38001439980085], [-97.61529100013499, 19.379327000140883], [-97.6157131201817, 19.37938051977689], [-97.61523511998587, 19.38019154042363], [-97.61489643031247, 19.38001439980085]]]}, "properties": {"CVEGEO": "2110800010167033", "CVE_LOC": "0001", "AGEB": "0167", "MZA": "033", "SECCION": 877, "POBTOT": 45, "P18YMAS": 30, "P18YMAS_H": 14, "P18YMAS_M": 16, "P18A24": 10, "ITER_MATCH": true, "LN_total_sec": 3745, "LN_H_sec": 1798, "LN_M_sec": 1947, "LN_1839_sec": 2000, "LN_estimada": 45, "LN_H_est": 22, "LN_M_est": 24, "LN_1839_est": 24, "rank_seccion": 12, "pct_acum_sec": 16.77, "prioridad_50": true, "prioridad_80": true, "rank_municipal": 32, "pct_acum_LN_mun": 11.39}}, {"type": "Feature", "geometry": {"type": "Polygon", "coordinates": [[[-97.61461325971614, 19.380458259589307], [-97.61483939960551, 19.38008526034279], [-97.61519969043225, 19.380272340187176], [-97.61497797024099, 19.380646710052876], [-97.61461325971614, 19.380458259589307]]]}, "properties": {"CVEGEO": "2110800010167014", "CVE_LOC": "0001", "AGEB": "0167", "MZA": "014", "SECCION": 877, "POBTOT": 29, "P18YMAS": 20, "P18YMAS_H": 8, "P18YMAS_M": 12, "P18A24": 0, "ITER_MATCH": true, "LN_total_sec": 3745, "LN_H_sec": 1798, "LN_M_sec": 1947, "LN_1839_sec": 2000, "LN_estimada": 30, "LN_H_est": 15, "LN_M_est": 16, "LN_1839_est": 16, "rank_seccion": 48, "pct_acum_sec": 51.51, "prioridad_50": false, "prioridad_80": true, "rank_municipal": 116, "pct_acum_LN_mun": 31.41}}, {"type": "Feature", "geometry": {"type": "Polygon", "coordinates": [[[-97.60953333976356, 19.379721919866792], [-97.6091529497818, 19.379516769915703], [-97.60946408990438, 19.37904977031556], [-97.60947262988027, 19.379092020162744], [-97.60948433967079, 19.37914267998239], [-97.6095009798817, 19.379194249883835], [-97.60953723037167, 19.3792486202758], [-97.60962635013516, 19.379339419984223], [-97.6097190603967, 19.379401649724375], [-97.60953333976356, 19.379721919866792]]]}, "properties": {"CVEGEO": "2110800010171041", "CVE_LOC": "0001", "AGEB": "0171", "MZA": "041", "SECCION": 877, "POBTOT": 31, "P18YMAS": 16, "P18YMAS_H": 8, "P18YMAS_M": 8, "P18A24": 0, "ITER_MATCH": true, "LN_total_sec": 3745, "LN_H_sec": 1798, "LN_M_sec": 1947, "LN_1839_sec": 2000, "LN_estimada": 24, "LN_H_est": 12, "LN_M_est": 13, "LN_1839_est": 13, "rank_seccion": 71, "pct_acum_sec": 68.57, "prioridad_50": false, "prioridad_80": true, "rank_municipal": 187, "pct_acum_LN_mun": 44.51}}, {"type": "Feature", "geometry": {"type": "Polygon", "coordinates": [[[-97.6093183796051, 19.380101749586068], [-97.60889552042863, 19.379899179637405], [-97.6091128899486, 19.379571180395303], [-97.60950119983059, 19.379772980410042], [-97.6093183796051, 19.380101749586068]]]}, "properties": {"CVEGEO": "2110800010171040", "CVE_LOC": "0001", "AGEB": "0171", "MZA": "040", "SECCION": 877, "POBTOT": 7, "P18YMAS": 0, "P18YMAS_H": 0, "P18YMAS_M": 0, "P18A24": 0, "ITER_MATCH": true, "LN_total_sec": 3745, "LN_H_sec": 1798, "LN_M_sec": 1947, "LN_1839_sec": 2000, "LN_estimada": 0, "LN_H_est": 0, "LN_M_est": 0, "LN_1839_est": 0, "rank_seccion": 147, "pct_acum_sec": 100.0, "prioridad_50": false, "prioridad_80": false, "rank_municipal": 735, "pct_acum_LN_mun": 100.0}}, {"type": "Feature", "geometry": {"type": "Polygon", "coordinates": [[[-97.62068194008249, 19.376860180263254], [-97.62087262012736, 19.376536120201838], [-97.62123096999726, 19.376716570150833], [-97.62117561980865, 19.376806020400277], [-97.62110812029437, 19.376915110433796], [-97.62107437975081, 19.376969649821095], [-97.62104062992987, 19.377024179872354], [-97.62102847969976, 19.377043819636437], [-97.62068194008249, 19.376860180263254]]]}, "properties": {"CVEGEO": "2110800010152009", "CVE_LOC": "0001", "AGEB": "0152", "MZA": "009", "SECCION": 2747, "POBTOT": 12, "P18YMAS": 0, "P18YMAS_H": 0, "P18YMAS_M": 0, "P18A24": 0, "ITER_MATCH": true, "LN_total_sec": 923, "LN_H_sec": 421, "LN_M_sec": 502, "LN_1839_sec": 436, "LN_estimada": 0, "LN_H_est": 0, "LN_M_est": 0, "LN_1839_est": 0, "rank_seccion": 44, "pct_acum_sec": 100.0, "prioridad_50": false, "prioridad_80": false, "rank_municipal": 736, "pct_acum_LN_mun": 100.0}}, {"type": "Feature", "geometry": {"type": "Polygon", "coordinates": [[[-97.61843972026239, 19.37044317981334], [-97.61875834040767, 19.370507199652206], [-97.61869837975411, 19.37059262992731], [-97.61843972026239, 19.37044317981334]]]}, "properties": {"CVEGEO": "2110800010097053", "CVE_LOC": "0001", "AGEB": "0097", "MZA": "053", "SECCION": 879, "POBTOT": 4, "P18YMAS": 0, "P18YMAS_H": 0, "P18YMAS_M": 0, "P18A24": 0, "ITER_MATCH": true, "LN_total_sec": 1640, "LN_H_sec": 768, "LN_M_sec": 872, "LN_1839_sec": 820, "LN_estimada": 0, "LN_H_est": 0, "LN_M_est": 0, "LN_1839_est": 0, "rank_seccion": 89, "pct_acum_sec": 100.0, "prioridad_50": false, "prioridad_80": false, "rank_municipal": 737, "pct_acum_LN_mun": 100.0}}, {"type": "Feature", "geometry": {"type": "Polygon", "coordinates": [[[-97.6157054004269, 19.371140800061035], [-97.61592519979112, 19.370783120413435], [-97.61628457000445, 19.370976680110683], [-97.61606750952623, 19.371332279938038], [-97.6157054004269, 19.371140800061035]]]}, "properties": {"CVEGEO": "2110800010097013", "CVE_LOC": "0001", "AGEB": "0097", "MZA": "013", "SECCION": 879, "POBTOT": 24, "P18YMAS": 10, "P18YMAS_H": 4, "P18YMAS_M": 6, "P18A24": 0, "ITER_MATCH": true, "LN_total_sec": 1640, "LN_H_sec": 768, "LN_M_sec": 872, "LN_1839_sec": 820, "LN_estimada": 14, "LN_H_est": 7, "LN_M_est": 7, "LN_1839_est": 7, "rank_seccion": 58, "pct_acum_sec": 86.46, "prioridad_50": false, "prioridad_80": false, "rank_municipal": 467, "pct_acum_LN_mun": 79.35}}, {"type": "Feature", "geometry": {"type": "Polygon", "coordinates": [[[-97.6240658302706, 19.371920830273172], [-97.6242406300334, 19.3715905999133], [-97.62430079985903, 19.371628320137912], [-97.62418184991223, 19.37198844974275], [-97.6240658302706, 19.371920830273172]]]}, "properties": {"CVEGEO": "2110800010078040", "CVE_LOC": "0001", "AGEB": "0078", "MZA": "040", "SECCION": 880, "POBTOT": 8, "P18YMAS": 0, "P18YMAS_H": 0, "P18YMAS_M": 0, "P18A24": 0, "ITER_MATCH": true, "LN_total_sec": 1026, "LN_H_sec": 513, "LN_M_sec": 513, "LN_1839_sec": 467, "LN_estimada": 0, "LN_H_est": 0, "LN_M_est": 0, "LN_1839_est": 0, "rank_seccion": 49, "pct_acum_sec": 100.0, "prioridad_50": false, "prioridad_80": false, "rank_municipal": 738, "pct_acum_LN_mun": 100.0}}, {"type": "Feature", "geometry": {"type": "Polygon", "coordinates": [[[-97.61687970984028, 19.373835599748368], [-97.61707083036237, 19.373480290176], [-97.61743114954633, 19.373657969979377], [-97.6172334598574, 19.374015179581917], [-97.61687970984028, 19.373835599748368]]]}, "properties": {"CVEGEO": "2110800010059038", "CVE_LOC": "0001", "AGEB": "0059", "MZA": "038", "SECCION": 878, "POBTOT": 0, "P18YMAS": 0, "P18YMAS_H": 0, "P18YMAS_M": 0, "P18A24": 0, "ITER_MATCH": true, "LN_total_sec": 1218, "LN_H_sec": 568, "LN_M_sec": 650, "LN_1839_sec": 631, "LN_estimada": 0, "LN_H_est": 0, "LN_M_est": 0, "LN_1839_est": 0, "rank_seccion": 53, "pct_acum_sec": 100.0, "prioridad_50": false, "prioridad_80": false, "rank_municipal": 739, "pct_acum_LN_mun": 100.0}}, {"type": "Feature", "geometry": {"type": "Polygon", "coordinates": [[[-97.61452094034206, 19.37446517981562], [-97.61467836992304, 19.373837629725625], [-97.61502457996832, 19.37400084979995], [-97.6147261399375, 19.374508050216935], [-97.61452094034206, 19.37446517981562]]]}, "properties": {"CVEGEO": "2110800010044052", "CVE_LOC": "0001", "AGEB": "0044", "MZA": "052", "SECCION": 877, "POBTOT": 0, "P18YMAS": 0, "P18YMAS_H": 0, "P18YMAS_M": 0, "P18A24": 0, "ITER_MATCH": true, "LN_total_sec": 3745, "LN_H_sec": 1798, "LN_M_sec": 1947, "LN_1839_sec": 2000, "LN_estimada": 0, "LN_H_est": 0, "LN_M_est": 0, "LN_1839_est": 0, "rank_seccion": 148, "pct_acum_sec": 100.0, "prioridad_50": false, "prioridad_80": false, "rank_municipal": 740, "pct_acum_LN_mun": 100.0}}, {"type": "Feature", "geometry": {"type": "Polygon", "coordinates": [[[-97.61464205004744, 19.375824620198486], [-97.61482971025441, 19.37548612040016], [-97.61520857005198, 19.375689220389656], [-97.615018150463, 19.375992540303976], [-97.61464205004744, 19.375824620198486]]]}, "properties": {"CVEGEO": "2110800010044012", "CVE_LOC": "0001", "AGEB": "0044", "MZA": "012", "SECCION": 877, "POBTOT": 43, "P18YMAS": 25, "P18YMAS_H": 14, "P18YMAS_M": 11, "P18A24": 4, "ITER_MATCH": true, "LN_total_sec": 3745, "LN_H_sec": 1798, "LN_M_sec": 1947, "LN_1839_sec": 2000, "LN_estimada": 38, "LN_H_est": 18, "LN_M_est": 20, "LN_1839_est": 20, "rank_seccion": 23, "pct_acum_sec": 28.92, "prioridad_50": true, "prioridad_80": true, "rank_municipal": 53, "pct_acum_LN_mun": 17.24}}, {"type": "Feature", "geometry": {"type": "Polygon", "coordinates": [[[-97.61746781981253, 19.379589999569927], [-97.6175420600804, 19.37947176962823], [-97.61790200002078, 19.37964770957377], [-97.61784647989298, 19.37967536981191], [-97.61746781981253, 19.379589999569927]]]}, "properties": {"CVEGEO": "211080001003A041", "CVE_LOC": "0001", "AGEB": "003A", "MZA": "041", "SECCION": 2747, "POBTOT": 0, "P18YMAS": 0, "P18YMAS_H": 0, "P18YMAS_M": 0, "P18A24": 0, "ITER_MATCH": true, "LN_total_sec": 923, "LN_H_sec": 421, "LN_M_sec": 502, "LN_1839_sec": 436, "LN_estimada": 0, "LN_H_est": 0, "LN_M_est": 0, "LN_1839_est": 0, "rank_seccion": 45, "pct_acum_sec": 100.0, "prioridad_50": false, "prioridad_80": false, "rank_municipal": 741, "pct_acum_LN_mun": 100.0}}, {"type": "Feature", "geometry": {"type": "Polygon", "coordinates": [[[-97.61911342036288, 19.378647379748756], [-97.61929176983516, 19.37831201968529], [-97.61965083020341, 19.37849670983508], [-97.61946866028403, 19.378823520313347], [-97.61911342036288, 19.378647379748756]]]}, "properties": {"CVEGEO": "211080001003A039", "CVE_LOC": "0001", "AGEB": "003A", "MZA": "039", "SECCION": 2747, "POBTOT": 8, "P18YMAS": 0, "P18YMAS_H": 0, "P18YMAS_M": 0, "P18A24": 0, "ITER_MATCH": true, "LN_total_sec": 923, "LN_H_sec": 421, "LN_M_sec": 502, "LN_1839_sec": 436, "LN_estimada": 0, "LN_H_est": 0, "LN_M_est": 0, "LN_1839_est": 0, "rank_seccion": 46, "pct_acum_sec": 100.0, "prioridad_50": false, "prioridad_80": false, "rank_municipal": 742, "pct_acum_LN_mun": 100.0}}, {"type": "Feature", "geometry": {"type": "Polygon", "coordinates": [[[-97.62404990957414, 19.378120620194004], [-97.62380277961584, 19.377994460154518], [-97.62401083032853, 19.37764690999313], [-97.624381419602, 19.37783353953835], [-97.62417349030562, 19.37818372046055], [-97.62404990957414, 19.378120620194004]]]}, "properties": {"CVEGEO": "2110800010010003", "CVE_LOC": "0001", "AGEB": "0010", "MZA": "003", "SECCION": 875, "POBTOT": 39, "P18YMAS": 26, "P18YMAS_H": 12, "P18YMAS_M": 14, "P18A24": 5, "ITER_MATCH": true, "LN_total_sec": 1680, "LN_H_sec": 825, "LN_M_sec": 855, "LN_1839_sec": 803, "LN_estimada": 48, "LN_H_est": 24, "LN_M_est": 25, "LN_1839_est": 23, "rank_seccion": 10, "pct_acum_sec": 32.92, "prioridad_50": true, "prioridad_80": true, "rank_municipal": 21, "pct_acum_LN_mun": 7.9}}, {"type": "Feature", "geometry": {"type": "Polygon", "coordinates": [[[-97.62013932034995, 19.37966765022178], [-97.62033601969529, 19.379332169760158], [-97.62068452033397, 19.37952094011792], [-97.620494539711, 19.37984288964547], [-97.62013932034995, 19.37966765022178]]]}, "properties": {"CVEGEO": "2110800010148008", "CVE_LOC": "0001", "AGEB": "0148", "MZA": "008", "SECCION": 2747, "POBTOT": 36, "P18YMAS": 24, "P18YMAS_H": 13, "P18YMAS_M": 11, "P18A24": 5, "ITER_MATCH": true, "LN_total_sec": 923, "LN_H_sec": 421, "LN_M_sec": 502, "LN_1839_sec": 436, "LN_estimada": 31, "LN_H_est": 14, "LN_M_est": 17, "LN_1839_est": 15, "rank_seccion": 8, "pct_acum_sec": 34.24, "prioridad_50": true, "prioridad_80": true, "rank_municipal": 101, "pct_acum_LN_mun": 28.28}}, {"type": "Feature", "geometry": {"type": "Polygon", "coordinates": [[[-97.62057437000162, 19.379855770302836], [-97.62076990953646, 19.37953988958271], [-97.62108624967995, 19.379707170144417], [-97.62093397019893, 19.38008110981117], [-97.62057437000162, 19.379855770302836]]]}, "properties": {"CVEGEO": "2110800010148007", "CVE_LOC": "0001", "AGEB": "0148", "MZA": "007", "SECCION": 2747, "POBTOT": 21, "P18YMAS": 15, "P18YMAS_H": 8, "P18YMAS_M": 7, "P18A24": 0, "ITER_MATCH": true, "LN_total_sec": 923, "LN_H_sec": 421, "LN_M_sec": 502, "LN_1839_sec": 436, "LN_estimada": 19, "LN_H_est": 9, "LN_M_est": 11, "LN_1839_est": 9, "rank_seccion": 18, "pct_acum_sec": 61.76, "prioridad_50": false, "prioridad_80": true, "rank_municipal": 294, "pct_acum_LN_mun": 60.26}}, {"type": "Feature", "geometry": {"type": "Polygon", "coordinates": [[[-97.61764280024033, 19.370658890260128], [-97.61781434002, 19.370356279653006], [-97.61825317991324, 19.370420399761844], [-97.61800469010176, 19.370846719912155], [-97.61764280024033, 19.370658890260128]]]}, "properties": {"CVEGEO": "2110800010097048", "CVE_LOC": "0001", "AGEB": "0097", "MZA": "048", "SECCION": 879, "POBTOT": 45, "P18YMAS": 26, "P18YMAS_H": 12, "P18YMAS_M": 14, "P18A24": 8, "ITER_MATCH": true, "LN_total_sec": 1640, "LN_H_sec": 768, "LN_M_sec": 872, "LN_1839_sec": 820, "LN_estimada": 36, "LN_H_est": 17, "LN_M_est": 19, "LN_1839_est": 18, "rank_seccion": 3, "pct_acum_sec": 7.01, "prioridad_50": true, "prioridad_80": true, "rank_municipal": 61, "pct_acum_LN_mun": 19.26}}, {"type": "Feature", "geometry": {"type": "Polygon", "coordinates": [[[-97.62361642953994, 19.37270501980303], [-97.62380671044555, 19.372389020328537], [-97.62398682012204, 19.37248707978523], [-97.62388994004326, 19.37275902989958], [-97.6238617098851, 19.37283826014241], [-97.62361642953994, 19.37270501980303]]]}, "properties": {"CVEGEO": "2110800010078014", "CVE_LOC": "0001", "AGEB": "0078", "MZA": "014", "SECCION": 880, "POBTOT": 5, "P18YMAS": 0, "P18YMAS_H": 0, "P18YMAS_M": 0, "P18A24": 0, "ITER_MATCH": true, "LN_total_sec": 1026, "LN_H_sec": 513, "LN_M_sec": 513, "LN_1839_sec": 467, "LN_estimada": 0, "LN_H_est": 0, "LN_M_est": 0, "LN_1839_est": 0, "rank_seccion": 50, "pct_acum_sec": 100.0, "prioridad_50": false, "prioridad_80": false, "rank_municipal": 743, "pct_acum_LN_mun": 100.0}}, {"type": "Feature", "geometry": {"type": "Polygon", "coordinates": [[[-97.62319805955924, 19.37247841965484], [-97.62337705973341, 19.372153350208315], [-97.62374541951611, 19.372355180206853], [-97.62362781987522, 19.37254825029059], [-97.62359573966677, 19.372600910155843], [-97.62355293999069, 19.372671180255452], [-97.62319805955924, 19.37247841965484]]]}, "properties": {"CVEGEO": "2110800010078013", "CVE_LOC": "0001", "AGEB": "0078", "MZA": "013", "SECCION": 880, "POBTOT": 8, "P18YMAS": 7, "P18YMAS_H": 4, "P18YMAS_M": 3, "P18A24": 0, "ITER_MATCH": true, "LN_total_sec": 1026, "LN_H_sec": 513, "LN_M_sec": 513, "LN_1839_sec": 467, "LN_estimada": 9, "LN_H_est": 5, "LN_M_est": 5, "LN_1839_est": 4, "rank_seccion": 43, "pct_acum_sec": 95.81, "prioridad_50": false, "prioridad_80": false, "rank_municipal": 697, "pct_acum_LN_mun": 99.01}}, {"type": "Feature", "geometry": {"type": "Polygon", "coordinates": [[[-97.6223636896595, 19.372033519898398], [-97.62255158027078, 19.371687120337995], [-97.62292788045995, 19.37189148002187], [-97.622725050334, 19.372234749887575], [-97.6223636896595, 19.372033519898398]]]}, "properties": {"CVEGEO": "2110800010078011", "CVE_LOC": "0001", "AGEB": "0078", "MZA": "011", "SECCION": 879, "POBTOT": 24, "P18YMAS": 15, "P18YMAS_H": 7, "P18YMAS_M": 8, "P18A24": 6, "ITER_MATCH": true, "LN_total_sec": 1640, "LN_H_sec": 768, "LN_M_sec": 872, "LN_1839_sec": 820, "LN_estimada": 21, "LN_H_est": 10, "LN_M_est": 11, "LN_1839_est": 10, "rank_seccion": 37, "pct_acum_sec": 64.27, "prioridad_50": false, "prioridad_80": true, "rank_municipal": 259, "pct_acum_LN_mun": 55.41}}, {"type": "Feature", "geometry": {"type": "Polygon", "coordinates": [[[-97.62188128971572, 19.372855399757725], [-97.62200508022086, 19.37263311032548], [-97.62208648021574, 19.37248698022294], [-97.62246805044272, 19.372688059671383], [-97.62223102025443, 19.37305429004493], [-97.62188128971572, 19.372855399757725]]]}, "properties": {"CVEGEO": "2110800010078009", "CVE_LOC": "0001", "AGEB": "0078", "MZA": "009", "SECCION": 879, "POBTOT": 30, "P18YMAS": 20, "P18YMAS_H": 9, "P18YMAS_M": 11, "P18A24": 0, "ITER_MATCH": true, "LN_total_sec": 1640, "LN_H_sec": 768, "LN_M_sec": 872, "LN_1839_sec": 820, "LN_estimada": 28, "LN_H_est": 13, "LN_M_est": 15, "LN_1839_est": 14, "rank_seccion": 16, "pct_acum_sec": 32.32, "prioridad_50": true, "prioridad_80": true, "rank_municipal": 141, "pct_acum_LN_mun": 36.38}}, {"type": "Feature", "geometry": {"type": "Polygon", "coordinates": [[[-97.6261753104201, 19.371988339646755], [-97.62638295005685, 19.371655540077104], [-97.62662618033798, 19.371769979925467], [-97.62643939998839, 19.37205848035893], [-97.6264068900829, 19.372108680211884], [-97.6261753104201, 19.371988339646755]]]}, "properties": {"CVEGEO": "2110800010063037", "CVE_LOC": "0001", "AGEB": "0063", "MZA": "037", "SECCION": 880, "POBTOT": 16, "P18YMAS": 12, "P18YMAS_H": 5, "P18YMAS_M": 7, "P18A24": 3, "ITER_MATCH": true, "LN_total_sec": 1026, "LN_H_sec": 513, "LN_M_sec": 513, "LN_1839_sec": 467, "LN_estimada": 16, "LN_H_est": 8, "LN_M_est": 8, "LN_1839_est": 7, "rank_seccion": 33, "pct_acum_sec": 83.53, "prioridad_50": false, "prioridad_80": false, "rank_municipal": 347, "pct_acum_LN_mun": 66.59}}, {"type": "Feature", "geometry": {"type": "Polygon", "coordinates": [[[-97.62575917002977, 19.37177040014284], [-97.62587549000408, 19.37156814998456], [-97.62633469010362, 19.371623250229494], [-97.62612274040721, 19.37196291032992], [-97.62575917002977, 19.37177040014284]]]}, "properties": {"CVEGEO": "2110800010063036", "CVE_LOC": "0001", "AGEB": "0063", "MZA": "036", "SECCION": 880, "POBTOT": 0, "P18YMAS": 0, "P18YMAS_H": 0, "P18YMAS_M": 0, "P18A24": 0, "ITER_MATCH": true, "LN_total_sec": 1026, "LN_H_sec": 513, "LN_M_sec": 513, "LN_1839_sec": 467, "LN_estimada": 0, "LN_H_est": 0, "LN_M_est": 0, "LN_1839_est": 0, "rank_seccion": 51, "pct_acum_sec": 100.0, "prioridad_50": false, "prioridad_80": false, "rank_municipal": 744, "pct_acum_LN_mun": 100.0}}, {"type": "Feature", "geometry": {"type": "Polygon", "coordinates": [[[-97.61564162963013, 19.376855890375364], [-97.61575896956208, 19.376675709890147], [-97.61585125019498, 19.37653400022454], [-97.61621476964875, 19.376721050271335], [-97.6160235404594, 19.377054859662163], [-97.61564162963013, 19.376855890375364]]]}, "properties": {"CVEGEO": "2110800010044006", "CVE_LOC": "0001", "AGEB": "0044", "MZA": "006", "SECCION": 877, "POBTOT": 31, "P18YMAS": 21, "P18YMAS_H": 9, "P18YMAS_M": 12, "P18A24": 5, "ITER_MATCH": true, "LN_total_sec": 3745, "LN_H_sec": 1798, "LN_M_sec": 1947, "LN_1839_sec": 2000, "LN_estimada": 32, "LN_H_est": 15, "LN_M_est": 16, "LN_1839_est": 17, "rank_seccion": 39, "pct_acum_sec": 43.87, "prioridad_50": true, "prioridad_80": true, "rank_municipal": 86, "pct_acum_LN_mun": 25.05}}, {"type": "Feature", "geometry": {"type": "Polygon", "coordinates": [[[-97.61933688990734, 19.378235480116597], [-97.6195370599732, 19.377905280012673], [-97.61991220013914, 19.37810012034519], [-97.6197311497525, 19.378438680161587], [-97.61933688990734, 19.378235480116597]]]}, "properties": {"CVEGEO": "211080001003A038", "CVE_LOC": "0001", "AGEB": "003A", "MZA": "038", "SECCION": 2747, "POBTOT": 8, "P18YMAS": 0, "P18YMAS_H": 0, "P18YMAS_M": 0, "P18A24": 0, "ITER_MATCH": true, "LN_total_sec": 923, "LN_H_sec": 421, "LN_M_sec": 502, "LN_1839_sec": 436, "LN_estimada": 0, "LN_H_est": 0, "LN_M_est": 0, "LN_1839_est": 0, "rank_seccion": 47, "pct_acum_sec": 100.0, "prioridad_50": false, "prioridad_80": false, "rank_municipal": 745, "pct_acum_LN_mun": 100.0}}, {"type": "Feature", "geometry": {"type": "Polygon", "coordinates": [[[-97.62299250973713, 19.380377349980755], [-97.62306285960273, 19.380234169854763], [-97.62337272017396, 19.380389059866207], [-97.62299250973713, 19.380377349980755]]]}, "properties": {"CVEGEO": "2110800010010049", "CVE_LOC": "0001", "AGEB": "0010", "MZA": "049", "SECCION": 875, "POBTOT": 0, "P18YMAS": 0, "P18YMAS_H": 0, "P18YMAS_M": 0, "P18A24": 0, "ITER_MATCH": true, "LN_total_sec": 1680, "LN_H_sec": 825, "LN_M_sec": 855, "LN_1839_sec": 803, "LN_estimada": 0, "LN_H_est": 0, "LN_M_est": 0, "LN_1839_est": 0, "rank_seccion": 58, "pct_acum_sec": 100.0, "prioridad_50": false, "prioridad_80": false, "rank_municipal": 746, "pct_acum_LN_mun": 100.0}}, {"type": "Feature", "geometry": {"type": "Polygon", "coordinates": [[[-97.62517591017927, 19.376620659639688], [-97.62525409032766, 19.37648508023633], [-97.6253732596906, 19.37627841976067], [-97.62579588989246, 19.3764944198908], [-97.62559502956532, 19.376836980193925], [-97.62517591017927, 19.376620659639688]]]}, "properties": {"CVEGEO": "2110800010010048", "CVE_LOC": "0001", "AGEB": "0010", "MZA": "048", "SECCION": 880, "POBTOT": 8, "P18YMAS": 7, "P18YMAS_H": 3, "P18YMAS_M": 4, "P18A24": 0, "ITER_MATCH": true, "LN_total_sec": 1026, "LN_H_sec": 513, "LN_M_sec": 513, "LN_1839_sec": 467, "LN_estimada": 9, "LN_H_est": 5, "LN_M_est": 5, "LN_1839_est": 4, "rank_seccion": 44, "pct_acum_sec": 96.69, "prioridad_50": false, "prioridad_80": false, "rank_municipal": 698, "pct_acum_LN_mun": 99.07}}, {"type": "Feature", "geometry": {"type": "Polygon", "coordinates": [[[-97.62423601960653, 19.376144080114727], [-97.6242657797845, 19.376094799630174], [-97.62443994974636, 19.37580642991863], [-97.62486707954065, 19.376019510266435], [-97.62467282967515, 19.37636640005544], [-97.62423601960653, 19.376144080114727]]]}, "properties": {"CVEGEO": "2110800010010046", "CVE_LOC": "0001", "AGEB": "0010", "MZA": "046", "SECCION": 875, "POBTOT": 27, "P18YMAS": 17, "P18YMAS_H": 5, "P18YMAS_M": 12, "P18A24": 3, "ITER_MATCH": true, "LN_total_sec": 1680, "LN_H_sec": 825, "LN_M_sec": 855, "LN_1839_sec": 803, "LN_estimada": 31, "LN_H_est": 15, "LN_M_est": 16, "LN_1839_est": 15, "rank_seccion": 21, "pct_acum_sec": 58.93, "prioridad_50": false, "prioridad_80": true, "rank_municipal": 102, "pct_acum_LN_mun": 28.49}}, {"type": "Feature", "geometry": {"type": "Polygon", "coordinates": [[[-97.622214880287, 19.379744680142174], [-97.62242167997952, 19.37939697992274], [-97.62281492000062, 19.379597860149417], [-97.62261773977629, 19.379950280028282], [-97.622214880287, 19.379744680142174]]]}, "properties": {"CVEGEO": "2110800010010045", "CVE_LOC": "0001", "AGEB": "0010", "MZA": "045", "SECCION": 875, "POBTOT": 14, "P18YMAS": 10, "P18YMAS_H": 5, "P18YMAS_M": 5, "P18A24": 0, "ITER_MATCH": true, "LN_total_sec": 1680, "LN_H_sec": 825, "LN_M_sec": 855, "LN_1839_sec": 803, "LN_estimada": 19, "LN_H_est": 9, "LN_M_est": 9, "LN_1839_est": 9, "rank_seccion": 40, "pct_acum_sec": 90.0, "prioridad_50": false, "prioridad_80": false, "rank_municipal": 295, "pct_acum_LN_mun": 60.39}}, {"type": "Feature", "geometry": {"type": "Polygon", "coordinates": [[[-97.62445731013447, 19.377791539877762], [-97.62465966003147, 19.377453490350586], [-97.62506930992102, 19.377662289985267], [-97.62486682998103, 19.37799903026641], [-97.62445731013447, 19.377791539877762]]]}, "properties": {"CVEGEO": "2110800010010015", "CVE_LOC": "0001", "AGEB": "0010", "MZA": "015", "SECCION": 875, "POBTOT": 40, "P18YMAS": 26, "P18YMAS_H": 10, "P18YMAS_M": 16, "P18A24": 3, "ITER_MATCH": true, "LN_total_sec": 1680, "LN_H_sec": 825, "LN_M_sec": 855, "LN_1839_sec": 803, "LN_estimada": 48, "LN_H_est": 24, "LN_M_est": 25, "LN_1839_est": 23, "rank_seccion": 11, "pct_acum_sec": 35.77, "prioridad_50": true, "prioridad_80": true, "rank_municipal": 22, "pct_acum_LN_mun": 8.22}}, {"type": "Feature", "geometry": {"type": "Polygon", "coordinates": [[[-97.62403107984504, 19.377575459562745], [-97.62422761975446, 19.37723574958895], [-97.62460666006425, 19.37742786032983], [-97.62440957967615, 19.37776847970144], [-97.62403107984504, 19.377575459562745]]]}, "properties": {"CVEGEO": "2110800010010014", "CVE_LOC": "0001", "AGEB": "0010", "MZA": "014", "SECCION": 875, "POBTOT": 10, "P18YMAS": 0, "P18YMAS_H": 0, "P18YMAS_M": 0, "P18A24": 0, "ITER_MATCH": true, "LN_total_sec": 1680, "LN_H_sec": 825, "LN_M_sec": 855, "LN_1839_sec": 803, "LN_estimada": 0, "LN_H_est": 0, "LN_M_est": 0, "LN_1839_est": 0, "rank_seccion": 59, "pct_acum_sec": 100.0, "prioridad_50": false, "prioridad_80": false, "rank_municipal": 747, "pct_acum_LN_mun": 100.0}}, {"type": "Feature", "geometry": {"type": "Polygon", "coordinates": [[[-97.53470036992266, 19.266798119687788], [-97.53420807979808, 19.266767430385], [-97.53423091968848, 19.266333020241774], [-97.53472052043045, 19.266343179810534], [-97.53470036992266, 19.266798119687788]]]}, "properties": {"CVEGEO": "2110800320133020", "CVE_LOC": "0032", "AGEB": "0133", "MZA": "020", "SECCION": 882, "POBTOT": 0, "P18YMAS": 0, "P18YMAS_H": 0, "P18YMAS_M": 0, "P18A24": 0, "ITER_MATCH": false, "LN_total_sec": 2061, "LN_H_sec": 985, "LN_M_sec": 1076, "LN_1839_sec": 1194, "LN_estimada": 13, "LN_H_est": 7, "LN_M_est": 7, "LN_1839_est": 8, "rank_seccion": 10, "pct_acum_sec": 6.31, "prioridad_50": true, "prioridad_80": true, "rank_municipal": 497, "pct_acum_LN_mun": 82.11}}, {"type": "Feature", "geometry": {"type": "Polygon", "coordinates": [[[-97.53184817976982, 19.266592339830595], [-97.53180820000132, 19.2664396296249], [-97.53179605015865, 19.26620866039188], [-97.53234438032166, 19.26623172030091], [-97.53231609047774, 19.26663208961313], [-97.53184817976982, 19.266592339830595]]]}, "properties": {"CVEGEO": "2110800320133010", "CVE_LOC": "0032", "AGEB": "0133", "MZA": "010", "SECCION": 882, "POBTOT": 0, "P18YMAS": 0, "P18YMAS_H": 0, "P18YMAS_M": 0, "P18A24": 0, "ITER_MATCH": false, "LN_total_sec": 2061, "LN_H_sec": 985, "LN_M_sec": 1076, "LN_1839_sec": 1194, "LN_estimada": 13, "LN_H_est": 7, "LN_M_est": 7, "LN_1839_est": 8, "rank_seccion": 11, "pct_acum_sec": 6.94, "prioridad_50": true, "prioridad_80": true, "rank_municipal": 498, "pct_acum_LN_mun": 82.2}}, {"type": "Feature", "geometry": {"type": "Polygon", "coordinates": [[[-97.60160602988385, 19.375407109960012], [-97.60136242009963, 19.375311820422613], [-97.60164464968632, 19.375014720382108], [-97.60186450989711, 19.375157659702715], [-97.60160602988385, 19.375407109960012]]]}, "properties": {"CVEGEO": "2110800850114023", "CVE_LOC": "0085", "AGEB": "0114", "MZA": "023", "SECCION": 879, "POBTOT": 0, "P18YMAS": 0, "P18YMAS_H": 0, "P18YMAS_M": 0, "P18A24": 0, "ITER_MATCH": false, "LN_total_sec": 1640, "LN_H_sec": 768, "LN_M_sec": 872, "LN_1839_sec": 820, "LN_estimada": 0, "LN_H_est": 0, "LN_M_est": 0, "LN_1839_est": 0, "rank_seccion": 90, "pct_acum_sec": 100.0, "prioridad_50": false, "prioridad_80": false, "rank_municipal": 748, "pct_acum_LN_mun": 100.0}}, {"type": "Feature", "geometry": {"type": "Polygon", "coordinates": [[[-97.59972742009657, 19.37357342955642], [-97.59993538046346, 19.373186660350044], [-97.60032457972028, 19.373357629976187], [-97.60021465014225, 19.37358185011609], [-97.60010769003338, 19.373766829945957], [-97.59972742009657, 19.37357342955642]]]}, "properties": {"CVEGEO": "2110800850114002", "CVE_LOC": "0085", "AGEB": "0114", "MZA": "002", "SECCION": 879, "POBTOT": 0, "P18YMAS": 0, "P18YMAS_H": 0, "P18YMAS_M": 0, "P18A24": 0, "ITER_MATCH": false, "LN_total_sec": 1640, "LN_H_sec": 768, "LN_M_sec": 872, "LN_1839_sec": 820, "LN_estimada": 0, "LN_H_est": 0, "LN_M_est": 0, "LN_1839_est": 0, "rank_seccion": 91, "pct_acum_sec": 100.0, "prioridad_50": false, "prioridad_80": false, "rank_municipal": 749, "pct_acum_LN_mun": 100.0}}, {"type": "Feature", "geometry": {"type": "Polygon", "coordinates": [[[-97.59924907964532, 19.37335482023724], [-97.59944219960367, 19.37295682997602], [-97.59988191024449, 19.373158629571698], [-97.59966502031571, 19.37354541958112], [-97.59924907964532, 19.37335482023724]]]}, "properties": {"CVEGEO": "2110800850114012", "CVE_LOC": "0085", "AGEB": "0114", "MZA": "012", "SECCION": 879, "POBTOT": 0, "P18YMAS": 0, "P18YMAS_H": 0, "P18YMAS_M": 0, "P18A24": 0, "ITER_MATCH": false, "LN_total_sec": 1640, "LN_H_sec": 768, "LN_M_sec": 872, "LN_1839_sec": 820, "LN_estimada": 0, "LN_H_est": 0, "LN_M_est": 0, "LN_1839_est": 0, "rank_seccion": 92, "pct_acum_sec": 100.0, "prioridad_50": false, "prioridad_80": false, "rank_municipal": 750, "pct_acum_LN_mun": 100.0}}, {"type": "Feature", "geometry": {"type": "Polygon", "coordinates": [[[-97.59882694971313, 19.374178420190102], [-97.59901848992885, 19.373787829892635], [-97.599203449555, 19.373410679767886], [-97.59964076976564, 19.37361517042053], [-97.59924718006357, 19.374377509826676], [-97.59882694971313, 19.374178420190102]]]}, "properties": {"CVEGEO": "2110800850114011", "CVE_LOC": "0085", "AGEB": "0114", "MZA": "011", "SECCION": 879, "POBTOT": 0, "P18YMAS": 0, "P18YMAS_H": 0, "P18YMAS_M": 0, "P18A24": 0, "ITER_MATCH": false, "LN_total_sec": 1640, "LN_H_sec": 768, "LN_M_sec": 872, "LN_1839_sec": 820, "LN_estimada": 0, "LN_H_est": 0, "LN_M_est": 0, "LN_1839_est": 0, "rank_seccion": 93, "pct_acum_sec": 100.0, "prioridad_50": false, "prioridad_80": false, "rank_municipal": 751, "pct_acum_LN_mun": 100.0}}, {"type": "Feature", "geometry": {"type": "Polygon", "coordinates": [[[-97.5958739698629, 19.37182990977599], [-97.59563154033196, 19.37173305027069], [-97.59552979974627, 19.37169357981514], [-97.5954993800117, 19.371683719816268], [-97.59551967995591, 19.37164868022632], [-97.59563553959725, 19.371592619760094], [-97.59571575011991, 19.371491720240858], [-97.59576625975528, 19.371416050267523], [-97.59583757037534, 19.371385219609017], [-97.59623937964486, 19.371551139946863], [-97.59606328982694, 19.371910689684377], [-97.5958739698629, 19.37182990977599]]]}, "properties": {"CVEGEO": "2110800850114127", "CVE_LOC": "0085", "AGEB": "0114", "MZA": "127", "SECCION": 879, "POBTOT": 0, "P18YMAS": 0, "P18YMAS_H": 0, "P18YMAS_M": 0, "P18A24": 0, "ITER_MATCH": false, "LN_total_sec": 1640, "LN_H_sec": 768, "LN_M_sec": 872, "LN_1839_sec": 820, "LN_estimada": 0, "LN_H_est": 0, "LN_M_est": 0, "LN_1839_est": 0, "rank_seccion": 94, "pct_acum_sec": 100.0, "prioridad_50": false, "prioridad_80": false, "rank_municipal": 752, "pct_acum_LN_mun": 100.0}}, {"type": "Feature", "geometry": {"type": "Polygon", "coordinates": [[[-97.59612080004312, 19.371941509762838], [-97.59629585974561, 19.37157444960687], [-97.59670816974274, 19.371744709976134], [-97.5965146597685, 19.37211556987313], [-97.59612080004312, 19.371941509762838]]]}, "properties": {"CVEGEO": "2110800850114125", "CVE_LOC": "0085", "AGEB": "0114", "MZA": "125", "SECCION": 879, "POBTOT": 0, "P18YMAS": 0, "P18YMAS_H": 0, "P18YMAS_M": 0, "P18A24": 0, "ITER_MATCH": false, "LN_total_sec": 1640, "LN_H_sec": 768, "LN_M_sec": 872, "LN_1839_sec": 820, "LN_estimada": 0, "LN_H_est": 0, "LN_M_est": 0, "LN_1839_est": 0, "rank_seccion": 95, "pct_acum_sec": 100.0, "prioridad_50": false, "prioridad_80": false, "rank_municipal": 753, "pct_acum_LN_mun": 100.0}}, {"type": "Feature", "geometry": {"type": "Polygon", "coordinates": [[[-97.59592721982341, 19.372344489871466], [-97.59609120033737, 19.37199271002993], [-97.5964865800749, 19.372161769642442], [-97.59631445042226, 19.372509170275695], [-97.59592721982341, 19.372344489871466]]]}, "properties": {"CVEGEO": "2110800850114124", "CVE_LOC": "0085", "AGEB": "0114", "MZA": "124", "SECCION": 879, "POBTOT": 0, "P18YMAS": 0, "P18YMAS_H": 0, "P18YMAS_M": 0, "P18A24": 0, "ITER_MATCH": false, "LN_total_sec": 1640, "LN_H_sec": 768, "LN_M_sec": 872, "LN_1839_sec": 820, "LN_estimada": 0, "LN_H_est": 0, "LN_M_est": 0, "LN_1839_est": 0, "rank_seccion": 96, "pct_acum_sec": 100.0, "prioridad_50": false, "prioridad_80": false, "rank_municipal": 754, "pct_acum_LN_mun": 100.0}}, {"type": "Feature", "geometry": {"type": "Polygon", "coordinates": [[[-97.60237609000768, 19.376329600152744], [-97.60186745989809, 19.376103139847068], [-97.60189536957044, 19.37605288968895], [-97.60207662015104, 19.375686089567324], [-97.6024533498003, 19.375856479725872], [-97.6027112295439, 19.375973090292966], [-97.60237609000768, 19.376329600152744]]]}, "properties": {"CVEGEO": "2110800850114069", "CVE_LOC": "0085", "AGEB": "0114", "MZA": "069", "SECCION": 879, "POBTOT": 0, "P18YMAS": 0, "P18YMAS_H": 0, "P18YMAS_M": 0, "P18A24": 0, "ITER_MATCH": false, "LN_total_sec": 1640, "LN_H_sec": 768, "LN_M_sec": 872, "LN_1839_sec": 820, "LN_estimada": 0, "LN_H_est": 0, "LN_M_est": 0, "LN_1839_est": 0, "rank_seccion": 97, "pct_acum_sec": 100.0, "prioridad_50": false, "prioridad_80": false, "rank_municipal": 755, "pct_acum_LN_mun": 100.0}}, {"type": "Feature", "geometry": {"type": "Polygon", "coordinates": [[[-97.60259294006927, 19.376929020442407], [-97.60276692033703, 19.376601659804344], [-97.60310982984113, 19.376757170149386], [-97.6029356797049, 19.377086969877244], [-97.60259294006927, 19.376929020442407]]]}, "properties": {"CVEGEO": "2110800850114114", "CVE_LOC": "0085", "AGEB": "0114", "MZA": "114", "SECCION": 879, "POBTOT": 0, "P18YMAS": 0, "P18YMAS_H": 0, "P18YMAS_M": 0, "P18A24": 0, "ITER_MATCH": false, "LN_total_sec": 1640, "LN_H_sec": 768, "LN_M_sec": 872, "LN_1839_sec": 820, "LN_estimada": 0, "LN_H_est": 0, "LN_M_est": 0, "LN_1839_est": 0, "rank_seccion": 98, "pct_acum_sec": 100.0, "prioridad_50": false, "prioridad_80": false, "rank_municipal": 756, "pct_acum_LN_mun": 100.0}}, {"type": "Feature", "geometry": {"type": "Polygon", "coordinates": [[[-97.6036695501068, 19.375828910011933], [-97.60384782009386, 19.3754858599129], [-97.60421148031733, 19.375647290054], [-97.60402964960211, 19.375976889689575], [-97.6036695501068, 19.375828910011933]]]}, "properties": {"CVEGEO": "2110800850114110", "CVE_LOC": "0085", "AGEB": "0114", "MZA": "110", "SECCION": 879, "POBTOT": 0, "P18YMAS": 0, "P18YMAS_H": 0, "P18YMAS_M": 0, "P18A24": 0, "ITER_MATCH": false, "LN_total_sec": 1640, "LN_H_sec": 768, "LN_M_sec": 872, "LN_1839_sec": 820, "LN_estimada": 0, "LN_H_est": 0, "LN_M_est": 0, "LN_1839_est": 0, "rank_seccion": 99, "pct_acum_sec": 100.0, "prioridad_50": false, "prioridad_80": false, "rank_municipal": 757, "pct_acum_LN_mun": 100.0}}, {"type": "Feature", "geometry": {"type": "Polygon", "coordinates": [[[-97.56800931015792, 19.28173019998167], [-97.56754511982673, 19.281743200442182], [-97.56708219994715, 19.28175546009052], [-97.56719471986254, 19.281354719989242], [-97.56732540043294, 19.28089394968418], [-97.56826018021235, 19.280861090336273], [-97.56800931015792, 19.28173019998167]]]}, "properties": {"CVEGEO": "2110800350133012", "CVE_LOC": "0035", "AGEB": "0133", "MZA": "012", "SECCION": 882, "POBTOT": 0, "P18YMAS": 0, "P18YMAS_H": 0, "P18YMAS_M": 0, "P18A24": 0, "ITER_MATCH": false, "LN_total_sec": 2061, "LN_H_sec": 985, "LN_M_sec": 1076, "LN_1839_sec": 1194, "LN_estimada": 13, "LN_H_est": 7, "LN_M_est": 7, "LN_1839_est": 8, "rank_seccion": 12, "pct_acum_sec": 7.57, "prioridad_50": true, "prioridad_80": true, "rank_municipal": 499, "pct_acum_LN_mun": 82.29}}, {"type": "Feature", "geometry": {"type": "Polygon", "coordinates": [[[-97.56707311002596, 19.281848879755692], [-97.56748691032567, 19.281837029684148], [-97.56797049032555, 19.281814430007678], [-97.56773687981466, 19.282686250083113], [-97.56683984963162, 19.28270161977818], [-97.56694582966608, 19.28230696974676], [-97.56707311002596, 19.281848879755692]]]}, "properties": {"CVEGEO": "2110800350133011", "CVE_LOC": "0035", "AGEB": "0133", "MZA": "011", "SECCION": 882, "POBTOT": 0, "P18YMAS": 0, "P18YMAS_H": 0, "P18YMAS_M": 0, "P18A24": 0, "ITER_MATCH": false, "LN_total_sec": 2061, "LN_H_sec": 985, "LN_M_sec": 1076, "LN_1839_sec": 1194, "LN_estimada": 13, "LN_H_est": 7, "LN_M_est": 7, "LN_1839_est": 8, "rank_seccion": 13, "pct_acum_sec": 8.2, "prioridad_50": true, "prioridad_80": true, "rank_municipal": 500, "pct_acum_LN_mun": 82.37}}, {"type": "Feature", "geometry": {"type": "Polygon", "coordinates": [[[-97.56761774956077, 19.283143380363523], [-97.56697337961499, 19.282788740266543], [-97.5676960902583, 19.28275460034523], [-97.56761774956077, 19.283143380363523]]]}, "properties": {"CVEGEO": "2110800350133010", "CVE_LOC": "0035", "AGEB": "0133", "MZA": "010", "SECCION": 882, "POBTOT": 0, "P18YMAS": 0, "P18YMAS_H": 0, "P18YMAS_M": 0, "P18A24": 0, "ITER_MATCH": false, "LN_total_sec": 2061, "LN_H_sec": 985, "LN_M_sec": 1076, "LN_1839_sec": 1194, "LN_estimada": 13, "LN_H_est": 7, "LN_M_est": 7, "LN_1839_est": 8, "rank_seccion": 14, "pct_acum_sec": 8.83, "prioridad_50": true, "prioridad_80": true, "rank_municipal": 501, "pct_acum_LN_mun": 82.46}}, {"type": "Feature", "geometry": {"type": "Polygon", "coordinates": [[[-97.56877917030012, 19.282704140365198], [-97.56853191046254, 19.2836053398197], [-97.56770800040492, 19.283202320203184], [-97.56779735015688, 19.282745289896475], [-97.56877917030012, 19.282704140365198]]]}, "properties": {"CVEGEO": "2110800350133009", "CVE_LOC": "0035", "AGEB": "0133", "MZA": "009", "SECCION": 882, "POBTOT": 0, "P18YMAS": 0, "P18YMAS_H": 0, "P18YMAS_M": 0, "P18A24": 0, "ITER_MATCH": false, "LN_total_sec": 2061, "LN_H_sec": 985, "LN_M_sec": 1076, "LN_1839_sec": 1194, "LN_estimada": 13, "LN_H_est": 7, "LN_M_est": 7, "LN_1839_est": 8, "rank_seccion": 15, "pct_acum_sec": 9.46, "prioridad_50": true, "prioridad_80": true, "rank_municipal": 502, "pct_acum_LN_mun": 82.55}}, {"type": "Feature", "geometry": {"type": "Polygon", "coordinates": [[[-97.53655385955746, 19.263739380027108], [-97.53670288973572, 19.264152890068868], [-97.53388213969441, 19.26399335017168], [-97.53388368953648, 19.263929080408097], [-97.53436115009822, 19.263727170117836], [-97.53454883043167, 19.263656750337162], [-97.53655385955746, 19.263739380027108]]]}, "properties": {"CVEGEO": "2110800320133046", "CVE_LOC": "0032", "AGEB": "0133", "MZA": "046", "SECCION": 882, "POBTOT": 0, "P18YMAS": 0, "P18YMAS_H": 0, "P18YMAS_M": 0, "P18A24": 0, "ITER_MATCH": false, "LN_total_sec": 2061, "LN_H_sec": 985, "LN_M_sec": 1076, "LN_1839_sec": 1194, "LN_estimada": 13, "LN_H_est": 7, "LN_M_est": 7, "LN_1839_est": 8, "rank_seccion": 16, "pct_acum_sec": 10.09, "prioridad_50": true, "prioridad_80": true, "rank_municipal": 503, "pct_acum_LN_mun": 82.64}}, {"type": "Feature", "geometry": {"type": "Polygon", "coordinates": [[[-97.53212184952002, 19.26949671016165], [-97.53193251027716, 19.269195690052925], [-97.53178597025517, 19.268981490264693], [-97.53161328004823, 19.26878505981599], [-97.5313943999627, 19.26861683036221], [-97.53114168964933, 19.268536229817762], [-97.53090834960595, 19.26850307959048], [-97.53100825976918, 19.268418659864636], [-97.53115094959779, 19.268267710279666], [-97.53131922964863, 19.267991110141914], [-97.53151052033317, 19.26777000005098], [-97.53165805966782, 19.267683550375878], [-97.53187958009491, 19.26762594013285], [-97.53195622025268, 19.267895539863616], [-97.5320289095441, 19.268393089847343], [-97.53209929026463, 19.26877682993118], [-97.53226864967073, 19.26940622025314], [-97.53238107980485, 19.269850220194765], [-97.53212184952002, 19.26949671016165]]]}, "properties": {"CVEGEO": "2110800320133045", "CVE_LOC": "0032", "AGEB": "0133", "MZA": "045", "SECCION": 882, "POBTOT": 0, "P18YMAS": 0, "P18YMAS_H": 0, "P18YMAS_M": 0, "P18A24": 0, "ITER_MATCH": false, "LN_total_sec": 2061, "LN_H_sec": 985, "LN_M_sec": 1076, "LN_1839_sec": 1194, "LN_estimada": 13, "LN_H_est": 7, "LN_M_est": 7, "LN_1839_est": 8, "rank_seccion": 17, "pct_acum_sec": 10.72, "prioridad_50": true, "prioridad_80": true, "rank_municipal": 504, "pct_acum_LN_mun": 82.72}}, {"type": "Feature", "geometry": {"type": "Polygon", "coordinates": [[[-97.53594625959921, 19.26825071028323], [-97.53587434961234, 19.268248660137385], [-97.5358841400961, 19.267638260041736], [-97.53640295028286, 19.267665400406933], [-97.536402120344, 19.267639249677664], [-97.53640159989625, 19.267606540300626], [-97.53588160025416, 19.26758195036741], [-97.53591190978554, 19.2669780600601], [-97.53664070997372, 19.267043199970892], [-97.53663148029281, 19.267681399943154], [-97.53715074005173, 19.267705079976952], [-97.53711710976886, 19.268306649622918], [-97.53663034006989, 19.26824059995418], [-97.53594625959921, 19.26825071028323]]]}, "properties": {"CVEGEO": "2110800320133044", "CVE_LOC": "0032", "AGEB": "0133", "MZA": "044", "SECCION": 882, "POBTOT": 0, "P18YMAS": 0, "P18YMAS_H": 0, "P18YMAS_M": 0, "P18A24": 0, "ITER_MATCH": false, "LN_total_sec": 2061, "LN_H_sec": 985, "LN_M_sec": 1076, "LN_1839_sec": 1194, "LN_estimada": 13, "LN_H_est": 7, "LN_M_est": 7, "LN_1839_est": 8, "rank_seccion": 18, "pct_acum_sec": 11.35, "prioridad_50": true, "prioridad_80": true, "rank_municipal": 505, "pct_acum_LN_mun": 82.81}}, {"type": "Feature", "geometry": {"type": "Polygon", "coordinates": [[[-97.5549447397596, 19.243448939834675], [-97.5557334195826, 19.243369750384954], [-97.55582088973337, 19.244497999674245], [-97.55503149044725, 19.24456565025171], [-97.5549447397596, 19.243448939834675]]]}, "properties": {"CVEGEO": "2110800250133008", "CVE_LOC": "0025", "AGEB": "0133", "MZA": "008", "SECCION": 882, "POBTOT": 0, "P18YMAS": 0, "P18YMAS_H": 0, "P18YMAS_M": 0, "P18A24": 0, "ITER_MATCH": false, "LN_total_sec": 2061, "LN_H_sec": 985, "LN_M_sec": 1076, "LN_1839_sec": 1194, "LN_estimada": 13, "LN_H_est": 7, "LN_M_est": 7, "LN_1839_est": 8, "rank_seccion": 19, "pct_acum_sec": 11.98, "prioridad_50": true, "prioridad_80": true, "rank_municipal": 506, "pct_acum_LN_mun": 82.9}}, {"type": "Feature", "geometry": {"type": "Polygon", "coordinates": [[[-97.65157310971976, 19.369580689890892], [-97.65164642029396, 19.36959142045013], [-97.65173219986437, 19.369628320351886], [-97.65177586022283, 19.369678050188313], [-97.65182942025871, 19.369706950325863], [-97.65182522020334, 19.36976391034286], [-97.651882320445, 19.369798909759652], [-97.65188946029706, 19.370037429753626], [-97.65200542986398, 19.37011146019384], [-97.65205615027244, 19.370177259954634], [-97.65214097977552, 19.370369140323767], [-97.65211954026351, 19.370660380447973], [-97.65225231979097, 19.371150049912323], [-97.65243973956855, 19.371176140391412], [-97.65249431966967, 19.371273420400414], [-97.65249146027432, 19.37131225013674], [-97.65245671040806, 19.371500779936444], [-97.65237694047, 19.371436259693574], [-97.6521516895436, 19.371235630367952], [-97.65190016955422, 19.371007920239958], [-97.65113591971348, 19.370449290382982], [-97.65146530952644, 19.370042309939016], [-97.65104840003374, 19.36979079969963], [-97.65129526009818, 19.36949913981919], [-97.65157310971976, 19.369580689890892]]]}, "properties": {"CVEGEO": "211080008010A075", "CVE_LOC": "0008", "AGEB": "010A", "MZA": "075", "SECCION": 875, "POBTOT": 0, "P18YMAS": 0, "P18YMAS_H": 0, "P18YMAS_M": 0, "P18A24": 0, "ITER_MATCH": false, "LN_total_sec": 1680, "LN_H_sec": 825, "LN_M_sec": 855, "LN_1839_sec": 803, "LN_estimada": 0, "LN_H_est": 0, "LN_M_est": 0, "LN_1839_est": 0, "rank_seccion": 60, "pct_acum_sec": 100.0, "prioridad_50": false, "prioridad_80": false, "rank_municipal": 758, "pct_acum_LN_mun": 100.0}}, {"type": "Feature", "geometry": {"type": "Polygon", "coordinates": [[[-97.65185914995995, 19.37163232037606], [-97.6517009498776, 19.371841779678984], [-97.6516141401471, 19.371969909972158], [-97.6514836796612, 19.371863420196654], [-97.6513317497756, 19.37168250975666], [-97.6515760303029, 19.371411019917016], [-97.65185914995995, 19.37163232037606]]]}, "properties": {"CVEGEO": "211080008010A073", "CVE_LOC": "0008", "AGEB": "010A", "MZA": "073", "SECCION": 875, "POBTOT": 0, "P18YMAS": 0, "P18YMAS_H": 0, "P18YMAS_M": 0, "P18A24": 0, "ITER_MATCH": false, "LN_total_sec": 1680, "LN_H_sec": 825, "LN_M_sec": 855, "LN_1839_sec": 803, "LN_estimada": 0, "LN_H_est": 0, "LN_M_est": 0, "LN_1839_est": 0, "rank_seccion": 61, "pct_acum_sec": 100.0, "prioridad_50": false, "prioridad_80": false, "rank_municipal": 759, "pct_acum_LN_mun": 100.0}}, {"type": "Feature", "geometry": {"type": "Polygon", "coordinates": [[[-97.63790900014205, 19.409452690419815], [-97.63823717033893, 19.4097122798454], [-97.6379741096451, 19.409999970005742], [-97.63764159997255, 19.40975605966221], [-97.63790900014205, 19.409452690419815]]]}, "properties": {"CVEGEO": "211080005010A041", "CVE_LOC": "0005", "AGEB": "010A", "MZA": "041", "SECCION": 876, "POBTOT": 0, "P18YMAS": 0, "P18YMAS_H": 0, "P18YMAS_M": 0, "P18A24": 0, "ITER_MATCH": false, "LN_total_sec": 1428, "LN_H_sec": 662, "LN_M_sec": 766, "LN_1839_sec": 812, "LN_estimada": 16, "LN_H_est": 8, "LN_M_est": 9, "LN_1839_est": 10, "rank_seccion": 5, "pct_acum_sec": 5.88, "prioridad_50": true, "prioridad_80": true, "rank_municipal": 348, "pct_acum_LN_mun": 66.7}}, {"type": "Feature", "geometry": {"type": "Polygon", "coordinates": [[[-97.63713706013985, 19.408234310120207], [-97.63743691966638, 19.408470429868355], [-97.6373076903682, 19.408606879895068], [-97.6371793095595, 19.408752549820573], [-97.63688598021861, 19.408513629627176], [-97.63701328005563, 19.408374889967156], [-97.63713706013985, 19.408234310120207]]]}, "properties": {"CVEGEO": "211080005010A006", "CVE_LOC": "0005", "AGEB": "010A", "MZA": "006", "SECCION": 876, "POBTOT": 0, "P18YMAS": 0, "P18YMAS_H": 0, "P18YMAS_M": 0, "P18A24": 0, "ITER_MATCH": false, "LN_total_sec": 1428, "LN_H_sec": 662, "LN_M_sec": 766, "LN_1839_sec": 812, "LN_estimada": 16, "LN_H_est": 8, "LN_M_est": 9, "LN_1839_est": 10, "rank_seccion": 6, "pct_acum_sec": 7.0, "prioridad_50": true, "prioridad_80": true, "rank_municipal": 349, "pct_acum_LN_mun": 66.8}}, {"type": "Feature", "geometry": {"type": "Polygon", "coordinates": [[[-97.63759909013613, 19.40648580045393], [-97.63769369001766, 19.406570079684062], [-97.63779592045064, 19.406661280181012], [-97.63769400459924, 19.406772974436016], [-97.63741243017586, 19.407081579915765], [-97.63726431038093, 19.406971779969453], [-97.63711134021935, 19.40685511976456], [-97.63749660026689, 19.406410890376208], [-97.63759909013613, 19.40648580045393]]]}, "properties": {"CVEGEO": "211080005010A056", "CVE_LOC": "0005", "AGEB": "010A", "MZA": "056", "SECCION": 876, "POBTOT": 0, "P18YMAS": 0, "P18YMAS_H": 0, "P18YMAS_M": 0, "P18A24": 0, "ITER_MATCH": false, "LN_total_sec": 1428, "LN_H_sec": 662, "LN_M_sec": 766, "LN_1839_sec": 812, "LN_estimada": 16, "LN_H_est": 8, "LN_M_est": 9, "LN_1839_est": 10, "rank_seccion": 7, "pct_acum_sec": 8.12, "prioridad_50": true, "prioridad_80": true, "rank_municipal": 350, "pct_acum_LN_mun": 66.91}}, {"type": "Feature", "geometry": {"type": "Polygon", "coordinates": [[[-97.63956388954063, 19.40622223010387], [-97.63985725022818, 19.406510619568955], [-97.63960140042524, 19.406779969778434], [-97.63927049007738, 19.40653055003615], [-97.63956388954063, 19.40622223010387]]]}, "properties": {"CVEGEO": "211080005010A085", "CVE_LOC": "0005", "AGEB": "010A", "MZA": "085", "SECCION": 876, "POBTOT": 0, "P18YMAS": 0, "P18YMAS_H": 0, "P18YMAS_M": 0, "P18A24": 0, "ITER_MATCH": false, "LN_total_sec": 1428, "LN_H_sec": 662, "LN_M_sec": 766, "LN_1839_sec": 812, "LN_estimada": 16, "LN_H_est": 8, "LN_M_est": 9, "LN_1839_est": 10, "rank_seccion": 8, "pct_acum_sec": 9.24, "prioridad_50": true, "prioridad_80": true, "rank_municipal": 351, "pct_acum_LN_mun": 67.02}}, {"type": "Feature", "geometry": {"type": "Polygon", "coordinates": [[[-97.63623605037459, 19.409885140291905], [-97.63655837018763, 19.41015571975285], [-97.6362954002566, 19.410467749639817], [-97.63595422001819, 19.410189089877914], [-97.63623605037459, 19.409885140291905]]]}, "properties": {"CVEGEO": "211080005010A026", "CVE_LOC": "0005", "AGEB": "010A", "MZA": "026", "SECCION": 876, "POBTOT": 0, "P18YMAS": 0, "P18YMAS_H": 0, "P18YMAS_M": 0, "P18A24": 0, "ITER_MATCH": false, "LN_total_sec": 1428, "LN_H_sec": 662, "LN_M_sec": 766, "LN_1839_sec": 812, "LN_estimada": 16, "LN_H_est": 8, "LN_M_est": 9, "LN_1839_est": 10, "rank_seccion": 9, "pct_acum_sec": 10.36, "prioridad_50": true, "prioridad_80": true, "rank_municipal": 352, "pct_acum_LN_mun": 67.13}}, {"type": "Feature", "geometry": {"type": "Polygon", "coordinates": [[[-97.63961604968866, 19.406187200006233], [-97.63987557009621, 19.405922419929624], [-97.64021604988373, 19.40616743000339], [-97.63990577966342, 19.406463540021846], [-97.63961604968866, 19.406187200006233]]]}, "properties": {"CVEGEO": "211080005010A086", "CVE_LOC": "0005", "AGEB": "010A", "MZA": "086", "SECCION": 876, "POBTOT": 0, "P18YMAS": 0, "P18YMAS_H": 0, "P18YMAS_M": 0, "P18A24": 0, "ITER_MATCH": false, "LN_total_sec": 1428, "LN_H_sec": 662, "LN_M_sec": 766, "LN_1839_sec": 812, "LN_estimada": 16, "LN_H_est": 8, "LN_M_est": 9, "LN_1839_est": 10, "rank_seccion": 10, "pct_acum_sec": 11.48, "prioridad_50": true, "prioridad_80": true, "rank_municipal": 353, "pct_acum_LN_mun": 67.24}}, {"type": "Feature", "geometry": {"type": "Polygon", "coordinates": [[[-97.63706153971559, 19.40758541992039], [-97.63720265010434, 19.407681429842082], [-97.63738315026936, 19.40781534969243], [-97.6372465399346, 19.407964909693177], [-97.63712051013768, 19.40810147994786], [-97.63682219960351, 19.407862230128583], [-97.63694767966032, 19.407722400262536], [-97.63706153971559, 19.40758541992039]]]}, "properties": {"CVEGEO": "211080005010A018", "CVE_LOC": "0005", "AGEB": "010A", "MZA": "018", "SECCION": 876, "POBTOT": 0, "P18YMAS": 0, "P18YMAS_H": 0, "P18YMAS_M": 0, "P18A24": 0, "ITER_MATCH": false, "LN_total_sec": 1428, "LN_H_sec": 662, "LN_M_sec": 766, "LN_1839_sec": 812, "LN_estimada": 16, "LN_H_est": 8, "LN_M_est": 9, "LN_1839_est": 10, "rank_seccion": 11, "pct_acum_sec": 12.61, "prioridad_50": true, "prioridad_80": true, "rank_municipal": 354, "pct_acum_LN_mun": 67.34}}, {"type": "Feature", "geometry": {"type": "Polygon", "coordinates": [[[-97.6139529199596, 19.383348349756382], [-97.61359123005099, 19.383170690313555], [-97.61396858021658, 19.382485230323333], [-97.61433249010034, 19.382670749913153], [-97.6139529199596, 19.383348349756382]]]}, "properties": {"CVEGEO": "2110800010167007", "CVE_LOC": "0001", "AGEB": "0167", "MZA": "007", "SECCION": 877, "POBTOT": 15, "P18YMAS": 8, "P18YMAS_H": 4, "P18YMAS_M": 4, "P18A24": 0, "ITER_MATCH": true, "LN_total_sec": 3745, "LN_H_sec": 1798, "LN_M_sec": 1947, "LN_1839_sec": 2000, "LN_estimada": 12, "LN_H_est": 6, "LN_M_est": 6, "LN_1839_est": 6, "rank_seccion": 126, "pct_acum_sec": 94.87, "prioridad_50": false, "prioridad_80": false, "rank_municipal": 643, "pct_acum_LN_mun": 94.89}}, {"type": "Feature", "geometry": {"type": "Polygon", "coordinates": [[[-97.61460599958318, 19.383199000328865], [-97.61439928980722, 19.38355460019107], [-97.61403892018849, 19.383385400442428], [-97.61442399981208, 19.382701999915643], [-97.61478899995049, 19.38288600014897], [-97.61460599958318, 19.383199000328865]]]}, "properties": {"CVEGEO": "2110800010167019", "CVE_LOC": "0001", "AGEB": "0167", "MZA": "019", "SECCION": 877, "POBTOT": 1, "P18YMAS": 0, "P18YMAS_H": 0, "P18YMAS_M": 0, "P18A24": 0, "ITER_MATCH": true, "LN_total_sec": 3745, "LN_H_sec": 1798, "LN_M_sec": 1947, "LN_1839_sec": 2000, "LN_estimada": 0, "LN_H_est": 0, "LN_M_est": 0, "LN_1839_est": 0, "rank_seccion": 149, "pct_acum_sec": 100.0, "prioridad_50": false, "prioridad_80": false, "rank_municipal": 760, "pct_acum_LN_mun": 100.0}}, {"type": "Feature", "geometry": {"type": "Polygon", "coordinates": [[[-97.61409151960943, 19.38017799971937], [-97.61396436983114, 19.380046829675575], [-97.61385373965238, 19.379895599646968], [-97.61401132048108, 19.379604169692627], [-97.61437425974927, 19.379801429966218], [-97.61413430979914, 19.38020114007852], [-97.61409151960943, 19.38017799971937]]]}, "properties": {"CVEGEO": "2110800010167012", "CVE_LOC": "0001", "AGEB": "0167", "MZA": "012", "SECCION": 877, "POBTOT": 12, "P18YMAS": 0, "P18YMAS_H": 0, "P18YMAS_M": 0, "P18A24": 0, "ITER_MATCH": true, "LN_total_sec": 3745, "LN_H_sec": 1798, "LN_M_sec": 1947, "LN_1839_sec": 2000, "LN_estimada": 0, "LN_H_est": 0, "LN_M_est": 0, "LN_1839_est": 0, "rank_seccion": 150, "pct_acum_sec": 100.0, "prioridad_50": false, "prioridad_80": false, "rank_municipal": 761, "pct_acum_LN_mun": 100.0}}, {"type": "Feature", "geometry": {"type": "Polygon", "coordinates": [[[-97.5384729696135, 19.339869919675134], [-97.53834111016394, 19.34004730995444], [-97.5375517196847, 19.33948106038213], [-97.5380555397517, 19.338883309870845], [-97.5384460904544, 19.339144940340127], [-97.53881008990734, 19.339418309598035], [-97.53858844999691, 19.339717479619168], [-97.5384729696135, 19.339869919675134]]]}, "properties": {"CVEGEO": "2110800030114013", "CVE_LOC": "0003", "AGEB": "0114", "MZA": "013", "SECCION": 881, "POBTOT": 0, "P18YMAS": 0, "P18YMAS_H": 0, "P18YMAS_M": 0, "P18A24": 0, "ITER_MATCH": false, "LN_total_sec": 1115, "LN_H_sec": 551, "LN_M_sec": 564, "LN_1839_sec": 548, "LN_estimada": 22, "LN_H_est": 11, "LN_M_est": 11, "LN_1839_est": 11, "rank_seccion": 7, "pct_acum_sec": 13.81, "prioridad_50": true, "prioridad_80": true, "rank_municipal": 216, "pct_acum_LN_mun": 49.04}}, {"type": "Feature", "geometry": {"type": "Polygon", "coordinates": [[[-97.61528742031163, 19.380225170461074], [-97.6157951199753, 19.379400419674607], [-97.61622779986439, 19.379461380227255], [-97.61566651024069, 19.380428079986913], [-97.61528742031163, 19.380225170461074]]]}, "properties": {"CVEGEO": "2110800010167015", "CVE_LOC": "0001", "AGEB": "0167", "MZA": "015", "SECCION": 877, "POBTOT": 36, "P18YMAS": 16, "P18YMAS_H": 8, "P18YMAS_M": 8, "P18A24": 0, "ITER_MATCH": true, "LN_total_sec": 3745, "LN_H_sec": 1798, "LN_M_sec": 1947, "LN_1839_sec": 2000, "LN_estimada": 24, "LN_H_est": 12, "LN_M_est": 13, "LN_1839_est": 13, "rank_seccion": 72, "pct_acum_sec": 69.21, "prioridad_50": false, "prioridad_80": true, "rank_municipal": 188, "pct_acum_LN_mun": 44.67}}, {"type": "Feature", "geometry": {"type": "Polygon", "coordinates": [[[-97.61503311015258, 19.380669020337027], [-97.61524948965996, 19.38030691007814], [-97.6156057198181, 19.38050408965288], [-97.61540151989298, 19.38085847991137], [-97.61503311015258, 19.380669020337027]]]}, "properties": {"CVEGEO": "2110800010167040", "CVE_LOC": "0001", "AGEB": "0167", "MZA": "040", "SECCION": 877, "POBTOT": 18, "P18YMAS": 11, "P18YMAS_H": 4, "P18YMAS_M": 7, "P18A24": 0, "ITER_MATCH": true, "LN_total_sec": 3745, "LN_H_sec": 1798, "LN_M_sec": 1947, "LN_1839_sec": 2000, "LN_estimada": 17, "LN_H_est": 8, "LN_M_est": 9, "LN_1839_est": 9, "rank_seccion": 99, "pct_acum_sec": 84.11, "prioridad_50": false, "prioridad_80": false, "rank_municipal": 325, "pct_acum_LN_mun": 64.07}}, {"type": "Feature", "geometry": {"type": "Polygon", "coordinates": [[[-97.61481445020989, 19.3810613999561], [-97.61500960024715, 19.380719079911515], [-97.61537881979923, 19.3809066197718], [-97.61518166042192, 19.38124525015939], [-97.61481445020989, 19.3810613999561]]]}, "properties": {"CVEGEO": "2110800010167005", "CVE_LOC": "0001", "AGEB": "0167", "MZA": "005", "SECCION": 877, "POBTOT": 20, "P18YMAS": 14, "P18YMAS_H": 7, "P18YMAS_M": 7, "P18A24": 4, "ITER_MATCH": true, "LN_total_sec": 3745, "LN_H_sec": 1798, "LN_M_sec": 1947, "LN_1839_sec": 2000, "LN_estimada": 21, "LN_H_est": 10, "LN_M_est": 11, "LN_1839_est": 11, "rank_seccion": 79, "pct_acum_sec": 73.54, "prioridad_50": false, "prioridad_80": true, "rank_municipal": 260, "pct_acum_LN_mun": 55.55}}, {"type": "Feature", "geometry": {"type": "Polygon", "coordinates": [[[-97.61222678035098, 19.37976577959589], [-97.61189134999928, 19.38033721974608], [-97.6115389098856, 19.380158919777678], [-97.61186556956137, 19.3795840797039], [-97.6118957995256, 19.379599290326713], [-97.61222678035098, 19.37976577959589]]]}, "properties": {"CVEGEO": "2110800010171056", "CVE_LOC": "0001", "AGEB": "0171", "MZA": "056", "SECCION": 877, "POBTOT": 34, "P18YMAS": 24, "P18YMAS_H": 13, "P18YMAS_M": 11, "P18A24": 7, "ITER_MATCH": true, "LN_total_sec": 3745, "LN_H_sec": 1798, "LN_M_sec": 1947, "LN_1839_sec": 2000, "LN_estimada": 36, "LN_H_est": 17, "LN_M_est": 19, "LN_1839_est": 19, "rank_seccion": 27, "pct_acum_sec": 32.92, "prioridad_50": true, "prioridad_80": true, "rank_municipal": 62, "pct_acum_LN_mun": 19.5}}, {"type": "Feature", "geometry": {"type": "Polygon", "coordinates": [[[-97.61104049010844, 19.37992942956598], [-97.6107092497466, 19.379760919744307], [-97.61104977027995, 19.37915751006081], [-97.61139495040607, 19.37933965984867], [-97.61104049010844, 19.37992942956598]]]}, "properties": {"CVEGEO": "2110800010171055", "CVE_LOC": "0001", "AGEB": "0171", "MZA": "055", "SECCION": 877, "POBTOT": 14, "P18YMAS": 9, "P18YMAS_H": 5, "P18YMAS_M": 4, "P18A24": 3, "ITER_MATCH": true, "LN_total_sec": 3745, "LN_H_sec": 1798, "LN_M_sec": 1947, "LN_1839_sec": 2000, "LN_estimada": 13, "LN_H_est": 7, "LN_M_est": 7, "LN_1839_est": 7, "rank_seccion": 120, "pct_acum_sec": 92.84, "prioridad_50": false, "prioridad_80": false, "rank_municipal": 507, "pct_acum_LN_mun": 82.99}}, {"type": "Feature", "geometry": {"type": "Polygon", "coordinates": [[[-97.61082525957188, 19.380327829837377], [-97.61044809015438, 19.380160820215952], [-97.61064085041363, 19.379821889758706], [-97.61102130967839, 19.379988979925223], [-97.61082525957188, 19.380327829837377]]]}, "properties": {"CVEGEO": "2110800010171003", "CVE_LOC": "0001", "AGEB": "0171", "MZA": "003", "SECCION": 877, "POBTOT": 6, "P18YMAS": 0, "P18YMAS_H": 0, "P18YMAS_M": 0, "P18A24": 0, "ITER_MATCH": true, "LN_total_sec": 3745, "LN_H_sec": 1798, "LN_M_sec": 1947, "LN_1839_sec": 2000, "LN_estimada": 0, "LN_H_est": 0, "LN_M_est": 0, "LN_1839_est": 0, "rank_seccion": 151, "pct_acum_sec": 100.0, "prioridad_50": false, "prioridad_80": false, "rank_municipal": 762, "pct_acum_LN_mun": 100.0}}, {"type": "Feature", "geometry": {"type": "Polygon", "coordinates": [[[-97.62169282044786, 19.3778931497911], [-97.62186888984169, 19.37756305966593], [-97.6219296300146, 19.37759778023415], [-97.62180293975406, 19.377948689740915], [-97.62169282044786, 19.3778931497911]]]}, "properties": {"CVEGEO": "2110800010152017", "CVE_LOC": "0001", "AGEB": "0152", "MZA": "017", "SECCION": 2747, "POBTOT": 15, "P18YMAS": 0, "P18YMAS_H": 0, "P18YMAS_M": 0, "P18A24": 0, "ITER_MATCH": true, "LN_total_sec": 923, "LN_H_sec": 421, "LN_M_sec": 502, "LN_1839_sec": 436, "LN_estimada": 0, "LN_H_est": 0, "LN_M_est": 0, "LN_1839_est": 0, "rank_seccion": 48, "pct_acum_sec": 100.0, "prioridad_50": false, "prioridad_80": false, "rank_municipal": 763, "pct_acum_LN_mun": 100.0}}, {"type": "Feature", "geometry": {"type": "Polygon", "coordinates": [[[-97.61861545047601, 19.37974975003133], [-97.61848123036745, 19.379720630285696], [-97.61863305960321, 19.379485889839785], [-97.61899394975747, 19.37966846039313], [-97.61891712029542, 19.379815230353024], [-97.61861545047601, 19.37974975003133]]]}, "properties": {"CVEGEO": "2110800010148032", "CVE_LOC": "0001", "AGEB": "0148", "MZA": "032", "SECCION": 2747, "POBTOT": 6, "P18YMAS": 6, "P18YMAS_H": 3, "P18YMAS_M": 3, "P18A24": 0, "ITER_MATCH": true, "LN_total_sec": 923, "LN_H_sec": 421, "LN_M_sec": 502, "LN_1839_sec": 436, "LN_estimada": 8, "LN_H_est": 4, "LN_M_est": 4, "LN_1839_est": 4, "rank_seccion": 42, "pct_acum_sec": 99.13, "prioridad_50": false, "prioridad_80": false, "rank_municipal": 706, "pct_acum_LN_mun": 99.55}}, {"type": "Feature", "geometry": {"type": "Polygon", "coordinates": [[[-97.61899282956236, 19.37980970977039], [-97.61905997005957, 19.37969143001374], [-97.61934748983657, 19.379851999800458], [-97.61899282956236, 19.37980970977039]]]}, "properties": {"CVEGEO": "2110800010148031", "CVE_LOC": "0001", "AGEB": "0148", "MZA": "031", "SECCION": 2747, "POBTOT": 3, "P18YMAS": 0, "P18YMAS_H": 0, "P18YMAS_M": 0, "P18A24": 0, "ITER_MATCH": true, "LN_total_sec": 923, "LN_H_sec": 421, "LN_M_sec": 502, "LN_1839_sec": 436, "LN_estimada": 0, "LN_H_est": 0, "LN_M_est": 0, "LN_1839_est": 0, "rank_seccion": 49, "pct_acum_sec": 100.0, "prioridad_50": false, "prioridad_80": false, "rank_municipal": 764, "pct_acum_LN_mun": 100.0}}, {"type": "Feature", "geometry": {"type": "Polygon", "coordinates": [[[-97.61956302954891, 19.378867419673824], [-97.61975459981842, 19.37854955021295], [-97.61981892014748, 19.378579120291892], [-97.6198848797953, 19.37860945028404], [-97.61998868995558, 19.378657149796343], [-97.62005560040414, 19.378735650451087], [-97.61998484989388, 19.37889123023643], [-97.61996690987573, 19.378930740320648], [-97.61994891988707, 19.37897022992213], [-97.61993094991823, 19.379009750014426], [-97.61993029038487, 19.3790112200729], [-97.61991188963943, 19.379051690249938], [-97.61956302954891, 19.378867419673824]]]}, "properties": {"CVEGEO": "2110800010148011", "CVE_LOC": "0001", "AGEB": "0148", "MZA": "011", "SECCION": 2747, "POBTOT": 60, "P18YMAS": 42, "P18YMAS_H": 15, "P18YMAS_M": 27, "P18A24": 12, "ITER_MATCH": true, "LN_total_sec": 923, "LN_H_sec": 421, "LN_M_sec": 502, "LN_1839_sec": 436, "LN_estimada": 55, "LN_H_est": 25, "LN_M_est": 30, "LN_1839_est": 26, "rank_seccion": 1, "pct_acum_sec": 5.96, "prioridad_50": true, "prioridad_80": true, "rank_municipal": 11, "pct_acum_LN_mun": 4.5}}, {"type": "Feature", "geometry": {"type": "Polygon", "coordinates": [[[-97.6203547797409, 19.37254598029153], [-97.6205378302333, 19.37222094982973], [-97.62089948033035, 19.3724097101353], [-97.6207150598663, 19.372732370186966], [-97.6203547797409, 19.37254598029153]]]}, "properties": {"CVEGEO": "2110800010082006", "CVE_LOC": "0001", "AGEB": "0082", "MZA": "006", "SECCION": 879, "POBTOT": 16, "P18YMAS": 11, "P18YMAS_H": 5, "P18YMAS_M": 6, "P18A24": 3, "ITER_MATCH": true, "LN_total_sec": 1640, "LN_H_sec": 768, "LN_M_sec": 872, "LN_1839_sec": 820, "LN_estimada": 15, "LN_H_est": 7, "LN_M_est": 8, "LN_1839_est": 8, "rank_seccion": 53, "pct_acum_sec": 81.95, "prioridad_50": false, "prioridad_80": false, "rank_municipal": 444, "pct_acum_LN_mun": 77.04}}, {"type": "Feature", "geometry": {"type": "Polygon", "coordinates": [[[-97.62074577984788, 19.3722675199152], [-97.62056157016657, 19.37217126010302], [-97.62078482960601, 19.37177845021578], [-97.62115595011608, 19.371977799765034], [-97.62092928984052, 19.372363450151777], [-97.62074577984788, 19.3722675199152]]]}, "properties": {"CVEGEO": "2110800010082005", "CVE_LOC": "0001", "AGEB": "0082", "MZA": "005", "SECCION": 879, "POBTOT": 16, "P18YMAS": 11, "P18YMAS_H": 5, "P18YMAS_M": 6, "P18A24": 3, "ITER_MATCH": true, "LN_total_sec": 1640, "LN_H_sec": 768, "LN_M_sec": 872, "LN_1839_sec": 820, "LN_estimada": 15, "LN_H_est": 7, "LN_M_est": 8, "LN_1839_est": 8, "rank_seccion": 54, "pct_acum_sec": 82.87, "prioridad_50": false, "prioridad_80": false, "rank_municipal": 445, "pct_acum_LN_mun": 77.14}}, {"type": "Feature", "geometry": {"type": "Polygon", "coordinates": [[[-97.62014509027645, 19.371951890133307], [-97.62037517038213, 19.37154671002733], [-97.62073524982402, 19.37174417974021], [-97.62051925970518, 19.37214697004687], [-97.62014509027645, 19.371951890133307]]]}, "properties": {"CVEGEO": "2110800010082004", "CVE_LOC": "0001", "AGEB": "0082", "MZA": "004", "SECCION": 879, "POBTOT": 8, "P18YMAS": 0, "P18YMAS_H": 0, "P18YMAS_M": 0, "P18A24": 0, "ITER_MATCH": true, "LN_total_sec": 1640, "LN_H_sec": 768, "LN_M_sec": 872, "LN_1839_sec": 820, "LN_estimada": 0, "LN_H_est": 0, "LN_M_est": 0, "LN_1839_est": 0, "rank_seccion": 100, "pct_acum_sec": 100.0, "prioridad_50": false, "prioridad_80": false, "rank_municipal": 765, "pct_acum_LN_mun": 100.0}}, {"type": "Feature", "geometry": {"type": "Polygon", "coordinates": [[[-97.61972071019552, 19.37173573961731], [-97.61995078007008, 19.37133054996432], [-97.62031086026184, 19.37152801978967], [-97.62010702021071, 19.371908139848873], [-97.62009484979745, 19.37193081970383], [-97.61972071019552, 19.37173573961731]]]}, "properties": {"CVEGEO": "2110800010082003", "CVE_LOC": "0001", "AGEB": "0082", "MZA": "003", "SECCION": 879, "POBTOT": 32, "P18YMAS": 19, "P18YMAS_H": 7, "P18YMAS_M": 12, "P18A24": 0, "ITER_MATCH": true, "LN_total_sec": 1640, "LN_H_sec": 768, "LN_M_sec": 872, "LN_1839_sec": 820, "LN_estimada": 26, "LN_H_est": 12, "LN_M_est": 14, "LN_1839_est": 13, "rank_seccion": 22, "pct_acum_sec": 42.32, "prioridad_50": true, "prioridad_80": true, "rank_municipal": 161, "pct_acum_LN_mun": 40.06}}, {"type": "Feature", "geometry": {"type": "Polygon", "coordinates": [[[-97.61952106043933, 19.37209993956927], [-97.61970046016906, 19.371785890211758], [-97.62006311024295, 19.371974430421822], [-97.61988037998266, 19.372284769994298], [-97.61987481988518, 19.37229422992069], [-97.61952106043933, 19.37209993956927]]]}, "properties": {"CVEGEO": "2110800010082002", "CVE_LOC": "0001", "AGEB": "0082", "MZA": "002", "SECCION": 879, "POBTOT": 27, "P18YMAS": 20, "P18YMAS_H": 9, "P18YMAS_M": 11, "P18A24": 6, "ITER_MATCH": true, "LN_total_sec": 1640, "LN_H_sec": 768, "LN_M_sec": 872, "LN_1839_sec": 820, "LN_estimada": 28, "LN_H_est": 13, "LN_M_est": 15, "LN_1839_est": 14, "rank_seccion": 17, "pct_acum_sec": 34.02, "prioridad_50": true, "prioridad_80": true, "rank_municipal": 142, "pct_acum_LN_mun": 36.57}}, {"type": "Feature", "geometry": {"type": "Polygon", "coordinates": [[[-97.61993454026411, 19.372326749932697], [-97.62012437954756, 19.372006180428876], [-97.62047848992063, 19.37218919971339], [-97.62029238011938, 19.37250943008424], [-97.62029061987518, 19.372512459810594], [-97.61993454026411, 19.372326749932697]]]}, "properties": {"CVEGEO": "2110800010082001", "CVE_LOC": "0001", "AGEB": "0082", "MZA": "001", "SECCION": 879, "POBTOT": 20, "P18YMAS": 15, "P18YMAS_H": 6, "P18YMAS_M": 9, "P18A24": 0, "ITER_MATCH": true, "LN_total_sec": 1640, "LN_H_sec": 768, "LN_M_sec": 872, "LN_1839_sec": 820, "LN_estimada": 21, "LN_H_est": 10, "LN_M_est": 11, "LN_1839_est": 10, "rank_seccion": 38, "pct_acum_sec": 65.55, "prioridad_50": false, "prioridad_80": true, "rank_municipal": 261, "pct_acum_LN_mun": 55.7}}, {"type": "Feature", "geometry": {"type": "Polygon", "coordinates": [[[-97.62284002009805, 19.373399799853903], [-97.62313771961418, 19.373300179691515], [-97.62304289008621, 19.373481740308886], [-97.62284002009805, 19.373399799853903]]]}, "properties": {"CVEGEO": "2110800010078050", "CVE_LOC": "0001", "AGEB": "0078", "MZA": "050", "SECCION": 880, "POBTOT": 0, "P18YMAS": 0, "P18YMAS_H": 0, "P18YMAS_M": 0, "P18A24": 0, "ITER_MATCH": true, "LN_total_sec": 1026, "LN_H_sec": 513, "LN_M_sec": 513, "LN_1839_sec": 467, "LN_estimada": 0, "LN_H_est": 0, "LN_M_est": 0, "LN_1839_est": 0, "rank_seccion": 52, "pct_acum_sec": 100.0, "prioridad_50": false, "prioridad_80": false, "rank_municipal": 766, "pct_acum_LN_mun": 100.0}}, {"type": "Feature", "geometry": {"type": "Polygon", "coordinates": [[[-97.62163270953727, 19.37263317991559], [-97.62179599992953, 19.372886319675], [-97.6221383496982, 19.373089370436578], [-97.62266548035322, 19.37334577960352], [-97.62180970991126, 19.37362979973858], [-97.62157719982704, 19.373748219605368], [-97.62145949037041, 19.373825050199255], [-97.62134413958745, 19.373931950012974], [-97.62163270953727, 19.37263317991559]]]}, "properties": {"CVEGEO": "2110800010078049", "CVE_LOC": "0001", "AGEB": "0078", "MZA": "049", "SECCION": 879, "POBTOT": 0, "P18YMAS": 0, "P18YMAS_H": 0, "P18YMAS_M": 0, "P18A24": 0, "ITER_MATCH": true, "LN_total_sec": 1640, "LN_H_sec": 768, "LN_M_sec": 872, "LN_1839_sec": 820, "LN_estimada": 0, "LN_H_est": 0, "LN_M_est": 0, "LN_1839_est": 0, "rank_seccion": 101, "pct_acum_sec": 100.0, "prioridad_50": false, "prioridad_80": false, "rank_municipal": 767, "pct_acum_LN_mun": 100.0}}, {"type": "Feature", "geometry": {"type": "Polygon", "coordinates": [[[-97.61789064980493, 19.374890680003364], [-97.61809088025095, 19.374533919944568], [-97.61845499962183, 19.374718249832068], [-97.61825227953665, 19.375080690072675], [-97.61789064980493, 19.374890680003364]]]}, "properties": {"CVEGEO": "2110800010059002", "CVE_LOC": "0001", "AGEB": "0059", "MZA": "002", "SECCION": 878, "POBTOT": 17, "P18YMAS": 11, "P18YMAS_H": 3, "P18YMAS_M": 8, "P18A24": 0, "ITER_MATCH": true, "LN_total_sec": 1218, "LN_H_sec": 568, "LN_M_sec": 650, "LN_1839_sec": 631, "LN_estimada": 16, "LN_H_est": 7, "LN_M_est": 8, "LN_1839_est": 8, "rank_seccion": 34, "pct_acum_sec": 81.36, "prioridad_50": false, "prioridad_80": false, "rank_municipal": 355, "pct_acum_LN_mun": 67.45}}, {"type": "Feature", "geometry": {"type": "Polygon", "coordinates": [[[-97.61857682004863, 19.375222280078326], [-97.61831922976098, 19.375092000142764], [-97.61875073957353, 19.374367979656608], [-97.61951735027061, 19.374781349926653], [-97.61909246039122, 19.375483080385855], [-97.61857682004863, 19.375222280078326]]]}, "properties": {"CVEGEO": "2110800010059001", "CVE_LOC": "0001", "AGEB": "0059", "MZA": "001", "SECCION": 878, "POBTOT": 0, "P18YMAS": 0, "P18YMAS_H": 0, "P18YMAS_M": 0, "P18A24": 0, "ITER_MATCH": true, "LN_total_sec": 1218, "LN_H_sec": 568, "LN_M_sec": 650, "LN_1839_sec": 631, "LN_estimada": 0, "LN_H_est": 0, "LN_M_est": 0, "LN_1839_est": 0, "rank_seccion": 54, "pct_acum_sec": 100.0, "prioridad_50": false, "prioridad_80": false, "rank_municipal": 768, "pct_acum_LN_mun": 100.0}}, {"type": "Feature", "geometry": {"type": "Polygon", "coordinates": [[[-97.61451507953227, 19.374664829970847], [-97.61453002988863, 19.37459901973868], [-97.61482368951383, 19.374670290417228], [-97.61513794006399, 19.374767119723188], [-97.61503902965472, 19.374950769976774], [-97.61451507953227, 19.374664829970847]]]}, "properties": {"CVEGEO": "2110800010044054", "CVE_LOC": "0001", "AGEB": "0044", "MZA": "054", "SECCION": 877, "POBTOT": 5, "P18YMAS": 0, "P18YMAS_H": 0, "P18YMAS_M": 0, "P18A24": 0, "ITER_MATCH": true, "LN_total_sec": 3745, "LN_H_sec": 1798, "LN_M_sec": 1947, "LN_1839_sec": 2000, "LN_estimada": 0, "LN_H_est": 0, "LN_M_est": 0, "LN_1839_est": 0, "rank_seccion": 152, "pct_acum_sec": 100.0, "prioridad_50": false, "prioridad_80": false, "rank_municipal": 769, "pct_acum_LN_mun": 100.0}}, {"type": "Feature", "geometry": {"type": "Polygon", "coordinates": [[[-97.61535609004353, 19.379262459737983], [-97.61575972006179, 19.37855193976164], [-97.61611161965263, 19.37873442034117], [-97.61575850956648, 19.379313540356616], [-97.61535609004353, 19.379262459737983]]]}, "properties": {"CVEGEO": "2110800010044045", "CVE_LOC": "0001", "AGEB": "0044", "MZA": "045", "SECCION": 877, "POBTOT": 9, "P18YMAS": 6, "P18YMAS_H": 0, "P18YMAS_M": 5, "P18A24": 0, "ITER_MATCH": true, "LN_total_sec": 3745, "LN_H_sec": 1798, "LN_M_sec": 1947, "LN_1839_sec": 2000, "LN_estimada": 9, "LN_H_est": 4, "LN_M_est": 5, "LN_1839_est": 5, "rank_seccion": 140, "pct_acum_sec": 98.91, "prioridad_50": false, "prioridad_80": false, "rank_municipal": 699, "pct_acum_LN_mun": 99.13}}, {"type": "Feature", "geometry": {"type": "Polygon", "coordinates": [[[-97.61582538045981, 19.37932588975291], [-97.61618320038465, 19.378771889668187], [-97.61653349029031, 19.378963250402407], [-97.61641959997415, 19.37917243016047], [-97.61629777044264, 19.379396229649984], [-97.61582538045981, 19.37932588975291]]]}, "properties": {"CVEGEO": "2110800010044044", "CVE_LOC": "0001", "AGEB": "0044", "MZA": "044", "SECCION": 877, "POBTOT": 27, "P18YMAS": 19, "P18YMAS_H": 9, "P18YMAS_M": 10, "P18A24": 3, "ITER_MATCH": true, "LN_total_sec": 3745, "LN_H_sec": 1798, "LN_M_sec": 1947, "LN_1839_sec": 2000, "LN_estimada": 29, "LN_H_est": 14, "LN_M_est": 15, "LN_1839_est": 15, "rank_seccion": 56, "pct_acum_sec": 57.89, "prioridad_50": false, "prioridad_80": true, "rank_municipal": 131, "pct_acum_LN_mun": 34.44}}, {"type": "Feature", "geometry": {"type": "Polygon", "coordinates": [[[-97.61725414032982, 19.375601259621625], [-97.61701122036756, 19.375485000413065], [-97.61721074986288, 19.375124750342284], [-97.61757346038284, 19.375312449564532], [-97.61754271990722, 19.375366890219208], [-97.6175321397694, 19.375385629872028], [-97.6173771497575, 19.375660139642235], [-97.61725414032982, 19.375601259621625]]]}, "properties": {"CVEGEO": "2110800010044043", "CVE_LOC": "0001", "AGEB": "0044", "MZA": "043", "SECCION": 877, "POBTOT": 16, "P18YMAS": 12, "P18YMAS_H": 5, "P18YMAS_M": 7, "P18A24": 4, "ITER_MATCH": true, "LN_total_sec": 3745, "LN_H_sec": 1798, "LN_M_sec": 1947, "LN_1839_sec": 2000, "LN_estimada": 18, "LN_H_est": 9, "LN_M_est": 9, "LN_1839_est": 10, "rank_seccion": 95, "pct_acum_sec": 82.22, "prioridad_50": false, "prioridad_80": false, "rank_municipal": 308, "pct_acum_LN_mun": 62.05}}, {"type": "Feature", "geometry": {"type": "Polygon", "coordinates": [[[-97.6140754804371, 19.377216350085632], [-97.61412182974098, 19.376933549944326], [-97.61413906005046, 19.376834680390026], [-97.61416998008998, 19.376657180344996], [-97.61423371017929, 19.376691280238074], [-97.6144661204055, 19.37681569005671], [-97.61453925036605, 19.37685483022887], [-97.61432982043645, 19.377234340014827], [-97.61428642024919, 19.377312999980273], [-97.6140754804371, 19.377216350085632]]]}, "properties": {"CVEGEO": "2110800010044025", "CVE_LOC": "0001", "AGEB": "0044", "MZA": "025", "SECCION": 877, "POBTOT": 41, "P18YMAS": 24, "P18YMAS_H": 12, "P18YMAS_M": 12, "P18A24": 3, "ITER_MATCH": true, "LN_total_sec": 3745, "LN_H_sec": 1798, "LN_M_sec": 1947, "LN_1839_sec": 2000, "LN_estimada": 36, "LN_H_est": 17, "LN_M_est": 19, "LN_1839_est": 19, "rank_seccion": 28, "pct_acum_sec": 33.89, "prioridad_50": true, "prioridad_80": true, "rank_municipal": 63, "pct_acum_LN_mun": 19.74}}, {"type": "Feature", "geometry": {"type": "Polygon", "coordinates": [[[-97.61445165004895, 19.377392919720524], [-97.61434002030862, 19.377333969654252], [-97.61459134011352, 19.37688356984297], [-97.61493242047607, 19.377063089597247], [-97.6148082296013, 19.377277369842393], [-97.61475643003908, 19.37736674968183], [-97.61467341954945, 19.37751003041073], [-97.61445165004895, 19.377392919720524]]]}, "properties": {"CVEGEO": "2110800010044024", "CVE_LOC": "0001", "AGEB": "0044", "MZA": "024", "SECCION": 877, "POBTOT": 52, "P18YMAS": 31, "P18YMAS_H": 15, "P18YMAS_M": 16, "P18A24": 0, "ITER_MATCH": true, "LN_total_sec": 3745, "LN_H_sec": 1798, "LN_M_sec": 1947, "LN_1839_sec": 2000, "LN_estimada": 47, "LN_H_est": 22, "LN_M_est": 24, "LN_1839_est": 25, "rank_seccion": 8, "pct_acum_sec": 11.8, "prioridad_50": true, "prioridad_80": true, "rank_municipal": 27, "pct_acum_LN_mun": 9.83}}, {"type": "Feature", "geometry": {"type": "Polygon", "coordinates": [[[-97.60429691975231, 19.371537339938268], [-97.60419471980006, 19.371837800229592], [-97.6041877201202, 19.371869970422896], [-97.60402833979816, 19.372349030293904], [-97.60403185007151, 19.37239451007755], [-97.60403785045351, 19.372472350104015], [-97.60390582018692, 19.372835659801986], [-97.60367657994101, 19.373492569962373], [-97.60358863038107, 19.37341408981712], [-97.60346741953283, 19.373326650149842], [-97.60321310974032, 19.373203319987123], [-97.60281467967339, 19.37305792004334], [-97.60279983018982, 19.3730495099135], [-97.60236640013909, 19.37282917968306], [-97.60232179977116, 19.372788510263717], [-97.6022766503544, 19.37272348958073], [-97.6015041804725, 19.37224140006013], [-97.6010083096965, 19.372004200387615], [-97.60053114995344, 19.371780849576552], [-97.60020868995463, 19.371594350382896], [-97.6003585704585, 19.37137365992473], [-97.60046791018412, 19.371165139648767], [-97.6005651701241, 19.370938400226603], [-97.6005997704358, 19.37085757045009], [-97.60081574969342, 19.37039176988923], [-97.60082794011167, 19.370360090022405], [-97.60095513960859, 19.370048490437284], [-97.60100709013979, 19.369901230267647], [-97.60271840006942, 19.370629179844762], [-97.60440473986152, 19.371355660297773], [-97.60429691975231, 19.371537339938268]]]}, "properties": {"CVEGEO": "2110800850114128", "CVE_LOC": "0085", "AGEB": "0114", "MZA": "128", "SECCION": 879, "POBTOT": 0, "P18YMAS": 0, "P18YMAS_H": 0, "P18YMAS_M": 0, "P18A24": 0, "ITER_MATCH": false, "LN_total_sec": 1640, "LN_H_sec": 768, "LN_M_sec": 872, "LN_1839_sec": 820, "LN_estimada": 0, "LN_H_est": 0, "LN_M_est": 0, "LN_1839_est": 0, "rank_seccion": 102, "pct_acum_sec": 100.0, "prioridad_50": false, "prioridad_80": false, "rank_municipal": 770, "pct_acum_LN_mun": 100.0}}, {"type": "Feature", "geometry": {"type": "Polygon", "coordinates": [[[-97.59993141968597, 19.372035109941525], [-97.60013106014993, 19.37163417971184], [-97.60048662995369, 19.371814460283517], [-97.6003088495609, 19.372198339764267], [-97.59993141968597, 19.372035109941525]]]}, "properties": {"CVEGEO": "2110800850114035", "CVE_LOC": "0085", "AGEB": "0114", "MZA": "035", "SECCION": 879, "POBTOT": 0, "P18YMAS": 0, "P18YMAS_H": 0, "P18YMAS_M": 0, "P18A24": 0, "ITER_MATCH": false, "LN_total_sec": 1640, "LN_H_sec": 768, "LN_M_sec": 872, "LN_1839_sec": 820, "LN_estimada": 0, "LN_H_est": 0, "LN_M_est": 0, "LN_1839_est": 0, "rank_seccion": 103, "pct_acum_sec": 100.0, "prioridad_50": false, "prioridad_80": false, "rank_municipal": 771, "pct_acum_LN_mun": 100.0}}, {"type": "Feature", "geometry": {"type": "Polygon", "coordinates": [[[-97.6003554302603, 19.372217200240623], [-97.60053368989101, 19.371844429588275], [-97.60095557022441, 19.372049050232434], [-97.60080107970239, 19.3724083496685], [-97.6003554302603, 19.372217200240623]]]}, "properties": {"CVEGEO": "2110800850114036", "CVE_LOC": "0085", "AGEB": "0114", "MZA": "036", "SECCION": 879, "POBTOT": 0, "P18YMAS": 0, "P18YMAS_H": 0, "P18YMAS_M": 0, "P18A24": 0, "ITER_MATCH": false, "LN_total_sec": 1640, "LN_H_sec": 768, "LN_M_sec": 872, "LN_1839_sec": 820, "LN_estimada": 0, "LN_H_est": 0, "LN_M_est": 0, "LN_1839_est": 0, "rank_seccion": 104, "pct_acum_sec": 100.0, "prioridad_50": false, "prioridad_80": false, "rank_municipal": 772, "pct_acum_LN_mun": 100.0}}, {"type": "Feature", "geometry": {"type": "Polygon", "coordinates": [[[-97.59908253987014, 19.374825770392693], [-97.59927840005945, 19.374441910090443], [-97.59965677987611, 19.37463025983513], [-97.59944292040247, 19.375007949665413], [-97.59908253987014, 19.374825770392693]]]}, "properties": {"CVEGEO": "2110800850114026", "CVE_LOC": "0085", "AGEB": "0114", "MZA": "026", "SECCION": 879, "POBTOT": 0, "P18YMAS": 0, "P18YMAS_H": 0, "P18YMAS_M": 0, "P18A24": 0, "ITER_MATCH": false, "LN_total_sec": 1640, "LN_H_sec": 768, "LN_M_sec": 872, "LN_1839_sec": 820, "LN_estimada": 0, "LN_H_est": 0, "LN_M_est": 0, "LN_1839_est": 0, "rank_seccion": 105, "pct_acum_sec": 100.0, "prioridad_50": false, "prioridad_80": false, "rank_municipal": 773, "pct_acum_LN_mun": 100.0}}, {"type": "Feature", "geometry": {"type": "Polygon", "coordinates": [[[-97.59842132019408, 19.37501722020742], [-97.59858074031528, 19.374662620037622], [-97.5990069698713, 19.37486117006663], [-97.59883012035884, 19.375210939559473], [-97.59842132019408, 19.37501722020742]]]}, "properties": {"CVEGEO": "2110800850114048", "CVE_LOC": "0085", "AGEB": "0114", "MZA": "048", "SECCION": 879, "POBTOT": 0, "P18YMAS": 0, "P18YMAS_H": 0, "P18YMAS_M": 0, "P18A24": 0, "ITER_MATCH": false, "LN_total_sec": 1640, "LN_H_sec": 768, "LN_M_sec": 872, "LN_1839_sec": 820, "LN_estimada": 0, "LN_H_est": 0, "LN_M_est": 0, "LN_1839_est": 0, "rank_seccion": 106, "pct_acum_sec": 100.0, "prioridad_50": false, "prioridad_80": false, "rank_municipal": 774, "pct_acum_LN_mun": 100.0}}, {"type": "Feature", "geometry": {"type": "Polygon", "coordinates": [[[-97.59880438010266, 19.374219659977324], [-97.59922538005642, 19.37441674997322], [-97.59902371988143, 19.374801460008662], [-97.59861022000972, 19.374608799834938], [-97.59880438010266, 19.374219659977324]]]}, "properties": {"CVEGEO": "2110800850114027", "CVE_LOC": "0085", "AGEB": "0114", "MZA": "027", "SECCION": 879, "POBTOT": 0, "P18YMAS": 0, "P18YMAS_H": 0, "P18YMAS_M": 0, "P18A24": 0, "ITER_MATCH": false, "LN_total_sec": 1640, "LN_H_sec": 768, "LN_M_sec": 872, "LN_1839_sec": 820, "LN_estimada": 0, "LN_H_est": 0, "LN_M_est": 0, "LN_1839_est": 0, "rank_seccion": 107, "pct_acum_sec": 100.0, "prioridad_50": false, "prioridad_80": false, "rank_municipal": 775, "pct_acum_LN_mun": 100.0}}, {"type": "Feature", "geometry": {"type": "Polygon", "coordinates": [[[-97.59882463042493, 19.373189619611743], [-97.59883176954916, 19.373108889998857], [-97.59886265954314, 19.37300800022411], [-97.59893397022662, 19.372900369893312], [-97.59902190967954, 19.372824139542594], [-97.5990860803245, 19.372799480190782], [-97.59940219962748, 19.37293175009751], [-97.59920254039486, 19.373335349712022], [-97.59882463042493, 19.373189619611743]]]}, "properties": {"CVEGEO": "2110800850114031", "CVE_LOC": "0085", "AGEB": "0114", "MZA": "031", "SECCION": 879, "POBTOT": 0, "P18YMAS": 0, "P18YMAS_H": 0, "P18YMAS_M": 0, "P18A24": 0, "ITER_MATCH": false, "LN_total_sec": 1640, "LN_H_sec": 768, "LN_M_sec": 872, "LN_1839_sec": 820, "LN_estimada": 0, "LN_H_est": 0, "LN_M_est": 0, "LN_1839_est": 0, "rank_seccion": 108, "pct_acum_sec": 100.0, "prioridad_50": false, "prioridad_80": false, "rank_municipal": 776, "pct_acum_LN_mun": 100.0}}, {"type": "Feature", "geometry": {"type": "Polygon", "coordinates": [[[-97.59838255006851, 19.372951939640764], [-97.59857982010999, 19.372599909665208], [-97.59899338022889, 19.372770319887376], [-97.59889355028655, 19.372848799681314], [-97.59882225984684, 19.372965400074907], [-97.59876522002105, 19.373095450215512], [-97.59872480045023, 19.37312908023534], [-97.59838255006851, 19.372951939640764]]]}, "properties": {"CVEGEO": "2110800850114054", "CVE_LOC": "0085", "AGEB": "0114", "MZA": "054", "SECCION": 879, "POBTOT": 0, "P18YMAS": 0, "P18YMAS_H": 0, "P18YMAS_M": 0, "P18A24": 0, "ITER_MATCH": false, "LN_total_sec": 1640, "LN_H_sec": 768, "LN_M_sec": 872, "LN_1839_sec": 820, "LN_estimada": 0, "LN_H_est": 0, "LN_M_est": 0, "LN_1839_est": 0, "rank_seccion": 109, "pct_acum_sec": 100.0, "prioridad_50": false, "prioridad_80": false, "rank_municipal": 777, "pct_acum_LN_mun": 100.0}}, {"type": "Feature", "geometry": {"type": "Polygon", "coordinates": [[[-97.59861628023502, 19.373561650121825], [-97.59879610954641, 19.373252400030857], [-97.59916451040256, 19.373395909934136], [-97.59898505974701, 19.373738680279722], [-97.59861628023502, 19.373561650121825]]]}, "properties": {"CVEGEO": "2110800850114030", "CVE_LOC": "0085", "AGEB": "0114", "MZA": "030", "SECCION": 879, "POBTOT": 0, "P18YMAS": 0, "P18YMAS_H": 0, "P18YMAS_M": 0, "P18A24": 0, "ITER_MATCH": false, "LN_total_sec": 1640, "LN_H_sec": 768, "LN_M_sec": 872, "LN_1839_sec": 820, "LN_estimada": 0, "LN_H_est": 0, "LN_M_est": 0, "LN_1839_est": 0, "rank_seccion": 110, "pct_acum_sec": 100.0, "prioridad_50": false, "prioridad_80": false, "rank_municipal": 778, "pct_acum_LN_mun": 100.0}}, {"type": "Feature", "geometry": {"type": "Polygon", "coordinates": [[[-97.60166305981485, 19.37543272044255], [-97.60173436956025, 19.375354250300685], [-97.6018746001021, 19.375239890008014], [-97.60196729042316, 19.37515917986992], [-97.60223110960159, 19.375275770154897], [-97.60205522972703, 19.375598650340116], [-97.60166305981485, 19.37543272044255]]]}, "properties": {"CVEGEO": "2110800850114043", "CVE_LOC": "0085", "AGEB": "0114", "MZA": "043", "SECCION": 879, "POBTOT": 0, "P18YMAS": 0, "P18YMAS_H": 0, "P18YMAS_M": 0, "P18A24": 0, "ITER_MATCH": false, "LN_total_sec": 1640, "LN_H_sec": 768, "LN_M_sec": 872, "LN_1839_sec": 820, "LN_estimada": 0, "LN_H_est": 0, "LN_M_est": 0, "LN_1839_est": 0, "rank_seccion": 111, "pct_acum_sec": 100.0, "prioridad_50": false, "prioridad_80": false, "rank_municipal": 779, "pct_acum_LN_mun": 100.0}}, {"type": "Feature", "geometry": {"type": "Polygon", "coordinates": [[[-97.60210988956132, 19.375627799951218], [-97.60229053987933, 19.37530491988282], [-97.6026422900051, 19.375434970039443], [-97.60246405023226, 19.37578698011881], [-97.60210988956132, 19.375627799951218]]]}, "properties": {"CVEGEO": "2110800850114068", "CVE_LOC": "0085", "AGEB": "0114", "MZA": "068", "SECCION": 879, "POBTOT": 0, "P18YMAS": 0, "P18YMAS_H": 0, "P18YMAS_M": 0, "P18A24": 0, "ITER_MATCH": false, "LN_total_sec": 1640, "LN_H_sec": 768, "LN_M_sec": 872, "LN_1839_sec": 820, "LN_estimada": 0, "LN_H_est": 0, "LN_M_est": 0, "LN_1839_est": 0, "rank_seccion": 112, "pct_acum_sec": 100.0, "prioridad_50": false, "prioridad_80": false, "rank_municipal": 780, "pct_acum_LN_mun": 100.0}}, {"type": "Feature", "geometry": {"type": "Polygon", "coordinates": [[[-97.602784910392, 19.375927689868824], [-97.60251277021489, 19.375811090342687], [-97.60269792027627, 19.375452799825], [-97.60307797009764, 19.375594719605573], [-97.602784910392, 19.375927689868824]]]}, "properties": {"CVEGEO": "2110800850114067", "CVE_LOC": "0085", "AGEB": "0114", "MZA": "067", "SECCION": 879, "POBTOT": 0, "P18YMAS": 0, "P18YMAS_H": 0, "P18YMAS_M": 0, "P18A24": 0, "ITER_MATCH": false, "LN_total_sec": 1640, "LN_H_sec": 768, "LN_M_sec": 872, "LN_1839_sec": 820, "LN_estimada": 0, "LN_H_est": 0, "LN_M_est": 0, "LN_1839_est": 0, "rank_seccion": 113, "pct_acum_sec": 100.0, "prioridad_50": false, "prioridad_80": false, "rank_municipal": 781, "pct_acum_LN_mun": 100.0}}, {"type": "Feature", "geometry": {"type": "Polygon", "coordinates": [[[-97.60266666045842, 19.375368149700055], [-97.60229137030072, 19.375234369850904], [-97.60199997008235, 19.375130479975883], [-97.60217229020714, 19.37500042974225], [-97.60237075030611, 19.374840110416628], [-97.60285442973371, 19.375041909715936], [-97.60266666045842, 19.375368149700055]]]}, "properties": {"CVEGEO": "2110800850114042", "CVE_LOC": "0085", "AGEB": "0114", "MZA": "042", "SECCION": 879, "POBTOT": 0, "P18YMAS": 0, "P18YMAS_H": 0, "P18YMAS_M": 0, "P18A24": 0, "ITER_MATCH": false, "LN_total_sec": 1640, "LN_H_sec": 768, "LN_M_sec": 872, "LN_1839_sec": 820, "LN_estimada": 0, "LN_H_est": 0, "LN_M_est": 0, "LN_1839_est": 0, "rank_seccion": 114, "pct_acum_sec": 100.0, "prioridad_50": false, "prioridad_80": false, "rank_municipal": 782, "pct_acum_LN_mun": 100.0}}, {"type": "Feature", "geometry": {"type": "Polygon", "coordinates": [[[-97.60323115042539, 19.375430940352118], [-97.60312774998208, 19.375547520365345], [-97.60272728046309, 19.37539282012253], [-97.60291741978887, 19.375063220211807], [-97.60341773957086, 19.375289679655], [-97.60323115042539, 19.375430940352118]]]}, "properties": {"CVEGEO": "2110800850114066", "CVE_LOC": "0085", "AGEB": "0114", "MZA": "066", "SECCION": 879, "POBTOT": 0, "P18YMAS": 0, "P18YMAS_H": 0, "P18YMAS_M": 0, "P18A24": 0, "ITER_MATCH": false, "LN_total_sec": 1640, "LN_H_sec": 768, "LN_M_sec": 872, "LN_1839_sec": 820, "LN_estimada": 0, "LN_H_est": 0, "LN_M_est": 0, "LN_1839_est": 0, "rank_seccion": 115, "pct_acum_sec": 100.0, "prioridad_50": false, "prioridad_80": false, "rank_municipal": 783, "pct_acum_LN_mun": 100.0}}, {"type": "Feature", "geometry": {"type": "Polygon", "coordinates": [[[-97.60083359955405, 19.37616000025468], [-97.60113653987645, 19.375913859544937], [-97.60135585982907, 19.37573565040376], [-97.60164108001912, 19.375919509987565], [-97.60183121975675, 19.376056280064393], [-97.60161058038564, 19.3764832199783], [-97.60083359955405, 19.37616000025468]]]}, "properties": {"CVEGEO": "2110800850114045", "CVE_LOC": "0085", "AGEB": "0114", "MZA": "045", "SECCION": 879, "POBTOT": 0, "P18YMAS": 0, "P18YMAS_H": 0, "P18YMAS_M": 0, "P18A24": 0, "ITER_MATCH": false, "LN_total_sec": 1640, "LN_H_sec": 768, "LN_M_sec": 872, "LN_1839_sec": 820, "LN_estimada": 0, "LN_H_est": 0, "LN_M_est": 0, "LN_1839_est": 0, "rank_seccion": 116, "pct_acum_sec": 100.0, "prioridad_50": false, "prioridad_80": false, "rank_municipal": 784, "pct_acum_LN_mun": 100.0}}, {"type": "Feature", "geometry": {"type": "Polygon", "coordinates": [[[-97.6020675799628, 19.376693290048028], [-97.60168925018459, 19.376515940186454], [-97.60188114028838, 19.376168380449972], [-97.60231845965572, 19.376367940144306], [-97.6020675799628, 19.376693290048028]]]}, "properties": {"CVEGEO": "2110800850114070", "CVE_LOC": "0085", "AGEB": "0114", "MZA": "070", "SECCION": 879, "POBTOT": 0, "P18YMAS": 0, "P18YMAS_H": 0, "P18YMAS_M": 0, "P18A24": 0, "ITER_MATCH": false, "LN_total_sec": 1640, "LN_H_sec": 768, "LN_M_sec": 872, "LN_1839_sec": 820, "LN_estimada": 0, "LN_H_est": 0, "LN_M_est": 0, "LN_1839_est": 0, "rank_seccion": 117, "pct_acum_sec": 100.0, "prioridad_50": false, "prioridad_80": false, "rank_municipal": 785, "pct_acum_LN_mun": 100.0}}, {"type": "Feature", "geometry": {"type": "Polygon", "coordinates": [[[-97.60439929004666, 19.373067510434343], [-97.6040855497126, 19.37368008000261], [-97.60401542958213, 19.373650939921067], [-97.60392867971751, 19.373620659687628], [-97.6038585701543, 19.373604969551753], [-97.60378250987895, 19.373604969609172], [-97.60374373959603, 19.373611619918012], [-97.60370952007933, 19.373564059975052], [-97.60394626045384, 19.372885889586552], [-97.60439929004666, 19.373067510434343]]]}, "properties": {"CVEGEO": "2110800850114038", "CVE_LOC": "0085", "AGEB": "0114", "MZA": "038", "SECCION": 879, "POBTOT": 0, "P18YMAS": 0, "P18YMAS_H": 0, "P18YMAS_M": 0, "P18A24": 0, "ITER_MATCH": false, "LN_total_sec": 1640, "LN_H_sec": 768, "LN_M_sec": 872, "LN_1839_sec": 820, "LN_estimada": 0, "LN_H_est": 0, "LN_M_est": 0, "LN_1839_est": 0, "rank_seccion": 118, "pct_acum_sec": 100.0, "prioridad_50": false, "prioridad_80": false, "rank_municipal": 786, "pct_acum_LN_mun": 100.0}}, {"type": "Feature", "geometry": {"type": "Polygon", "coordinates": [[[-97.60448532013503, 19.373889510279092], [-97.60442828022065, 19.373853629560095], [-97.60434842025822, 19.3738123698839], [-97.60423243002782, 19.373749580241466], [-97.60414688021292, 19.373706539742244], [-97.60446631041353, 19.373094859776558], [-97.60482377974851, 19.37324733977021], [-97.60448532013503, 19.373889510279092]]]}, "properties": {"CVEGEO": "2110800850114062", "CVE_LOC": "0085", "AGEB": "0114", "MZA": "062", "SECCION": 879, "POBTOT": 0, "P18YMAS": 0, "P18YMAS_H": 0, "P18YMAS_M": 0, "P18A24": 0, "ITER_MATCH": false, "LN_total_sec": 1640, "LN_H_sec": 768, "LN_M_sec": 872, "LN_1839_sec": 820, "LN_estimada": 0, "LN_H_est": 0, "LN_M_est": 0, "LN_1839_est": 0, "rank_seccion": 119, "pct_acum_sec": 100.0, "prioridad_50": false, "prioridad_80": false, "rank_municipal": 787, "pct_acum_LN_mun": 100.0}}, {"type": "Feature", "geometry": {"type": "Polygon", "coordinates": [[[-97.60501799955252, 19.373958889882317], [-97.60492044990573, 19.373987260327926], [-97.60483487998378, 19.373987259803688], [-97.60475929030605, 19.37398188020604], [-97.60470368035021, 19.373971119710845], [-97.60463665040622, 19.373948250398712], [-97.6045822896468, 19.373930750135514], [-97.6045575801241, 19.373920000362524], [-97.60489602998369, 19.37327425011747], [-97.60530620010626, 19.373417970262125], [-97.60501799955252, 19.373958889882317]]]}, "properties": {"CVEGEO": "2110800850114091", "CVE_LOC": "0085", "AGEB": "0114", "MZA": "091", "SECCION": 879, "POBTOT": 0, "P18YMAS": 0, "P18YMAS_H": 0, "P18YMAS_M": 0, "P18A24": 0, "ITER_MATCH": false, "LN_total_sec": 1640, "LN_H_sec": 768, "LN_M_sec": 872, "LN_1839_sec": 820, "LN_estimada": 0, "LN_H_est": 0, "LN_M_est": 0, "LN_1839_est": 0, "rank_seccion": 120, "pct_acum_sec": 100.0, "prioridad_50": false, "prioridad_80": false, "rank_municipal": 788, "pct_acum_LN_mun": 100.0}}, {"type": "Feature", "geometry": {"type": "Polygon", "coordinates": [[[-97.60396091994124, 19.372827580336853], [-97.60410801987943, 19.3724409104152], [-97.60460503019685, 19.37264371975003], [-97.60442915017512, 19.373018179646], [-97.60396091994124, 19.372827580336853]]]}, "properties": {"CVEGEO": "2110800850114060", "CVE_LOC": "0085", "AGEB": "0114", "MZA": "060", "SECCION": 879, "POBTOT": 0, "P18YMAS": 0, "P18YMAS_H": 0, "P18YMAS_M": 0, "P18A24": 0, "ITER_MATCH": false, "LN_total_sec": 1640, "LN_H_sec": 768, "LN_M_sec": 872, "LN_1839_sec": 820, "LN_estimada": 0, "LN_H_est": 0, "LN_M_est": 0, "LN_1839_est": 0, "rank_seccion": 121, "pct_acum_sec": 100.0, "prioridad_50": false, "prioridad_80": false, "rank_municipal": 789, "pct_acum_LN_mun": 100.0}}, {"type": "Feature", "geometry": {"type": "Polygon", "coordinates": [[[-97.60449570966145, 19.37305405996299], [-97.60467397001497, 19.372675120136893], [-97.60503998009112, 19.3728275797683], [-97.604856979837, 19.373195309892033], [-97.60449570966145, 19.37305405996299]]]}, "properties": {"CVEGEO": "2110800850114061", "CVE_LOC": "0085", "AGEB": "0114", "MZA": "061", "SECCION": 879, "POBTOT": 0, "P18YMAS": 0, "P18YMAS_H": 0, "P18YMAS_M": 0, "P18A24": 0, "ITER_MATCH": false, "LN_total_sec": 1640, "LN_H_sec": 768, "LN_M_sec": 872, "LN_1839_sec": 820, "LN_estimada": 0, "LN_H_est": 0, "LN_M_est": 0, "LN_1839_est": 0, "rank_seccion": 122, "pct_acum_sec": 100.0, "prioridad_50": false, "prioridad_80": false, "rank_municipal": 790, "pct_acum_LN_mun": 100.0}}, {"type": "Feature", "geometry": {"type": "Polygon", "coordinates": [[[-97.57211042003868, 19.281637689624738], [-97.57197121966706, 19.282083819604114], [-97.57185047990127, 19.282515800208817], [-97.57091932023275, 19.28255454960932], [-97.57116850973345, 19.28167446022009], [-97.57211042003868, 19.281637689624738]]]}, "properties": {"CVEGEO": "2110800350133017", "CVE_LOC": "0035", "AGEB": "0133", "MZA": "017", "SECCION": 882, "POBTOT": 0, "P18YMAS": 0, "P18YMAS_H": 0, "P18YMAS_M": 0, "P18A24": 0, "ITER_MATCH": false, "LN_total_sec": 2061, "LN_H_sec": 985, "LN_M_sec": 1076, "LN_1839_sec": 1194, "LN_estimada": 13, "LN_H_est": 7, "LN_M_est": 7, "LN_1839_est": 8, "rank_seccion": 20, "pct_acum_sec": 12.62, "prioridad_50": true, "prioridad_80": true, "rank_municipal": 508, "pct_acum_LN_mun": 83.07}}, {"type": "Feature", "geometry": {"type": "Polygon", "coordinates": [[[-97.57239048953856, 19.280709000110104], [-97.57214671033857, 19.281560050181373], [-97.5711886296478, 19.281594219616085], [-97.57143077045144, 19.280732109645445], [-97.57239048953856, 19.280709000110104]]]}, "properties": {"CVEGEO": "2110800350133016", "CVE_LOC": "0035", "AGEB": "0133", "MZA": "016", "SECCION": 882, "POBTOT": 0, "P18YMAS": 0, "P18YMAS_H": 0, "P18YMAS_M": 0, "P18A24": 0, "ITER_MATCH": false, "LN_total_sec": 2061, "LN_H_sec": 985, "LN_M_sec": 1076, "LN_1839_sec": 1194, "LN_estimada": 13, "LN_H_est": 7, "LN_M_est": 7, "LN_1839_est": 8, "rank_seccion": 21, "pct_acum_sec": 13.25, "prioridad_50": true, "prioridad_80": true, "rank_municipal": 509, "pct_acum_LN_mun": 83.16}}, {"type": "Feature", "geometry": {"type": "Polygon", "coordinates": [[[-97.5704526802312, 19.28068934001369], [-97.57057038006829, 19.28018388032173], [-97.57071556954874, 19.280130019579325], [-97.57091526032048, 19.280018150226653], [-97.57101475016749, 19.279941719828123], [-97.57111957023433, 19.279819110122588], [-97.57160671011424, 19.279783379913287], [-97.57136442992898, 19.280677880208945], [-97.5704526802312, 19.28068934001369]]]}, "properties": {"CVEGEO": "2110800350133015", "CVE_LOC": "0035", "AGEB": "0133", "MZA": "015", "SECCION": 882, "POBTOT": 0, "P18YMAS": 0, "P18YMAS_H": 0, "P18YMAS_M": 0, "P18A24": 0, "ITER_MATCH": false, "LN_total_sec": 2061, "LN_H_sec": 985, "LN_M_sec": 1076, "LN_1839_sec": 1194, "LN_estimada": 13, "LN_H_est": 7, "LN_M_est": 7, "LN_1839_est": 8, "rank_seccion": 22, "pct_acum_sec": 13.88, "prioridad_50": true, "prioridad_80": true, "rank_municipal": 510, "pct_acum_LN_mun": 83.25}}, {"type": "Feature", "geometry": {"type": "Polygon", "coordinates": [[[-97.56991609038445, 19.28065682974981], [-97.57019460033365, 19.280726879681662], [-97.56995297963375, 19.28073812019293], [-97.56934617033765, 19.280779859579418], [-97.5694337697365, 19.280586969692845], [-97.56958818012886, 19.28049183009458], [-97.56968818031103, 19.280555049577327], [-97.56991609038445, 19.28065682974981]]]}, "properties": {"CVEGEO": "2110800350133014", "CVE_LOC": "0035", "AGEB": "0133", "MZA": "014", "SECCION": 882, "POBTOT": 0, "P18YMAS": 0, "P18YMAS_H": 0, "P18YMAS_M": 0, "P18A24": 0, "ITER_MATCH": false, "LN_total_sec": 2061, "LN_H_sec": 985, "LN_M_sec": 1076, "LN_1839_sec": 1194, "LN_estimada": 13, "LN_H_est": 7, "LN_M_est": 7, "LN_1839_est": 8, "rank_seccion": 23, "pct_acum_sec": 14.51, "prioridad_50": true, "prioridad_80": true, "rank_municipal": 511, "pct_acum_LN_mun": 83.34}}, {"type": "Feature", "geometry": {"type": "Polygon", "coordinates": [[[-97.53550837963978, 19.264159860299134], [-97.53611617011644, 19.264196939613715], [-97.53617356989847, 19.264198199970288], [-97.53638937990748, 19.26421751966948], [-97.5365243702129, 19.26427276964318], [-97.53647574023867, 19.265504549744698], [-97.53593089045405, 19.265487830192534], [-97.53598057992868, 19.264783879777905], [-97.53598323012767, 19.26473159989501], [-97.53601007998451, 19.26448445957371], [-97.53549477038729, 19.264448690064036], [-97.53550837963978, 19.264159860299134]]]}, "properties": {"CVEGEO": "2110800320133041", "CVE_LOC": "0032", "AGEB": "0133", "MZA": "041", "SECCION": 882, "POBTOT": 0, "P18YMAS": 0, "P18YMAS_H": 0, "P18YMAS_M": 0, "P18A24": 0, "ITER_MATCH": false, "LN_total_sec": 2061, "LN_H_sec": 985, "LN_M_sec": 1076, "LN_1839_sec": 1194, "LN_estimada": 13, "LN_H_est": 7, "LN_M_est": 7, "LN_1839_est": 8, "rank_seccion": 24, "pct_acum_sec": 15.14, "prioridad_50": true, "prioridad_80": true, "rank_municipal": 512, "pct_acum_LN_mun": 83.43}}, {"type": "Feature", "geometry": {"type": "Polygon", "coordinates": [[[-97.5352512798028, 19.26829011964756], [-97.53530457969674, 19.267578149906615], [-97.53580219959305, 19.267594150140667], [-97.53578170988189, 19.268253649613314], [-97.5352512798028, 19.26829011964756]]]}, "properties": {"CVEGEO": "2110800320133040", "CVE_LOC": "0032", "AGEB": "0133", "MZA": "040", "SECCION": 882, "POBTOT": 0, "P18YMAS": 0, "P18YMAS_H": 0, "P18YMAS_M": 0, "P18A24": 0, "ITER_MATCH": false, "LN_total_sec": 2061, "LN_H_sec": 985, "LN_M_sec": 1076, "LN_1839_sec": 1194, "LN_estimada": 13, "LN_H_est": 7, "LN_M_est": 7, "LN_1839_est": 8, "rank_seccion": 25, "pct_acum_sec": 15.77, "prioridad_50": true, "prioridad_80": true, "rank_municipal": 513, "pct_acum_LN_mun": 83.51}}, {"type": "Feature", "geometry": {"type": "Polygon", "coordinates": [[[-97.53530364997711, 19.267526120155154], [-97.53535511996299, 19.26691568975787], [-97.53584454044355, 19.266970179930684], [-97.53580116976295, 19.26754118034495], [-97.53530364997711, 19.267526120155154]]]}, "properties": {"CVEGEO": "2110800320133039", "CVE_LOC": "0032", "AGEB": "0133", "MZA": "039", "SECCION": 882, "POBTOT": 0, "P18YMAS": 0, "P18YMAS_H": 0, "P18YMAS_M": 0, "P18A24": 0, "ITER_MATCH": false, "LN_total_sec": 2061, "LN_H_sec": 985, "LN_M_sec": 1076, "LN_1839_sec": 1194, "LN_estimada": 13, "LN_H_est": 6, "LN_M_est": 7, "LN_1839_est": 8, "rank_seccion": 26, "pct_acum_sec": 16.4, "prioridad_50": true, "prioridad_80": true, "rank_municipal": 514, "pct_acum_LN_mun": 83.6}}, {"type": "Feature", "geometry": {"type": "Polygon", "coordinates": [[[-97.53485605040615, 19.265857199661767], [-97.5348848897978, 19.26548058027961], [-97.53533794960735, 19.265501749636826], [-97.53530198028545, 19.265883799796864], [-97.53485605040615, 19.265857199661767]]]}, "properties": {"CVEGEO": "2110800320133029", "CVE_LOC": "0032", "AGEB": "0133", "MZA": "029", "SECCION": 882, "POBTOT": 0, "P18YMAS": 0, "P18YMAS_H": 0, "P18YMAS_M": 0, "P18A24": 0, "ITER_MATCH": false, "LN_total_sec": 2061, "LN_H_sec": 985, "LN_M_sec": 1076, "LN_1839_sec": 1194, "LN_estimada": 13, "LN_H_est": 6, "LN_M_est": 7, "LN_1839_est": 8, "rank_seccion": 27, "pct_acum_sec": 17.03, "prioridad_50": true, "prioridad_80": true, "rank_municipal": 515, "pct_acum_LN_mun": 83.69}}, {"type": "Feature", "geometry": {"type": "Polygon", "coordinates": [[[-97.53546814035717, 19.264505509938925], [-97.53594954032988, 19.264533819656993], [-97.53585664975135, 19.26549051978625], [-97.53539766000529, 19.265449119825288], [-97.53546814035717, 19.264505509938925]]]}, "properties": {"CVEGEO": "2110800320133028", "CVE_LOC": "0032", "AGEB": "0133", "MZA": "028", "SECCION": 882, "POBTOT": 0, "P18YMAS": 0, "P18YMAS_H": 0, "P18YMAS_M": 0, "P18A24": 0, "ITER_MATCH": false, "LN_total_sec": 2061, "LN_H_sec": 985, "LN_M_sec": 1076, "LN_1839_sec": 1194, "LN_estimada": 13, "LN_H_est": 6, "LN_M_est": 7, "LN_1839_est": 8, "rank_seccion": 28, "pct_acum_sec": 17.66, "prioridad_50": true, "prioridad_80": true, "rank_municipal": 516, "pct_acum_LN_mun": 83.78}}, {"type": "Feature", "geometry": {"type": "Polygon", "coordinates": [[[-97.53253419991655, 19.264035489899236], [-97.53317426023106, 19.264035850363992], [-97.53317234973287, 19.264222019804357], [-97.53327329047463, 19.264561909731853], [-97.53310562002176, 19.26460472043091], [-97.53281940033077, 19.264680400168263], [-97.53251933979315, 19.264649550327537], [-97.53253419991655, 19.264035489899236]]]}, "properties": {"CVEGEO": "2110800320133027", "CVE_LOC": "0032", "AGEB": "0133", "MZA": "027", "SECCION": 882, "POBTOT": 0, "P18YMAS": 0, "P18YMAS_H": 0, "P18YMAS_M": 0, "P18A24": 0, "ITER_MATCH": false, "LN_total_sec": 2061, "LN_H_sec": 985, "LN_M_sec": 1076, "LN_1839_sec": 1194, "LN_estimada": 13, "LN_H_est": 6, "LN_M_est": 7, "LN_1839_est": 8, "rank_seccion": 29, "pct_acum_sec": 18.29, "prioridad_50": true, "prioridad_80": true, "rank_municipal": 517, "pct_acum_LN_mun": 83.86}}, {"type": "Feature", "geometry": {"type": "Polygon", "coordinates": [[[-97.53172871030644, 19.264552740223376], [-97.53176341970017, 19.2643613796456], [-97.53186709007936, 19.264009680004435], [-97.53240935018951, 19.264029060194773], [-97.53242494962095, 19.264611309965055], [-97.53172871030644, 19.264552740223376]]]}, "properties": {"CVEGEO": "2110800320133026", "CVE_LOC": "0032", "AGEB": "0133", "MZA": "026", "SECCION": 882, "POBTOT": 0, "P18YMAS": 0, "P18YMAS_H": 0, "P18YMAS_M": 0, "P18A24": 0, "ITER_MATCH": false, "LN_total_sec": 2061, "LN_H_sec": 985, "LN_M_sec": 1076, "LN_1839_sec": 1194, "LN_estimada": 13, "LN_H_est": 6, "LN_M_est": 7, "LN_1839_est": 8, "rank_seccion": 30, "pct_acum_sec": 18.92, "prioridad_50": true, "prioridad_80": true, "rank_municipal": 518, "pct_acum_LN_mun": 83.95}}, {"type": "Feature", "geometry": {"type": "Polygon", "coordinates": [[[-97.53370007971493, 19.265795720096488], [-97.53373130994322, 19.265394460156475], [-97.53421798044272, 19.265427489832135], [-97.53419937035865, 19.26582147961578], [-97.53370007971493, 19.265795720096488]]]}, "properties": {"CVEGEO": "2110800320133005", "CVE_LOC": "0032", "AGEB": "0133", "MZA": "005", "SECCION": 882, "POBTOT": 0, "P18YMAS": 0, "P18YMAS_H": 0, "P18YMAS_M": 0, "P18A24": 0, "ITER_MATCH": false, "LN_total_sec": 2061, "LN_H_sec": 985, "LN_M_sec": 1076, "LN_1839_sec": 1194, "LN_estimada": 13, "LN_H_est": 6, "LN_M_est": 7, "LN_1839_est": 8, "rank_seccion": 31, "pct_acum_sec": 19.55, "prioridad_50": true, "prioridad_80": true, "rank_municipal": 519, "pct_acum_LN_mun": 84.04}}, {"type": "Feature", "geometry": {"type": "Polygon", "coordinates": [[[-97.53310013972226, 19.265744169989247], [-97.53311977042046, 19.265329289993016], [-97.53365362962491, 19.26537048032221], [-97.53362496997678, 19.265789489595743], [-97.53310013972226, 19.265744169989247]]]}, "properties": {"CVEGEO": "2110800320133004", "CVE_LOC": "0032", "AGEB": "0133", "MZA": "004", "SECCION": 882, "POBTOT": 0, "P18YMAS": 0, "P18YMAS_H": 0, "P18YMAS_M": 0, "P18A24": 0, "ITER_MATCH": false, "LN_total_sec": 2061, "LN_H_sec": 985, "LN_M_sec": 1076, "LN_1839_sec": 1194, "LN_estimada": 13, "LN_H_est": 6, "LN_M_est": 7, "LN_1839_est": 8, "rank_seccion": 32, "pct_acum_sec": 20.18, "prioridad_50": true, "prioridad_80": true, "rank_municipal": 520, "pct_acum_LN_mun": 84.13}}, {"type": "Feature", "geometry": {"type": "Polygon", "coordinates": [[[-97.53250064962641, 19.265710680214987], [-97.53252460043096, 19.265289720102885], [-97.53305967983992, 19.26533068038958], [-97.53301190968246, 19.265737780271255], [-97.53250064962641, 19.265710680214987]]]}, "properties": {"CVEGEO": "2110800320133003", "CVE_LOC": "0032", "AGEB": "0133", "MZA": "003", "SECCION": 882, "POBTOT": 0, "P18YMAS": 0, "P18YMAS_H": 0, "P18YMAS_M": 0, "P18A24": 0, "ITER_MATCH": false, "LN_total_sec": 2061, "LN_H_sec": 985, "LN_M_sec": 1076, "LN_1839_sec": 1194, "LN_estimada": 13, "LN_H_est": 6, "LN_M_est": 7, "LN_1839_est": 8, "rank_seccion": 33, "pct_acum_sec": 20.82, "prioridad_50": true, "prioridad_80": true, "rank_municipal": 521, "pct_acum_LN_mun": 84.21}}, {"type": "Feature", "geometry": {"type": "Polygon", "coordinates": [[[-97.53299216967575, 19.266198739624105], [-97.53246559967474, 19.266165679947893], [-97.5324938298108, 19.265793290381012], [-97.5330029797242, 19.265806849866056], [-97.53299216967575, 19.266198739624105]]]}, "properties": {"CVEGEO": "2110800320133002", "CVE_LOC": "0032", "AGEB": "0133", "MZA": "002", "SECCION": 882, "POBTOT": 0, "P18YMAS": 0, "P18YMAS_H": 0, "P18YMAS_M": 0, "P18A24": 0, "ITER_MATCH": false, "LN_total_sec": 2061, "LN_H_sec": 985, "LN_M_sec": 1076, "LN_1839_sec": 1194, "LN_estimada": 13, "LN_H_est": 6, "LN_M_est": 7, "LN_1839_est": 8, "rank_seccion": 34, "pct_acum_sec": 21.45, "prioridad_50": true, "prioridad_80": true, "rank_municipal": 522, "pct_acum_LN_mun": 84.3}}, {"type": "Feature", "geometry": {"type": "Polygon", "coordinates": [[[-97.53361732000525, 19.2662539496388], [-97.53306386021713, 19.26621591044866], [-97.53309433992091, 19.265809749689318], [-97.53362554979257, 19.265846580445547], [-97.53361732000525, 19.2662539496388]]]}, "properties": {"CVEGEO": "2110800320133001", "CVE_LOC": "0032", "AGEB": "0133", "MZA": "001", "SECCION": 882, "POBTOT": 0, "P18YMAS": 0, "P18YMAS_H": 0, "P18YMAS_M": 0, "P18A24": 0, "ITER_MATCH": false, "LN_total_sec": 2061, "LN_H_sec": 985, "LN_M_sec": 1076, "LN_1839_sec": 1194, "LN_estimada": 13, "LN_H_est": 6, "LN_M_est": 7, "LN_1839_est": 8, "rank_seccion": 35, "pct_acum_sec": 22.08, "prioridad_50": true, "prioridad_80": true, "rank_municipal": 523, "pct_acum_LN_mun": 84.39}}, {"type": "Feature", "geometry": {"type": "Polygon", "coordinates": [[[-97.55890954030806, 19.235856289783378], [-97.55893671991336, 19.23622511999068], [-97.55901477967622, 19.23716345028553], [-97.55785146019784, 19.23724951968537], [-97.55890954030806, 19.235856289783378]]]}, "properties": {"CVEGEO": "2110800250133049", "CVE_LOC": "0025", "AGEB": "0133", "MZA": "049", "SECCION": 882, "POBTOT": 0, "P18YMAS": 0, "P18YMAS_H": 0, "P18YMAS_M": 0, "P18A24": 0, "ITER_MATCH": false, "LN_total_sec": 2061, "LN_H_sec": 985, "LN_M_sec": 1076, "LN_1839_sec": 1194, "LN_estimada": 13, "LN_H_est": 6, "LN_M_est": 7, "LN_1839_est": 8, "rank_seccion": 36, "pct_acum_sec": 22.71, "prioridad_50": true, "prioridad_80": true, "rank_municipal": 524, "pct_acum_LN_mun": 84.48}}, {"type": "Feature", "geometry": {"type": "Polygon", "coordinates": [[[-97.55775845044488, 19.23741635032722], [-97.55783582961202, 19.237304229886778], [-97.55902049027605, 19.237226139899754], [-97.55911248992646, 19.238186849564272], [-97.55785727998773, 19.238312490323402], [-97.55775845044488, 19.23741635032722]]]}, "properties": {"CVEGEO": "2110800250133048", "CVE_LOC": "0025", "AGEB": "0133", "MZA": "048", "SECCION": 882, "POBTOT": 0, "P18YMAS": 0, "P18YMAS_H": 0, "P18YMAS_M": 0, "P18A24": 0, "ITER_MATCH": false, "LN_total_sec": 2061, "LN_H_sec": 985, "LN_M_sec": 1076, "LN_1839_sec": 1194, "LN_estimada": 13, "LN_H_est": 6, "LN_M_est": 7, "LN_1839_est": 8, "rank_seccion": 37, "pct_acum_sec": 23.34, "prioridad_50": true, "prioridad_80": true, "rank_municipal": 525, "pct_acum_LN_mun": 84.56}}, {"type": "Feature", "geometry": {"type": "Polygon", "coordinates": [[[-97.55406777953532, 19.243521890164693], [-97.55485095045739, 19.243454970430378], [-97.55496181991874, 19.24456974036706], [-97.55416219961094, 19.24464315008403], [-97.55406777953532, 19.243521890164693]]]}, "properties": {"CVEGEO": "2110800250133018", "CVE_LOC": "0025", "AGEB": "0133", "MZA": "018", "SECCION": 882, "POBTOT": 0, "P18YMAS": 0, "P18YMAS_H": 0, "P18YMAS_M": 0, "P18A24": 0, "ITER_MATCH": false, "LN_total_sec": 2061, "LN_H_sec": 985, "LN_M_sec": 1076, "LN_1839_sec": 1194, "LN_estimada": 13, "LN_H_est": 6, "LN_M_est": 7, "LN_1839_est": 8, "rank_seccion": 38, "pct_acum_sec": 23.97, "prioridad_50": true, "prioridad_80": true, "rank_municipal": 526, "pct_acum_LN_mun": 84.65}}, {"type": "Feature", "geometry": {"type": "Polygon", "coordinates": [[[-97.55416292029038, 19.244720179941652], [-97.55496742020392, 19.244633570259722], [-97.55509434018512, 19.245739030324625], [-97.55430837016317, 19.24582594020364], [-97.55416292029038, 19.244720179941652]]]}, "properties": {"CVEGEO": "2110800250133017", "CVE_LOC": "0025", "AGEB": "0133", "MZA": "017", "SECCION": 882, "POBTOT": 0, "P18YMAS": 0, "P18YMAS_H": 0, "P18YMAS_M": 0, "P18A24": 0, "ITER_MATCH": false, "LN_total_sec": 2061, "LN_H_sec": 985, "LN_M_sec": 1076, "LN_1839_sec": 1194, "LN_estimada": 13, "LN_H_est": 6, "LN_M_est": 7, "LN_1839_est": 8, "rank_seccion": 39, "pct_acum_sec": 24.6, "prioridad_50": true, "prioridad_80": true, "rank_municipal": 527, "pct_acum_LN_mun": 84.74}}, {"type": "Feature", "geometry": {"type": "Polygon", "coordinates": [[[-97.55763576964875, 19.244387720039324], [-97.55845115001192, 19.244307890022014], [-97.5585429704639, 19.245404220378596], [-97.5577473504339, 19.245477749719985], [-97.55763576964875, 19.244387720039324]]]}, "properties": {"CVEGEO": "2110800250133016", "CVE_LOC": "0025", "AGEB": "0133", "MZA": "016", "SECCION": 882, "POBTOT": 0, "P18YMAS": 0, "P18YMAS_H": 0, "P18YMAS_M": 0, "P18A24": 0, "ITER_MATCH": false, "LN_total_sec": 2061, "LN_H_sec": 985, "LN_M_sec": 1076, "LN_1839_sec": 1194, "LN_estimada": 13, "LN_H_est": 6, "LN_M_est": 7, "LN_1839_est": 8, "rank_seccion": 40, "pct_acum_sec": 25.23, "prioridad_50": true, "prioridad_80": true, "rank_municipal": 528, "pct_acum_LN_mun": 84.83}}, {"type": "Feature", "geometry": {"type": "Polygon", "coordinates": [[[-97.55756362030549, 19.243203059821145], [-97.55835327980839, 19.24311842004742], [-97.55845567972119, 19.24423807989657], [-97.557636029894, 19.244302000128474], [-97.55756362030549, 19.243203059821145]]]}, "properties": {"CVEGEO": "2110800250133015", "CVE_LOC": "0025", "AGEB": "0133", "MZA": "015", "SECCION": 882, "POBTOT": 0, "P18YMAS": 0, "P18YMAS_H": 0, "P18YMAS_M": 0, "P18A24": 0, "ITER_MATCH": false, "LN_total_sec": 2061, "LN_H_sec": 985, "LN_M_sec": 1076, "LN_1839_sec": 1194, "LN_estimada": 13, "LN_H_est": 6, "LN_M_est": 7, "LN_1839_est": 8, "rank_seccion": 41, "pct_acum_sec": 25.86, "prioridad_50": true, "prioridad_80": true, "rank_municipal": 529, "pct_acum_LN_mun": 84.92}}, {"type": "Feature", "geometry": {"type": "Polygon", "coordinates": [[[-97.55741717979112, 19.242025490192276], [-97.55823357998906, 19.24196308015473], [-97.55835762009362, 19.24306374966341], [-97.55755528013663, 19.243142340432225], [-97.55741717979112, 19.242025490192276]]]}, "properties": {"CVEGEO": "2110800250133014", "CVE_LOC": "0025", "AGEB": "0133", "MZA": "014", "SECCION": 882, "POBTOT": 0, "P18YMAS": 0, "P18YMAS_H": 0, "P18YMAS_M": 0, "P18A24": 0, "ITER_MATCH": false, "LN_total_sec": 2061, "LN_H_sec": 985, "LN_M_sec": 1076, "LN_1839_sec": 1194, "LN_estimada": 13, "LN_H_est": 6, "LN_M_est": 7, "LN_1839_est": 8, "rank_seccion": 42, "pct_acum_sec": 26.49, "prioridad_50": true, "prioridad_80": true, "rank_municipal": 530, "pct_acum_LN_mun": 85.0}}, {"type": "Feature", "geometry": {"type": "Polygon", "coordinates": [[[-97.55730063029183, 19.24081614969126], [-97.55809022983198, 19.240749750171148], [-97.55822594038119, 19.241892459923374], [-97.55741220021271, 19.241965999870047], [-97.55730063029183, 19.24081614969126]]]}, "properties": {"CVEGEO": "2110800250133013", "CVE_LOC": "0025", "AGEB": "0133", "MZA": "013", "SECCION": 882, "POBTOT": 0, "P18YMAS": 0, "P18YMAS_H": 0, "P18YMAS_M": 0, "P18A24": 0, "ITER_MATCH": false, "LN_total_sec": 2061, "LN_H_sec": 985, "LN_M_sec": 1076, "LN_1839_sec": 1194, "LN_estimada": 13, "LN_H_est": 6, "LN_M_est": 7, "LN_1839_est": 8, "rank_seccion": 43, "pct_acum_sec": 27.12, "prioridad_50": true, "prioridad_80": true, "rank_municipal": 531, "pct_acum_LN_mun": 85.09}}, {"type": "Feature", "geometry": {"type": "Polygon", "coordinates": [[[-97.55653382980799, 19.242035290333543], [-97.55637865981282, 19.240897949679496], [-97.55722719965081, 19.240826820014654], [-97.55732371972881, 19.241972710198727], [-97.55653382980799, 19.242035290333543]]]}, "properties": {"CVEGEO": "2110800250133012", "CVE_LOC": "0025", "AGEB": "0133", "MZA": "012", "SECCION": 882, "POBTOT": 0, "P18YMAS": 0, "P18YMAS_H": 0, "P18YMAS_M": 0, "P18A24": 0, "ITER_MATCH": false, "LN_total_sec": 2061, "LN_H_sec": 985, "LN_M_sec": 1076, "LN_1839_sec": 1194, "LN_estimada": 13, "LN_H_est": 6, "LN_M_est": 7, "LN_1839_est": 8, "rank_seccion": 44, "pct_acum_sec": 27.75, "prioridad_50": true, "prioridad_80": true, "rank_municipal": 532, "pct_acum_LN_mun": 85.18}}, {"type": "Feature", "geometry": {"type": "Polygon", "coordinates": [[[-97.64693759973568, 19.370204150217724], [-97.64665929027775, 19.36991539980217], [-97.64692354994713, 19.36961628029707], [-97.6472507101179, 19.369855120244182], [-97.64693759973568, 19.370204150217724]]]}, "properties": {"CVEGEO": "211080008010A067", "CVE_LOC": "0008", "AGEB": "010A", "MZA": "067", "SECCION": 875, "POBTOT": 0, "P18YMAS": 0, "P18YMAS_H": 0, "P18YMAS_M": 0, "P18A24": 0, "ITER_MATCH": false, "LN_total_sec": 1680, "LN_H_sec": 825, "LN_M_sec": 855, "LN_1839_sec": 803, "LN_estimada": 0, "LN_H_est": 0, "LN_M_est": 0, "LN_1839_est": 0, "rank_seccion": 62, "pct_acum_sec": 100.0, "prioridad_50": false, "prioridad_80": false, "rank_municipal": 791, "pct_acum_LN_mun": 100.0}}, {"type": "Feature", "geometry": {"type": "Polygon", "coordinates": [[[-97.64760528030256, 19.37012400028066], [-97.64734312016085, 19.370391089991536], [-97.64714689045559, 19.37074220018219], [-97.64716246026717, 19.37046118005324], [-97.64704183035775, 19.37035545010461], [-97.64699746046543, 19.370264060007646], [-97.64729412014624, 19.369899850157033], [-97.64760528030256, 19.37012400028066]]]}, "properties": {"CVEGEO": "211080008010A066", "CVE_LOC": "0008", "AGEB": "010A", "MZA": "066", "SECCION": 875, "POBTOT": 0, "P18YMAS": 0, "P18YMAS_H": 0, "P18YMAS_M": 0, "P18A24": 0, "ITER_MATCH": false, "LN_total_sec": 1680, "LN_H_sec": 825, "LN_M_sec": 855, "LN_1839_sec": 803, "LN_estimada": 0, "LN_H_est": 0, "LN_M_est": 0, "LN_1839_est": 0, "rank_seccion": 63, "pct_acum_sec": 100.0, "prioridad_50": false, "prioridad_80": false, "rank_municipal": 792, "pct_acum_LN_mun": 100.0}}, {"type": "Feature", "geometry": {"type": "Polygon", "coordinates": [[[-97.65051927999572, 19.367726520179637], [-97.65057224963306, 19.36776390992623], [-97.65069306016989, 19.36784915001911], [-97.65046673996389, 19.368165819784007], [-97.65032061954851, 19.36804147995234], [-97.65018260013062, 19.36792844988307], [-97.65026963003275, 19.367784969997125], [-97.65045878018248, 19.36769908025816], [-97.65051927999572, 19.367726520179637]]]}, "properties": {"CVEGEO": "211080008010A056", "CVE_LOC": "0008", "AGEB": "010A", "MZA": "056", "SECCION": 875, "POBTOT": 0, "P18YMAS": 0, "P18YMAS_H": 0, "P18YMAS_M": 0, "P18A24": 0, "ITER_MATCH": false, "LN_total_sec": 1680, "LN_H_sec": 825, "LN_M_sec": 855, "LN_1839_sec": 803, "LN_estimada": 0, "LN_H_est": 0, "LN_M_est": 0, "LN_1839_est": 0, "rank_seccion": 64, "pct_acum_sec": 100.0, "prioridad_50": false, "prioridad_80": false, "rank_municipal": 793, "pct_acum_LN_mun": 100.0}}, {"type": "Feature", "geometry": {"type": "Polygon", "coordinates": [[[-97.64979785970247, 19.36763671039097], [-97.65002398015247, 19.367347970076803], [-97.6501431802019, 19.367454619583356], [-97.65027962002532, 19.36757340033792], [-97.6503740500363, 19.367655629705936], [-97.65022759974885, 19.36774466031817], [-97.65010805959453, 19.36787684981227], [-97.64979785970247, 19.36763671039097]]]}, "properties": {"CVEGEO": "211080008010A055", "CVE_LOC": "0008", "AGEB": "010A", "MZA": "055", "SECCION": 875, "POBTOT": 0, "P18YMAS": 0, "P18YMAS_H": 0, "P18YMAS_M": 0, "P18A24": 0, "ITER_MATCH": false, "LN_total_sec": 1680, "LN_H_sec": 825, "LN_M_sec": 855, "LN_1839_sec": 803, "LN_estimada": 0, "LN_H_est": 0, "LN_M_est": 0, "LN_1839_est": 0, "rank_seccion": 65, "pct_acum_sec": 100.0, "prioridad_50": false, "prioridad_80": false, "rank_municipal": 794, "pct_acum_LN_mun": 100.0}}, {"type": "Feature", "geometry": {"type": "Polygon", "coordinates": [[[-97.64974437006869, 19.36758159963886], [-97.64941774002733, 19.367348919724343], [-97.6496607200964, 19.36705003034043], [-97.64982291962718, 19.367156459994852], [-97.64993258039772, 19.3672662600973], [-97.64997437048034, 19.36730854966864], [-97.64974437006869, 19.36758159963886]]]}, "properties": {"CVEGEO": "211080008010A054", "CVE_LOC": "0008", "AGEB": "010A", "MZA": "054", "SECCION": 875, "POBTOT": 0, "P18YMAS": 0, "P18YMAS_H": 0, "P18YMAS_M": 0, "P18A24": 0, "ITER_MATCH": false, "LN_total_sec": 1680, "LN_H_sec": 825, "LN_M_sec": 855, "LN_1839_sec": 803, "LN_estimada": 0, "LN_H_est": 0, "LN_M_est": 0, "LN_1839_est": 0, "rank_seccion": 66, "pct_acum_sec": 100.0, "prioridad_50": false, "prioridad_80": false, "rank_municipal": 795, "pct_acum_LN_mun": 100.0}}, {"type": "Feature", "geometry": {"type": "Polygon", "coordinates": [[[-97.64936302965204, 19.36682699994426], [-97.64960292032514, 19.36703110967612], [-97.64936470963693, 19.367289459760414], [-97.64910913953918, 19.367091150090285], [-97.64936302965204, 19.36682699994426]]]}, "properties": {"CVEGEO": "211080008010A053", "CVE_LOC": "0008", "AGEB": "010A", "MZA": "053", "SECCION": 875, "POBTOT": 0, "P18YMAS": 0, "P18YMAS_H": 0, "P18YMAS_M": 0, "P18A24": 0, "ITER_MATCH": false, "LN_total_sec": 1680, "LN_H_sec": 825, "LN_M_sec": 855, "LN_1839_sec": 803, "LN_estimada": 0, "LN_H_est": 0, "LN_M_est": 0, "LN_1839_est": 0, "rank_seccion": 67, "pct_acum_sec": 100.0, "prioridad_50": false, "prioridad_80": false, "rank_municipal": 796, "pct_acum_LN_mun": 100.0}}, {"type": "Feature", "geometry": {"type": "Polygon", "coordinates": [[[-97.64906501955186, 19.36714366010791], [-97.64932951010556, 19.36735714999295], [-97.64907104996084, 19.367636570443523], [-97.64880146026452, 19.367411709707916], [-97.64906501955186, 19.36714366010791]]]}, "properties": {"CVEGEO": "211080008010A052", "CVE_LOC": "0008", "AGEB": "010A", "MZA": "052", "SECCION": 875, "POBTOT": 0, "P18YMAS": 0, "P18YMAS_H": 0, "P18YMAS_M": 0, "P18A24": 0, "ITER_MATCH": false, "LN_total_sec": 1680, "LN_H_sec": 825, "LN_M_sec": 855, "LN_1839_sec": 803, "LN_estimada": 0, "LN_H_est": 0, "LN_M_est": 0, "LN_1839_est": 0, "rank_seccion": 68, "pct_acum_sec": 100.0, "prioridad_50": false, "prioridad_80": false, "rank_municipal": 797, "pct_acum_LN_mun": 100.0}}, {"type": "Feature", "geometry": {"type": "Polygon", "coordinates": [[[-97.64819220045725, 19.368824659855242], [-97.64848583008838, 19.369055000040554], [-97.64824108012614, 19.369354480022555], [-97.64794916957986, 19.36911774004249], [-97.64819220045725, 19.368824659855242]]]}, "properties": {"CVEGEO": "211080008010A027", "CVE_LOC": "0008", "AGEB": "010A", "MZA": "027", "SECCION": 875, "POBTOT": 0, "P18YMAS": 0, "P18YMAS_H": 0, "P18YMAS_M": 0, "P18A24": 0, "ITER_MATCH": false, "LN_total_sec": 1680, "LN_H_sec": 825, "LN_M_sec": 855, "LN_1839_sec": 803, "LN_estimada": 0, "LN_H_est": 0, "LN_M_est": 0, "LN_1839_est": 0, "rank_seccion": 69, "pct_acum_sec": 100.0, "prioridad_50": false, "prioridad_80": false, "rank_municipal": 798, "pct_acum_LN_mun": 100.0}}, {"type": "Feature", "geometry": {"type": "Polygon", "coordinates": [[[-97.64767882988225, 19.3694872897878], [-97.64790161959144, 19.369179339767843], [-97.6482057698975, 19.36941427982461], [-97.64795752011115, 19.36972236974743], [-97.64767882988225, 19.3694872897878]]]}, "properties": {"CVEGEO": "211080008010A026", "CVE_LOC": "0008", "AGEB": "010A", "MZA": "026", "SECCION": 875, "POBTOT": 0, "P18YMAS": 0, "P18YMAS_H": 0, "P18YMAS_M": 0, "P18A24": 0, "ITER_MATCH": false, "LN_total_sec": 1680, "LN_H_sec": 825, "LN_M_sec": 855, "LN_1839_sec": 803, "LN_estimada": 0, "LN_H_est": 0, "LN_M_est": 0, "LN_1839_est": 0, "rank_seccion": 70, "pct_acum_sec": 100.0, "prioridad_50": false, "prioridad_80": false, "rank_municipal": 799, "pct_acum_LN_mun": 100.0}}, {"type": "Feature", "geometry": {"type": "Polygon", "coordinates": [[[-97.6506694800012, 19.369487079776906], [-97.65089422995678, 19.369225030308588], [-97.65121322961677, 19.369486280091913], [-97.65099140012899, 19.3697496196434], [-97.6506694800012, 19.369487079776906]]]}, "properties": {"CVEGEO": "211080008010A017", "CVE_LOC": "0008", "AGEB": "010A", "MZA": "017", "SECCION": 875, "POBTOT": 0, "P18YMAS": 0, "P18YMAS_H": 0, "P18YMAS_M": 0, "P18A24": 0, "ITER_MATCH": false, "LN_total_sec": 1680, "LN_H_sec": 825, "LN_M_sec": 855, "LN_1839_sec": 803, "LN_estimada": 0, "LN_H_est": 0, "LN_M_est": 0, "LN_1839_est": 0, "rank_seccion": 71, "pct_acum_sec": 100.0, "prioridad_50": false, "prioridad_80": false, "rank_municipal": 800, "pct_acum_LN_mun": 100.0}}, {"type": "Feature", "geometry": {"type": "Polygon", "coordinates": [[[-97.65061427960269, 19.369435889862856], [-97.65029015031732, 19.369210029566343], [-97.65054926024303, 19.368920780319826], [-97.65084606016373, 19.369178029981345], [-97.65061427960269, 19.369435889862856]]]}, "properties": {"CVEGEO": "211080008010A016", "CVE_LOC": "0008", "AGEB": "010A", "MZA": "016", "SECCION": 875, "POBTOT": 0, "P18YMAS": 0, "P18YMAS_H": 0, "P18YMAS_M": 0, "P18A24": 0, "ITER_MATCH": false, "LN_total_sec": 1680, "LN_H_sec": 825, "LN_M_sec": 855, "LN_1839_sec": 803, "LN_estimada": 0, "LN_H_est": 0, "LN_M_est": 0, "LN_1839_est": 0, "rank_seccion": 72, "pct_acum_sec": 100.0, "prioridad_50": false, "prioridad_80": false, "rank_municipal": 801, "pct_acum_LN_mun": 100.0}}, {"type": "Feature", "geometry": {"type": "Polygon", "coordinates": [[[-97.65019525957378, 19.3686238503846], [-97.65048908996602, 19.36886703003094], [-97.65023548986694, 19.369162719798048], [-97.64994163018329, 19.368925199876458], [-97.65019525957378, 19.3686238503846]]]}, "properties": {"CVEGEO": "211080008010A015", "CVE_LOC": "0008", "AGEB": "010A", "MZA": "015", "SECCION": 875, "POBTOT": 0, "P18YMAS": 0, "P18YMAS_H": 0, "P18YMAS_M": 0, "P18A24": 0, "ITER_MATCH": false, "LN_total_sec": 1680, "LN_H_sec": 825, "LN_M_sec": 855, "LN_1839_sec": 803, "LN_estimada": 0, "LN_H_est": 0, "LN_M_est": 0, "LN_1839_est": 0, "rank_seccion": 73, "pct_acum_sec": 100.0, "prioridad_50": false, "prioridad_80": false, "rank_municipal": 802, "pct_acum_LN_mun": 100.0}}, {"type": "Feature", "geometry": {"type": "Polygon", "coordinates": [[[-97.63738471042895, 19.41142071999309], [-97.63759490979574, 19.411573850382634], [-97.63732561970778, 19.41172479991132], [-97.63716236988853, 19.41165233990823], [-97.63738471042895, 19.41142071999309]]]}, "properties": {"CVEGEO": "211080005010A066", "CVE_LOC": "0005", "AGEB": "010A", "MZA": "066", "SECCION": 876, "POBTOT": 0, "P18YMAS": 0, "P18YMAS_H": 0, "P18YMAS_M": 0, "P18A24": 0, "ITER_MATCH": false, "LN_total_sec": 1428, "LN_H_sec": 662, "LN_M_sec": 766, "LN_1839_sec": 812, "LN_estimada": 16, "LN_H_est": 8, "LN_M_est": 9, "LN_1839_est": 9, "rank_seccion": 12, "pct_acum_sec": 13.73, "prioridad_50": true, "prioridad_80": true, "rank_municipal": 356, "pct_acum_LN_mun": 67.56}}, {"type": "Feature", "geometry": {"type": "Polygon", "coordinates": [[[-97.63650496991617, 19.41230942042884], [-97.63620534978779, 19.412622490156448], [-97.63604564973278, 19.412216369717218], [-97.63638464971221, 19.411844109788234], [-97.63669690982869, 19.412103919921165], [-97.63650496991617, 19.41230942042884]]]}, "properties": {"CVEGEO": "211080005010A076", "CVE_LOC": "0005", "AGEB": "010A", "MZA": "076", "SECCION": 876, "POBTOT": 0, "P18YMAS": 0, "P18YMAS_H": 0, "P18YMAS_M": 0, "P18A24": 0, "ITER_MATCH": false, "LN_total_sec": 1428, "LN_H_sec": 662, "LN_M_sec": 766, "LN_1839_sec": 812, "LN_estimada": 16, "LN_H_est": 8, "LN_M_est": 9, "LN_1839_est": 9, "rank_seccion": 13, "pct_acum_sec": 14.85, "prioridad_50": true, "prioridad_80": true, "rank_municipal": 357, "pct_acum_LN_mun": 67.67}}, {"type": "Feature", "geometry": {"type": "Polygon", "coordinates": [[[-97.63667141969985, 19.411448510328942], [-97.63636808976642, 19.41179596989746], [-97.63603406046299, 19.412173199944707], [-97.63582748961716, 19.41153919982399], [-97.63607231975656, 19.41148287989543], [-97.63634734976154, 19.411191259761114], [-97.63667141969985, 19.411448510328942]]]}, "properties": {"CVEGEO": "211080005010A068", "CVE_LOC": "0005", "AGEB": "010A", "MZA": "068", "SECCION": 876, "POBTOT": 0, "P18YMAS": 0, "P18YMAS_H": 0, "P18YMAS_M": 0, "P18A24": 0, "ITER_MATCH": false, "LN_total_sec": 1428, "LN_H_sec": 662, "LN_M_sec": 766, "LN_1839_sec": 812, "LN_estimada": 16, "LN_H_est": 8, "LN_M_est": 9, "LN_1839_est": 9, "rank_seccion": 14, "pct_acum_sec": 15.97, "prioridad_50": true, "prioridad_80": true, "rank_municipal": 358, "pct_acum_LN_mun": 67.77}}, {"type": "Feature", "geometry": {"type": "Polygon", "coordinates": [[[-97.63604642035325, 19.411444940192965], [-97.63581477024249, 19.411501780311976], [-97.63570221973843, 19.41113000041379], [-97.63595798046231, 19.410885219731373], [-97.63631959993704, 19.411166780321228], [-97.63604642035325, 19.411444940192965]]]}, "properties": {"CVEGEO": "211080005010A069", "CVE_LOC": "0005", "AGEB": "010A", "MZA": "069", "SECCION": 876, "POBTOT": 0, "P18YMAS": 0, "P18YMAS_H": 0, "P18YMAS_M": 0, "P18A24": 0, "ITER_MATCH": false, "LN_total_sec": 1428, "LN_H_sec": 662, "LN_M_sec": 766, "LN_1839_sec": 812, "LN_estimada": 16, "LN_H_est": 8, "LN_M_est": 9, "LN_1839_est": 9, "rank_seccion": 15, "pct_acum_sec": 17.09, "prioridad_50": true, "prioridad_80": true, "rank_municipal": 359, "pct_acum_LN_mun": 67.88}}, {"type": "Feature", "geometry": {"type": "Polygon", "coordinates": [[[-97.63593620005145, 19.407070370298122], [-97.6358962604631, 19.40704078019712], [-97.63582805979887, 19.406990259858468], [-97.63578647954579, 19.406958749714587], [-97.63572938044122, 19.406915429570905], [-97.6356563202496, 19.406860119859612], [-97.63582881970795, 19.406645089730773], [-97.63591648017791, 19.40670897955561], [-97.6359556197211, 19.406737509611293], [-97.63596860031558, 19.40674697028878], [-97.6359742198725, 19.406751179676927], [-97.63602983003673, 19.406793089862216], [-97.63612951022287, 19.406868170007034], [-97.63626531038585, 19.40696850957685], [-97.63607513992889, 19.407183019969978], [-97.63593620005145, 19.407070370298122]]]}, "properties": {"CVEGEO": "211080005010A053", "CVE_LOC": "0005", "AGEB": "010A", "MZA": "053", "SECCION": 876, "POBTOT": 0, "P18YMAS": 0, "P18YMAS_H": 0, "P18YMAS_M": 0, "P18A24": 0, "ITER_MATCH": false, "LN_total_sec": 1428, "LN_H_sec": 662, "LN_M_sec": 766, "LN_1839_sec": 812, "LN_estimada": 16, "LN_H_est": 8, "LN_M_est": 9, "LN_1839_est": 9, "rank_seccion": 16, "pct_acum_sec": 18.21, "prioridad_50": true, "prioridad_80": true, "rank_municipal": 360, "pct_acum_LN_mun": 67.99}}, {"type": "Feature", "geometry": {"type": "Polygon", "coordinates": [[[-97.63722484998804, 19.40941651979639], [-97.63690077957143, 19.409166910069132], [-97.63718291032507, 19.40886189014716], [-97.63749982001032, 19.409115420231387], [-97.63722484998804, 19.40941651979639]]]}, "properties": {"CVEGEO": "211080005010A008", "CVE_LOC": "0005", "AGEB": "010A", "MZA": "008", "SECCION": 876, "POBTOT": 0, "P18YMAS": 0, "P18YMAS_H": 0, "P18YMAS_M": 0, "P18A24": 0, "ITER_MATCH": false, "LN_total_sec": 1428, "LN_H_sec": 662, "LN_M_sec": 766, "LN_1839_sec": 812, "LN_estimada": 16, "LN_H_est": 8, "LN_M_est": 9, "LN_1839_est": 9, "rank_seccion": 17, "pct_acum_sec": 19.33, "prioridad_50": true, "prioridad_80": true, "rank_municipal": 361, "pct_acum_LN_mun": 68.1}}, {"type": "Feature", "geometry": {"type": "Polygon", "coordinates": [[[-97.63577209029715, 19.408915310297182], [-97.63549613999437, 19.409214250194555], [-97.63517938024249, 19.40895112036467], [-97.63545625990265, 19.40864957033217], [-97.63577209029715, 19.408915310297182]]]}, "properties": {"CVEGEO": "211080005010A013", "CVE_LOC": "0005", "AGEB": "010A", "MZA": "013", "SECCION": 876, "POBTOT": 0, "P18YMAS": 0, "P18YMAS_H": 0, "P18YMAS_M": 0, "P18A24": 0, "ITER_MATCH": false, "LN_total_sec": 1428, "LN_H_sec": 662, "LN_M_sec": 766, "LN_1839_sec": 812, "LN_estimada": 16, "LN_H_est": 8, "LN_M_est": 9, "LN_1839_est": 9, "rank_seccion": 18, "pct_acum_sec": 20.45, "prioridad_50": true, "prioridad_80": true, "rank_municipal": 362, "pct_acum_LN_mun": 68.21}}, {"type": "Feature", "geometry": {"type": "Polygon", "coordinates": [[[-97.63560431952605, 19.40990000039427], [-97.63584031039642, 19.409588419991902], [-97.6362025099829, 19.409857290395202], [-97.63592310964479, 19.410166369653776], [-97.63560431952605, 19.40990000039427]]]}, "properties": {"CVEGEO": "211080005010A027", "CVE_LOC": "0005", "AGEB": "010A", "MZA": "027", "SECCION": 876, "POBTOT": 0, "P18YMAS": 0, "P18YMAS_H": 0, "P18YMAS_M": 0, "P18A24": 0, "ITER_MATCH": false, "LN_total_sec": 1428, "LN_H_sec": 662, "LN_M_sec": 766, "LN_1839_sec": 812, "LN_estimada": 16, "LN_H_est": 8, "LN_M_est": 9, "LN_1839_est": 9, "rank_seccion": 19, "pct_acum_sec": 21.57, "prioridad_50": true, "prioridad_80": true, "rank_municipal": 363, "pct_acum_LN_mun": 68.31}}, {"type": "Feature", "geometry": {"type": "Polygon", "coordinates": [[[-97.6360675795502, 19.407959679973086], [-97.63639690963727, 19.40821160040462], [-97.6361342002249, 19.408520199664153], [-97.63580602996261, 19.40824108003988], [-97.6360675795502, 19.407959679973086]]]}, "properties": {"CVEGEO": "211080005010A015", "CVE_LOC": "0005", "AGEB": "010A", "MZA": "015", "SECCION": 876, "POBTOT": 0, "P18YMAS": 0, "P18YMAS_H": 0, "P18YMAS_M": 0, "P18A24": 0, "ITER_MATCH": false, "LN_total_sec": 1428, "LN_H_sec": 662, "LN_M_sec": 766, "LN_1839_sec": 812, "LN_estimada": 16, "LN_H_est": 8, "LN_M_est": 9, "LN_1839_est": 9, "rank_seccion": 20, "pct_acum_sec": 22.69, "prioridad_50": true, "prioridad_80": true, "rank_municipal": 364, "pct_acum_LN_mun": 68.42}}, {"type": "Feature", "geometry": {"type": "Polygon", "coordinates": [[[-97.63575478009993, 19.408294340394686], [-97.63609330957254, 19.408572059804385], [-97.63580975004301, 19.40887022020961], [-97.63549315036957, 19.408607050436576], [-97.63575478009993, 19.408294340394686]]]}, "properties": {"CVEGEO": "211080005010A014", "CVE_LOC": "0005", "AGEB": "010A", "MZA": "014", "SECCION": 876, "POBTOT": 0, "P18YMAS": 0, "P18YMAS_H": 0, "P18YMAS_M": 0, "P18A24": 0, "ITER_MATCH": false, "LN_total_sec": 1428, "LN_H_sec": 662, "LN_M_sec": 766, "LN_1839_sec": 812, "LN_estimada": 16, "LN_H_est": 8, "LN_M_est": 9, "LN_1839_est": 9, "rank_seccion": 21, "pct_acum_sec": 23.81, "prioridad_50": true, "prioridad_80": true, "rank_municipal": 365, "pct_acum_LN_mun": 68.53}}, {"type": "Feature", "geometry": {"type": "Polygon", "coordinates": [[[-97.63618094018487, 19.409243459964078], [-97.63651777990131, 19.40951088018578], [-97.63623038002147, 19.409815979954338], [-97.63587445036796, 19.409545910251822], [-97.63618094018487, 19.409243459964078]]]}, "properties": {"CVEGEO": "211080005010A011", "CVE_LOC": "0005", "AGEB": "010A", "MZA": "011", "SECCION": 876, "POBTOT": 0, "P18YMAS": 0, "P18YMAS_H": 0, "P18YMAS_M": 0, "P18A24": 0, "ITER_MATCH": false, "LN_total_sec": 1428, "LN_H_sec": 662, "LN_M_sec": 766, "LN_1839_sec": 812, "LN_estimada": 16, "LN_H_est": 8, "LN_M_est": 9, "LN_1839_est": 9, "rank_seccion": 22, "pct_acum_sec": 24.93, "prioridad_50": true, "prioridad_80": true, "rank_municipal": 366, "pct_acum_LN_mun": 68.64}}, {"type": "Feature", "geometry": {"type": "Polygon", "coordinates": [[[-97.6364402195555, 19.408252400251033], [-97.63676159973288, 19.40851586003227], [-97.63648914002836, 19.40883076984989], [-97.63617982041423, 19.408560779893357], [-97.6364402195555, 19.408252400251033]]]}, "properties": {"CVEGEO": "211080005010A004", "CVE_LOC": "0005", "AGEB": "010A", "MZA": "004", "SECCION": 876, "POBTOT": 0, "P18YMAS": 0, "P18YMAS_H": 0, "P18YMAS_M": 0, "P18A24": 0, "ITER_MATCH": false, "LN_total_sec": 1428, "LN_H_sec": 662, "LN_M_sec": 766, "LN_1839_sec": 812, "LN_estimada": 16, "LN_H_est": 8, "LN_M_est": 9, "LN_1839_est": 9, "rank_seccion": 23, "pct_acum_sec": 26.05, "prioridad_50": true, "prioridad_80": true, "rank_municipal": 367, "pct_acum_LN_mun": 68.74}}, {"type": "Feature", "geometry": {"type": "Polygon", "coordinates": [[[-97.6347674800833, 19.40867784977089], [-97.63509615034317, 19.40894599971356], [-97.6348044899931, 19.40930044976202], [-97.63457134956145, 19.40896068013167], [-97.63453542041101, 19.408899820256664], [-97.6347674800833, 19.40867784977089]]]}, "properties": {"CVEGEO": "211080005010A030", "CVE_LOC": "0005", "AGEB": "010A", "MZA": "030", "SECCION": 876, "POBTOT": 0, "P18YMAS": 0, "P18YMAS_H": 0, "P18YMAS_M": 0, "P18A24": 0, "ITER_MATCH": false, "LN_total_sec": 1428, "LN_H_sec": 662, "LN_M_sec": 766, "LN_1839_sec": 812, "LN_estimada": 16, "LN_H_est": 8, "LN_M_est": 9, "LN_1839_est": 9, "rank_seccion": 24, "pct_acum_sec": 27.17, "prioridad_50": true, "prioridad_80": true, "rank_municipal": 368, "pct_acum_LN_mun": 68.85}}, {"type": "Feature", "geometry": {"type": "Polygon", "coordinates": [[[-97.63507657044573, 19.408351829916903], [-97.63540877973416, 19.408609919601755], [-97.63513026026612, 19.408910800372972], [-97.63479098047131, 19.408637919859746], [-97.63507657044573, 19.408351829916903]]]}, "properties": {"CVEGEO": "211080005010A031", "CVE_LOC": "0005", "AGEB": "010A", "MZA": "031", "SECCION": 876, "POBTOT": 0, "P18YMAS": 0, "P18YMAS_H": 0, "P18YMAS_M": 0, "P18A24": 0, "ITER_MATCH": false, "LN_total_sec": 1428, "LN_H_sec": 662, "LN_M_sec": 766, "LN_1839_sec": 812, "LN_estimada": 16, "LN_H_est": 8, "LN_M_est": 9, "LN_1839_est": 9, "rank_seccion": 25, "pct_acum_sec": 28.29, "prioridad_50": true, "prioridad_80": true, "rank_municipal": 369, "pct_acum_LN_mun": 68.96}}, {"type": "Feature", "geometry": {"type": "Polygon", "coordinates": [[[-97.63472866044755, 19.408644550024313], [-97.63451881959978, 19.408858879602597], [-97.63415816973111, 19.408456860083533], [-97.63441630956099, 19.40827740005193], [-97.63472866044755, 19.408644550024313]]]}, "properties": {"CVEGEO": "211080005010A049", "CVE_LOC": "0005", "AGEB": "010A", "MZA": "049", "SECCION": 876, "POBTOT": 0, "P18YMAS": 0, "P18YMAS_H": 0, "P18YMAS_M": 0, "P18A24": 0, "ITER_MATCH": false, "LN_total_sec": 1428, "LN_H_sec": 662, "LN_M_sec": 766, "LN_1839_sec": 812, "LN_estimada": 16, "LN_H_est": 8, "LN_M_est": 9, "LN_1839_est": 9, "rank_seccion": 26, "pct_acum_sec": 29.41, "prioridad_50": true, "prioridad_80": true, "rank_municipal": 370, "pct_acum_LN_mun": 69.07}}, {"type": "Feature", "geometry": {"type": "Polygon", "coordinates": [[[-97.63527294981293, 19.407898110016195], [-97.63538667957404, 19.407988709950644], [-97.6350727500386, 19.40828580032059], [-97.63480031991031, 19.40804965967285], [-97.63527294981293, 19.407898110016195]]]}, "properties": {"CVEGEO": "211080005010A051", "CVE_LOC": "0005", "AGEB": "010A", "MZA": "051", "SECCION": 876, "POBTOT": 0, "P18YMAS": 0, "P18YMAS_H": 0, "P18YMAS_M": 0, "P18A24": 0, "ITER_MATCH": false, "LN_total_sec": 1428, "LN_H_sec": 662, "LN_M_sec": 766, "LN_1839_sec": 812, "LN_estimada": 16, "LN_H_est": 8, "LN_M_est": 9, "LN_1839_est": 9, "rank_seccion": 27, "pct_acum_sec": 30.53, "prioridad_50": true, "prioridad_80": true, "rank_municipal": 371, "pct_acum_LN_mun": 69.18}}, {"type": "Feature", "geometry": {"type": "Polygon", "coordinates": [[[-97.63493941976678, 19.407603510116083], [-97.63523414984569, 19.407864289811098], [-97.63475396972933, 19.408006720326686], [-97.63464214001992, 19.407930779698557], [-97.63493941976678, 19.407603510116083]]]}, "properties": {"CVEGEO": "211080005010A070", "CVE_LOC": "0005", "AGEB": "010A", "MZA": "070", "SECCION": 876, "POBTOT": 0, "P18YMAS": 0, "P18YMAS_H": 0, "P18YMAS_M": 0, "P18A24": 0, "ITER_MATCH": false, "LN_total_sec": 1428, "LN_H_sec": 662, "LN_M_sec": 766, "LN_1839_sec": 812, "LN_estimada": 16, "LN_H_est": 8, "LN_M_est": 9, "LN_1839_est": 9, "rank_seccion": 28, "pct_acum_sec": 31.65, "prioridad_50": true, "prioridad_80": true, "rank_municipal": 372, "pct_acum_LN_mun": 69.28}}, {"type": "Feature", "geometry": {"type": "Polygon", "coordinates": [[[-97.63542274980534, 19.408019599723364], [-97.6357115498835, 19.408259340014077], [-97.63544314029822, 19.40858048040446], [-97.63510977989219, 19.408321170161294], [-97.63542274980534, 19.408019599723364]]]}, "properties": {"CVEGEO": "211080005010A032", "CVE_LOC": "0005", "AGEB": "010A", "MZA": "032", "SECCION": 876, "POBTOT": 0, "P18YMAS": 0, "P18YMAS_H": 0, "P18YMAS_M": 0, "P18A24": 0, "ITER_MATCH": false, "LN_total_sec": 1428, "LN_H_sec": 662, "LN_M_sec": 766, "LN_1839_sec": 812, "LN_estimada": 16, "LN_H_est": 8, "LN_M_est": 9, "LN_1839_est": 9, "rank_seccion": 29, "pct_acum_sec": 32.77, "prioridad_50": true, "prioridad_80": true, "rank_municipal": 373, "pct_acum_LN_mun": 69.39}}, {"type": "Feature", "geometry": {"type": "Polygon", "coordinates": [[[-97.5359195703972, 19.341439139947603], [-97.53667641962384, 19.342013580009468], [-97.53618111039385, 19.342587259833827], [-97.53544200014977, 19.342043290017024], [-97.5359195703972, 19.341439139947603]]]}, "properties": {"CVEGEO": "2110800030114023", "CVE_LOC": "0003", "AGEB": "0114", "MZA": "023", "SECCION": 881, "POBTOT": 0, "P18YMAS": 0, "P18YMAS_H": 0, "P18YMAS_M": 0, "P18A24": 0, "ITER_MATCH": false, "LN_total_sec": 1115, "LN_H_sec": 551, "LN_M_sec": 564, "LN_1839_sec": 548, "LN_estimada": 22, "LN_H_est": 11, "LN_M_est": 11, "LN_1839_est": 11, "rank_seccion": 8, "pct_acum_sec": 15.78, "prioridad_50": true, "prioridad_80": true, "rank_municipal": 217, "pct_acum_LN_mun": 49.19}}, {"type": "Feature", "geometry": {"type": "Polygon", "coordinates": [[[-97.536368059945, 19.339657969603735], [-97.53615920017786, 19.339485369732287], [-97.53664271045358, 19.33888104973905], [-97.53745285000984, 19.339485090105764], [-97.53698330979829, 19.3400742601325], [-97.53683528017007, 19.33995988001937], [-97.5367166002442, 19.339869229838634], [-97.536552880168, 19.339788889796054], [-97.536368059945, 19.339657969603735]]]}, "properties": {"CVEGEO": "2110800030114011", "CVE_LOC": "0003", "AGEB": "0114", "MZA": "011", "SECCION": 881, "POBTOT": 0, "P18YMAS": 0, "P18YMAS_H": 0, "P18YMAS_M": 0, "P18A24": 0, "ITER_MATCH": false, "LN_total_sec": 1115, "LN_H_sec": 551, "LN_M_sec": 564, "LN_1839_sec": 548, "LN_estimada": 22, "LN_H_est": 11, "LN_M_est": 11, "LN_1839_est": 11, "rank_seccion": 9, "pct_acum_sec": 17.76, "prioridad_50": true, "prioridad_80": true, "rank_municipal": 218, "pct_acum_LN_mun": 49.34}}, {"type": "Feature", "geometry": {"type": "Polygon", "coordinates": [[[-97.62186456998928, 19.37124764978441], [-97.6218978000721, 19.370958019777575], [-97.62205737043632, 19.370972940432264], [-97.62221115007544, 19.370987339629348], [-97.62224594028821, 19.371006799652214], [-97.62232061991851, 19.371048649990797], [-97.62212511976972, 19.371393509722044], [-97.62186456998928, 19.37124764978441]]]}, "properties": {"CVEGEO": "2110800010078035", "CVE_LOC": "0001", "AGEB": "0078", "MZA": "035", "SECCION": 879, "POBTOT": 14, "P18YMAS": 10, "P18YMAS_H": 6, "P18YMAS_M": 4, "P18A24": 3, "ITER_MATCH": true, "LN_total_sec": 1640, "LN_H_sec": 768, "LN_M_sec": 872, "LN_1839_sec": 820, "LN_estimada": 14, "LN_H_est": 7, "LN_M_est": 7, "LN_1839_est": 7, "rank_seccion": 59, "pct_acum_sec": 87.32, "prioridad_50": false, "prioridad_80": false, "rank_municipal": 468, "pct_acum_LN_mun": 79.45}}, {"type": "Feature", "geometry": {"type": "Polygon", "coordinates": [[[-97.62179728962509, 19.371732000191752], [-97.62183985951661, 19.37145643022037], [-97.62186181966204, 19.371314339634356], [-97.62209607998842, 19.371445429800144], [-97.62200921985789, 19.371592120237004], [-97.6219432502252, 19.371703510193683], [-97.62189820048746, 19.371779579686493], [-97.62179728962509, 19.371732000191752]]]}, "properties": {"CVEGEO": "2110800010078034", "CVE_LOC": "0001", "AGEB": "0078", "MZA": "034", "SECCION": 879, "POBTOT": 12, "P18YMAS": 8, "P18YMAS_H": 0, "P18YMAS_M": 6, "P18A24": 0, "ITER_MATCH": true, "LN_total_sec": 1640, "LN_H_sec": 768, "LN_M_sec": 872, "LN_1839_sec": 820, "LN_estimada": 11, "LN_H_est": 5, "LN_M_est": 6, "LN_1839_est": 6, "rank_seccion": 71, "pct_acum_sec": 97.32, "prioridad_50": false, "prioridad_80": false, "rank_municipal": 675, "pct_acum_LN_mun": 97.47}}, {"type": "Feature", "geometry": {"type": "Polygon", "coordinates": [[[-97.62134848993097, 19.374094050370314], [-97.62168931028941, 19.37383034036378], [-97.62178731003262, 19.373878980383417], [-97.62157533953668, 19.374212260283162], [-97.62134848993097, 19.374094050370314]]]}, "properties": {"CVEGEO": "2110800010078033", "CVE_LOC": "0001", "AGEB": "0078", "MZA": "033", "SECCION": 879, "POBTOT": 6, "P18YMAS": 0, "P18YMAS_H": 0, "P18YMAS_M": 0, "P18A24": 0, "ITER_MATCH": true, "LN_total_sec": 1640, "LN_H_sec": 768, "LN_M_sec": 872, "LN_1839_sec": 820, "LN_estimada": 0, "LN_H_est": 0, "LN_M_est": 0, "LN_1839_est": 0, "rank_seccion": 123, "pct_acum_sec": 100.0, "prioridad_50": false, "prioridad_80": false, "rank_municipal": 803, "pct_acum_LN_mun": 100.0}}, {"type": "Feature", "geometry": {"type": "Polygon", "coordinates": [[[-97.62173433973955, 19.374294140230447], [-97.6216301496152, 19.37423930968991], [-97.62184022999516, 19.373909650271244], [-97.62215188962121, 19.374072429860153], [-97.62217720001532, 19.374085650399216], [-97.6219849397464, 19.374426049729436], [-97.62173433973955, 19.374294140230447]]]}, "properties": {"CVEGEO": "2110800010078032", "CVE_LOC": "0001", "AGEB": "0078", "MZA": "032", "SECCION": 880, "POBTOT": 35, "P18YMAS": 22, "P18YMAS_H": 10, "P18YMAS_M": 12, "P18A24": 4, "ITER_MATCH": true, "LN_total_sec": 1026, "LN_H_sec": 513, "LN_M_sec": 513, "LN_1839_sec": 467, "LN_estimada": 29, "LN_H_est": 14, "LN_M_est": 14, "LN_1839_est": 13, "rank_seccion": 7, "pct_acum_sec": 27.19, "prioridad_50": true, "prioridad_80": true, "rank_municipal": 132, "pct_acum_LN_mun": 34.63}}, {"type": "Feature", "geometry": {"type": "Polygon", "coordinates": [[[-97.6222227402639, 19.374551290441776], [-97.62203123028691, 19.37445204996432], [-97.62207769023635, 19.374374889889328], [-97.62214532029118, 19.374262569640585], [-97.6222341203247, 19.374115060198648], [-97.62260270966354, 19.374308920272494], [-97.62252890961571, 19.374442339957945], [-97.62244794979468, 19.374588660140915], [-97.62241384981404, 19.374650339614973], [-97.6222227402639, 19.374551290441776]]]}, "properties": {"CVEGEO": "2110800010078031", "CVE_LOC": "0001", "AGEB": "0078", "MZA": "031", "SECCION": 880, "POBTOT": 14, "P18YMAS": 11, "P18YMAS_H": 5, "P18YMAS_M": 6, "P18A24": 3, "ITER_MATCH": true, "LN_total_sec": 1026, "LN_H_sec": 513, "LN_M_sec": 513, "LN_1839_sec": 467, "LN_estimada": 15, "LN_H_est": 7, "LN_M_est": 7, "LN_1839_est": 7, "rank_seccion": 35, "pct_acum_sec": 86.55, "prioridad_50": false, "prioridad_80": false, "rank_municipal": 446, "pct_acum_LN_mun": 77.24}}, {"type": "Feature", "geometry": {"type": "Polygon", "coordinates": [[[-97.62696851987917, 19.37186180025956], [-97.62672200014096, 19.371724149692437], [-97.62673555008645, 19.371674320006083], [-97.62725671041241, 19.37176666006165], [-97.62716171043233, 19.371969659809743], [-97.62696851987917, 19.37186180025956]]]}, "properties": {"CVEGEO": "2110800010063048", "CVE_LOC": "0001", "AGEB": "0063", "MZA": "048", "SECCION": 880, "POBTOT": 24, "P18YMAS": 18, "P18YMAS_H": 9, "P18YMAS_M": 9, "P18A24": 0, "ITER_MATCH": true, "LN_total_sec": 1026, "LN_H_sec": 513, "LN_M_sec": 513, "LN_1839_sec": 467, "LN_estimada": 24, "LN_H_est": 12, "LN_M_est": 12, "LN_1839_est": 11, "rank_seccion": 16, "pct_acum_sec": 50.29, "prioridad_50": true, "prioridad_80": true, "rank_municipal": 189, "pct_acum_LN_mun": 44.83}}, {"type": "Feature", "geometry": {"type": "Polygon", "coordinates": [[[-97.62447574040327, 19.375752000032257], [-97.6246563799689, 19.37542505016759], [-97.62508794981817, 19.375646510039733], [-97.62490711961647, 19.37597070955286], [-97.62447574040327, 19.375752000032257]]]}, "properties": {"CVEGEO": "2110800010063043", "CVE_LOC": "0001", "AGEB": "0063", "MZA": "043", "SECCION": 880, "POBTOT": 10, "P18YMAS": 9, "P18YMAS_H": 4, "P18YMAS_M": 5, "P18A24": 3, "ITER_MATCH": true, "LN_total_sec": 1026, "LN_H_sec": 513, "LN_M_sec": 513, "LN_1839_sec": 467, "LN_estimada": 12, "LN_H_est": 6, "LN_M_est": 6, "LN_1839_est": 5, "rank_seccion": 38, "pct_acum_sec": 90.45, "prioridad_50": false, "prioridad_80": false, "rank_municipal": 644, "pct_acum_LN_mun": 94.97}}, {"type": "Feature", "geometry": {"type": "Polygon", "coordinates": [[[-97.62497616984201, 19.376002340373], [-97.62515108008586, 19.375674320279195], [-97.62554905988189, 19.375875969890462], [-97.62535823013688, 19.37619969012848], [-97.62497616984201, 19.376002340373]]]}, "properties": {"CVEGEO": "2110800010063042", "CVE_LOC": "0001", "AGEB": "0063", "MZA": "042", "SECCION": 880, "POBTOT": 8, "P18YMAS": 0, "P18YMAS_H": 0, "P18YMAS_M": 0, "P18A24": 0, "ITER_MATCH": true, "LN_total_sec": 1026, "LN_H_sec": 513, "LN_M_sec": 513, "LN_1839_sec": 467, "LN_estimada": 0, "LN_H_est": 0, "LN_M_est": 0, "LN_1839_est": 0, "rank_seccion": 53, "pct_acum_sec": 100.0, "prioridad_50": false, "prioridad_80": false, "rank_municipal": 804, "pct_acum_LN_mun": 100.0}}, {"type": "Feature", "geometry": {"type": "Polygon", "coordinates": [[[-97.62541594992796, 19.376227600102077], [-97.62560536961534, 19.37590374016111], [-97.62601085021393, 19.376113490301837], [-97.62582049008284, 19.376432549705296], [-97.62541594992796, 19.376227600102077]]]}, "properties": {"CVEGEO": "2110800010063041", "CVE_LOC": "0001", "AGEB": "0063", "MZA": "041", "SECCION": 880, "POBTOT": 23, "P18YMAS": 19, "P18YMAS_H": 8, "P18YMAS_M": 11, "P18A24": 0, "ITER_MATCH": true, "LN_total_sec": 1026, "LN_H_sec": 513, "LN_M_sec": 513, "LN_1839_sec": 467, "LN_estimada": 25, "LN_H_est": 13, "LN_M_est": 13, "LN_1839_est": 12, "rank_seccion": 12, "pct_acum_sec": 40.64, "prioridad_50": true, "prioridad_80": true, "rank_municipal": 174, "pct_acum_LN_mun": 42.32}}, {"type": "Feature", "geometry": {"type": "Polygon", "coordinates": [[[-97.62782715019328, 19.372847800317157], [-97.6277634501104, 19.372814089708744], [-97.62745995010158, 19.372653350094787], [-97.62758233985271, 19.37244645044748], [-97.62766394038681, 19.37230847977508], [-97.62788434962634, 19.372419819907183], [-97.62810512017393, 19.37253136957872], [-97.6279143797936, 19.372894019979388], [-97.62782715019328, 19.372847800317157]]]}, "properties": {"CVEGEO": "2110800010063040", "CVE_LOC": "0001", "AGEB": "0063", "MZA": "040", "SECCION": 880, "POBTOT": 36, "P18YMAS": 22, "P18YMAS_H": 10, "P18YMAS_M": 12, "P18A24": 0, "ITER_MATCH": true, "LN_total_sec": 1026, "LN_H_sec": 513, "LN_M_sec": 513, "LN_1839_sec": 467, "LN_estimada": 29, "LN_H_est": 14, "LN_M_est": 14, "LN_1839_est": 13, "rank_seccion": 8, "pct_acum_sec": 30.02, "prioridad_50": true, "prioridad_80": true, "rank_municipal": 133, "pct_acum_LN_mun": 34.83}}, {"type": "Feature", "geometry": {"type": "Polygon", "coordinates": [[[-97.62699319981236, 19.37241253975804], [-97.62707532043032, 19.372276739794334], [-97.62719830976488, 19.372073419927965], [-97.62761174981607, 19.372290429841165], [-97.62741808963195, 19.372634719895096], [-97.62699319981236, 19.37241253975804]]]}, "properties": {"CVEGEO": "2110800010063039", "CVE_LOC": "0001", "AGEB": "0063", "MZA": "039", "SECCION": 880, "POBTOT": 19, "P18YMAS": 16, "P18YMAS_H": 8, "P18YMAS_M": 8, "P18A24": 7, "ITER_MATCH": true, "LN_total_sec": 1026, "LN_H_sec": 513, "LN_M_sec": 513, "LN_1839_sec": 467, "LN_estimada": 21, "LN_H_est": 11, "LN_M_est": 11, "LN_1839_est": 10, "rank_seccion": 21, "pct_acum_sec": 61.5, "prioridad_50": false, "prioridad_80": true, "rank_municipal": 262, "pct_acum_LN_mun": 55.84}}, {"type": "Feature", "geometry": {"type": "Polygon", "coordinates": [[[-97.62646225008397, 19.372136479690873], [-97.6265274201591, 19.372029679896173], [-97.62667865008278, 19.371781859559125], [-97.6271278602739, 19.37204606041382], [-97.62700797989606, 19.372248149630053], [-97.62692997958894, 19.3723796602391], [-97.62646225008397, 19.372136479690873]]]}, "properties": {"CVEGEO": "2110800010063038", "CVE_LOC": "0001", "AGEB": "0063", "MZA": "038", "SECCION": 880, "POBTOT": 19, "P18YMAS": 15, "P18YMAS_H": 3, "P18YMAS_M": 12, "P18A24": 0, "ITER_MATCH": true, "LN_total_sec": 1026, "LN_H_sec": 513, "LN_M_sec": 513, "LN_1839_sec": 467, "LN_estimada": 20, "LN_H_est": 10, "LN_M_est": 10, "LN_1839_est": 9, "rank_seccion": 23, "pct_acum_sec": 65.5, "prioridad_50": false, "prioridad_80": true, "rank_municipal": 280, "pct_acum_LN_mun": 58.38}}, {"type": "Feature", "geometry": {"type": "Polygon", "coordinates": [[[-97.62515980012746, 19.3735532499638], [-97.62542721964408, 19.372721219945607], [-97.6256156004691, 19.372826620182853], [-97.62591375026345, 19.372993430008584], [-97.6255123503355, 19.373712459903988], [-97.62550402046448, 19.373727430343358], [-97.62515980012746, 19.3735532499638]]]}, "properties": {"CVEGEO": "2110800010063012", "CVE_LOC": "0001", "AGEB": "0063", "MZA": "012", "SECCION": 880, "POBTOT": 46, "P18YMAS": 31, "P18YMAS_H": 16, "P18YMAS_M": 15, "P18A24": 4, "ITER_MATCH": true, "LN_total_sec": 1026, "LN_H_sec": 513, "LN_M_sec": 513, "LN_1839_sec": 467, "LN_estimada": 41, "LN_H_est": 20, "LN_M_est": 20, "LN_1839_est": 19, "rank_seccion": 3, "pct_acum_sec": 14.91, "prioridad_50": true, "prioridad_80": true, "rank_municipal": 43, "pct_acum_LN_mun": 14.57}}, {"type": "Feature", "geometry": {"type": "Polygon", "coordinates": [[[-97.62556266025257, 19.3737572602619], [-97.62566257020919, 19.373572849643047], [-97.62578318034636, 19.373350149590408], [-97.62589039965098, 19.373152219942696], [-97.62596258001365, 19.37301896956146], [-97.62643647964059, 19.37326656955933], [-97.62601139979378, 19.373985170111574], [-97.62556266025257, 19.3737572602619]]]}, "properties": {"CVEGEO": "2110800010063003", "CVE_LOC": "0001", "AGEB": "0063", "MZA": "003", "SECCION": 880, "POBTOT": 51, "P18YMAS": 35, "P18YMAS_H": 19, "P18YMAS_M": 16, "P18A24": 5, "ITER_MATCH": true, "LN_total_sec": 1026, "LN_H_sec": 513, "LN_M_sec": 513, "LN_1839_sec": 467, "LN_estimada": 46, "LN_H_est": 23, "LN_M_est": 23, "LN_1839_est": 21, "rank_seccion": 2, "pct_acum_sec": 10.92, "prioridad_50": true, "prioridad_80": true, "rank_municipal": 31, "pct_acum_LN_mun": 11.09}}, {"type": "Feature", "geometry": {"type": "Polygon", "coordinates": [[[-97.62534937033655, 19.374116519813462], [-97.62551565006908, 19.373818629955974], [-97.62581875010292, 19.37397197969838], [-97.62597053987389, 19.374048780020473], [-97.62579683013982, 19.374343950096286], [-97.62534937033655, 19.374116519813462]]]}, "properties": {"CVEGEO": "2110800010063002", "CVE_LOC": "0001", "AGEB": "0063", "MZA": "002", "SECCION": 880, "POBTOT": 12, "P18YMAS": 8, "P18YMAS_H": 4, "P18YMAS_M": 4, "P18A24": 0, "ITER_MATCH": true, "LN_total_sec": 1026, "LN_H_sec": 513, "LN_M_sec": 513, "LN_1839_sec": 467, "LN_estimada": 11, "LN_H_est": 5, "LN_M_est": 5, "LN_1839_est": 5, "rank_seccion": 41, "pct_acum_sec": 93.86, "prioridad_50": false, "prioridad_80": false, "rank_municipal": 676, "pct_acum_LN_mun": 97.55}}, {"type": "Feature", "geometry": {"type": "Polygon", "coordinates": [[[-97.62585249029674, 19.374370310154106], [-97.62601686023145, 19.3740719102945], [-97.62643524964882, 19.374284380243168], [-97.62625325967994, 19.374574430377344], [-97.62585249029674, 19.374370310154106]]]}, "properties": {"CVEGEO": "2110800010063001", "CVE_LOC": "0001", "AGEB": "0063", "MZA": "001", "SECCION": 880, "POBTOT": 13, "P18YMAS": 11, "P18YMAS_H": 6, "P18YMAS_M": 5, "P18A24": 0, "ITER_MATCH": true, "LN_total_sec": 1026, "LN_H_sec": 513, "LN_M_sec": 513, "LN_1839_sec": 467, "LN_estimada": 15, "LN_H_est": 7, "LN_M_est": 7, "LN_1839_est": 7, "rank_seccion": 36, "pct_acum_sec": 88.01, "prioridad_50": false, "prioridad_80": false, "rank_municipal": 447, "pct_acum_LN_mun": 77.34}}, {"type": "Feature", "geometry": {"type": "Polygon", "coordinates": [[[-97.62026507961701, 19.377153860258193], [-97.62004099964543, 19.377031379595106], [-97.62021691992575, 19.376720819710606], [-97.62045405994908, 19.37683116977988], [-97.62037555042178, 19.377214229722263], [-97.62026507961701, 19.377153860258193]]]}, "properties": {"CVEGEO": "2110800010059048", "CVE_LOC": "0001", "AGEB": "0059", "MZA": "048", "SECCION": 2747, "POBTOT": 2, "P18YMAS": 0, "P18YMAS_H": 0, "P18YMAS_M": 0, "P18A24": 0, "ITER_MATCH": true, "LN_total_sec": 923, "LN_H_sec": 421, "LN_M_sec": 502, "LN_1839_sec": 436, "LN_estimada": 0, "LN_H_est": 0, "LN_M_est": 0, "LN_1839_est": 0, "rank_seccion": 50, "pct_acum_sec": 100.0, "prioridad_50": false, "prioridad_80": false, "rank_municipal": 805, "pct_acum_LN_mun": 100.0}}, {"type": "Feature", "geometry": {"type": "Polygon", "coordinates": [[[-97.6202709203727, 19.376665279886403], [-97.62045883042045, 19.376326919971966], [-97.6205552500397, 19.376388910406323], [-97.62051181981583, 19.37662960024909], [-97.62048747967553, 19.37676437972088], [-97.6202709203727, 19.376665279886403]]]}, "properties": {"CVEGEO": "2110800010059047", "CVE_LOC": "0001", "AGEB": "0059", "MZA": "047", "SECCION": 2747, "POBTOT": 11, "P18YMAS": 6, "P18YMAS_H": 3, "P18YMAS_M": 3, "P18A24": 0, "ITER_MATCH": true, "LN_total_sec": 923, "LN_H_sec": 421, "LN_M_sec": 502, "LN_1839_sec": 436, "LN_estimada": 8, "LN_H_est": 4, "LN_M_est": 4, "LN_1839_est": 4, "rank_seccion": 43, "pct_acum_sec": 100.0, "prioridad_50": false, "prioridad_80": false, "rank_municipal": 707, "pct_acum_LN_mun": 99.6}}, {"type": "Feature", "geometry": {"type": "Polygon", "coordinates": [[[-97.62050017007515, 19.37625192028003], [-97.62063632002781, 19.376012380182996], [-97.62060199968177, 19.376250690117548], [-97.62059295008525, 19.376313459850227], [-97.62050017007515, 19.37625192028003]]]}, "properties": {"CVEGEO": "2110800010059046", "CVE_LOC": "0001", "AGEB": "0059", "MZA": "046", "SECCION": 878, "POBTOT": 11, "P18YMAS": 0, "P18YMAS_H": 0, "P18YMAS_M": 0, "P18A24": 0, "ITER_MATCH": true, "LN_total_sec": 1218, "LN_H_sec": 568, "LN_M_sec": 650, "LN_1839_sec": 631, "LN_estimada": 0, "LN_H_est": 0, "LN_M_est": 0, "LN_1839_est": 0, "rank_seccion": 55, "pct_acum_sec": 100.0, "prioridad_50": false, "prioridad_80": false, "rank_municipal": 806, "pct_acum_LN_mun": 100.0}}, {"type": "Feature", "geometry": {"type": "Polygon", "coordinates": [[[-97.61824754984563, 19.376130540419208], [-97.61845748005322, 19.37576882001156], [-97.61880134987817, 19.3759424195924], [-97.61868474008477, 19.37616137994865], [-97.61860662038909, 19.376308050067614], [-97.61824754984563, 19.376130540419208]]]}, "properties": {"CVEGEO": "2110800010059024", "CVE_LOC": "0001", "AGEB": "0059", "MZA": "024", "SECCION": 877, "POBTOT": 0, "P18YMAS": 0, "P18YMAS_H": 0, "P18YMAS_M": 0, "P18A24": 0, "ITER_MATCH": true, "LN_total_sec": 3745, "LN_H_sec": 1798, "LN_M_sec": 1947, "LN_1839_sec": 2000, "LN_estimada": 0, "LN_H_est": 0, "LN_M_est": 0, "LN_1839_est": 0, "rank_seccion": 153, "pct_acum_sec": 100.0, "prioridad_50": false, "prioridad_80": false, "rank_municipal": 807, "pct_acum_LN_mun": 100.0}}, {"type": "Feature", "geometry": {"type": "Polygon", "coordinates": [[[-97.618820310322, 19.37640426022926], [-97.61881928957486, 19.37627054020471], [-97.61881917982697, 19.376257219644238], [-97.6188190501272, 19.37623828985289], [-97.61887195039543, 19.3761153395914], [-97.61891052011477, 19.37602574983847], [-97.61930598033821, 19.376231910370556], [-97.61912394983321, 19.376560420307257], [-97.61911680030964, 19.37657332009069], [-97.618820310322, 19.37640426022926]]]}, "properties": {"CVEGEO": "2110800010059023", "CVE_LOC": "0001", "AGEB": "0059", "MZA": "023", "SECCION": 877, "POBTOT": 18, "P18YMAS": 13, "P18YMAS_H": 4, "P18YMAS_M": 9, "P18A24": 0, "ITER_MATCH": true, "LN_total_sec": 3745, "LN_H_sec": 1798, "LN_M_sec": 1947, "LN_1839_sec": 2000, "LN_estimada": 20, "LN_H_est": 9, "LN_M_est": 10, "LN_1839_est": 10, "rank_seccion": 87, "pct_acum_sec": 78.0, "prioridad_50": false, "prioridad_80": true, "rank_municipal": 281, "pct_acum_LN_mun": 58.51}}, {"type": "Feature", "geometry": {"type": "Polygon", "coordinates": [[[-97.61894934014646, 19.375983200067694], [-97.6189873396055, 19.375919980171286], [-97.61904645963794, 19.375821570004426], [-97.61912671986899, 19.375687980095968], [-97.61937942969442, 19.375814849692134], [-97.61944191968225, 19.375846200403853], [-97.61950166028473, 19.375876179786466], [-97.61932611969777, 19.3761836497616], [-97.61894934014646, 19.375983200067694]]]}, "properties": {"CVEGEO": "2110800010059022", "CVE_LOC": "0001", "AGEB": "0059", "MZA": "022", "SECCION": 878, "POBTOT": 0, "P18YMAS": 0, "P18YMAS_H": 0, "P18YMAS_M": 0, "P18A24": 0, "ITER_MATCH": true, "LN_total_sec": 1218, "LN_H_sec": 568, "LN_M_sec": 650, "LN_1839_sec": 631, "LN_estimada": 0, "LN_H_est": 0, "LN_M_est": 0, "LN_1839_est": 0, "rank_seccion": 56, "pct_acum_sec": 100.0, "prioridad_50": false, "prioridad_80": false, "rank_municipal": 808, "pct_acum_LN_mun": 100.0}}, {"type": "Feature", "geometry": {"type": "Polygon", "coordinates": [[[-97.61959773979656, 19.37581722967179], [-97.61918389040751, 19.37560196968673], [-97.61962534045199, 19.374898679692038], [-97.62001444995882, 19.375108940277652], [-97.6204018301218, 19.375318249714482], [-97.6203040001417, 19.375497000352116], [-97.62022581998629, 19.375639800069187], [-97.62014765970443, 19.375782600349826], [-97.6200110295895, 19.37603223031234], [-97.61959773979656, 19.37581722967179]]]}, "properties": {"CVEGEO": "2110800010059020", "CVE_LOC": "0001", "AGEB": "0059", "MZA": "020", "SECCION": 878, "POBTOT": 1, "P18YMAS": 0, "P18YMAS_H": 0, "P18YMAS_M": 0, "P18A24": 0, "ITER_MATCH": true, "LN_total_sec": 1218, "LN_H_sec": 568, "LN_M_sec": 650, "LN_1839_sec": 631, "LN_estimada": 0, "LN_H_est": 0, "LN_M_est": 0, "LN_1839_est": 0, "rank_seccion": 57, "pct_acum_sec": 100.0, "prioridad_50": false, "prioridad_80": false, "rank_municipal": 809, "pct_acum_LN_mun": 100.0}}, {"type": "Feature", "geometry": {"type": "Polygon", "coordinates": [[[-97.61724537972457, 19.375072879782007], [-97.61744610997029, 19.374722280164246], [-97.61750652036139, 19.37475414960464], [-97.6176373797212, 19.374823170108012], [-97.61780363023229, 19.374910889570412], [-97.61759717959843, 19.375259480216602], [-97.61724537972457, 19.375072879782007]]]}, "properties": {"CVEGEO": "2110800010059011", "CVE_LOC": "0001", "AGEB": "0059", "MZA": "011", "SECCION": 878, "POBTOT": 13, "P18YMAS": 11, "P18YMAS_H": 6, "P18YMAS_M": 5, "P18A24": 4, "ITER_MATCH": true, "LN_total_sec": 1218, "LN_H_sec": 568, "LN_M_sec": 650, "LN_1839_sec": 631, "LN_estimada": 16, "LN_H_est": 7, "LN_M_est": 8, "LN_1839_est": 8, "rank_seccion": 35, "pct_acum_sec": 82.68, "prioridad_50": false, "prioridad_80": false, "rank_municipal": 374, "pct_acum_LN_mun": 69.5}}, {"type": "Feature", "geometry": {"type": "Polygon", "coordinates": [[[-97.61765488036278, 19.375282080367114], [-97.61786481996533, 19.37494048019071], [-97.61822226041362, 19.37512837026871], [-97.6181327700354, 19.375277170076007], [-97.61806469013491, 19.375390319556494], [-97.61801807964855, 19.375467860312273], [-97.61765488036278, 19.375282080367114]]]}, "properties": {"CVEGEO": "2110800010059010", "CVE_LOC": "0001", "AGEB": "0059", "MZA": "010", "SECCION": 878, "POBTOT": 0, "P18YMAS": 0, "P18YMAS_H": 0, "P18YMAS_M": 0, "P18A24": 0, "ITER_MATCH": true, "LN_total_sec": 1218, "LN_H_sec": 568, "LN_M_sec": 650, "LN_1839_sec": 631, "LN_estimada": 0, "LN_H_est": 0, "LN_M_est": 0, "LN_1839_est": 0, "rank_seccion": 58, "pct_acum_sec": 100.0, "prioridad_50": false, "prioridad_80": false, "rank_municipal": 810, "pct_acum_LN_mun": 100.0}}, {"type": "Feature", "geometry": {"type": "Polygon", "coordinates": [[[-97.61807550985813, 19.37549770980031], [-97.61815171995572, 19.3753645803245], [-97.6182687400343, 19.37516022963582], [-97.61846159991262, 19.37525226044516], [-97.61862162032917, 19.37532860007334], [-97.61848014970256, 19.375600230046878], [-97.61843777975722, 19.375681600097806], [-97.61807550985813, 19.37549770980031]]]}, "properties": {"CVEGEO": "2110800010059009", "CVE_LOC": "0001", "AGEB": "0059", "MZA": "009", "SECCION": 878, "POBTOT": 18, "P18YMAS": 11, "P18YMAS_H": 5, "P18YMAS_M": 6, "P18A24": 0, "ITER_MATCH": true, "LN_total_sec": 1218, "LN_H_sec": 568, "LN_M_sec": 650, "LN_1839_sec": 631, "LN_estimada": 16, "LN_H_est": 7, "LN_M_est": 8, "LN_1839_est": 8, "rank_seccion": 36, "pct_acum_sec": 83.99, "prioridad_50": false, "prioridad_80": false, "rank_municipal": 375, "pct_acum_LN_mun": 69.61}}, {"type": "Feature", "geometry": {"type": "Polygon", "coordinates": [[[-97.61616931990484, 19.3750391104321], [-97.61637808040331, 19.37470299973708], [-97.61672264976853, 19.374873400315973], [-97.61660320034491, 19.37507895005229], [-97.61652497978035, 19.37521358028105], [-97.61616931990484, 19.3750391104321]]]}, "properties": {"CVEGEO": "2110800010044041", "CVE_LOC": "0001", "AGEB": "0044", "MZA": "041", "SECCION": 877, "POBTOT": 0, "P18YMAS": 0, "P18YMAS_H": 0, "P18YMAS_M": 0, "P18A24": 0, "ITER_MATCH": true, "LN_total_sec": 3745, "LN_H_sec": 1798, "LN_M_sec": 1947, "LN_1839_sec": 2000, "LN_estimada": 0, "LN_H_est": 0, "LN_M_est": 0, "LN_1839_est": 0, "rank_seccion": 154, "pct_acum_sec": 100.0, "prioridad_50": false, "prioridad_80": false, "rank_municipal": 811, "pct_acum_LN_mun": 100.0}}, {"type": "Feature", "geometry": {"type": "Polygon", "coordinates": [[[-97.615870719613, 19.374906680037355], [-97.61575534025387, 19.37485495037026], [-97.61596333992478, 19.374485090213017], [-97.61631165037757, 19.37466665986156], [-97.61610762968591, 19.375012879929706], [-97.615870719613, 19.374906680037355]]]}, "properties": {"CVEGEO": "2110800010044040", "CVE_LOC": "0001", "AGEB": "0044", "MZA": "040", "SECCION": 877, "POBTOT": 3, "P18YMAS": 0, "P18YMAS_H": 0, "P18YMAS_M": 0, "P18A24": 0, "ITER_MATCH": true, "LN_total_sec": 3745, "LN_H_sec": 1798, "LN_M_sec": 1947, "LN_1839_sec": 2000, "LN_estimada": 0, "LN_H_est": 0, "LN_M_est": 0, "LN_1839_est": 0, "rank_seccion": 155, "pct_acum_sec": 100.0, "prioridad_50": false, "prioridad_80": false, "rank_municipal": 812, "pct_acum_LN_mun": 100.0}}, {"type": "Feature", "geometry": {"type": "Polygon", "coordinates": [[[-97.53535382993, 19.266862570015352], [-97.53536488000825, 19.266391879931483], [-97.53584603039938, 19.266418399817542], [-97.53584279965246, 19.26690905984105], [-97.53535382993, 19.266862570015352]]]}, "properties": {"CVEGEO": "2110800320133038", "CVE_LOC": "0032", "AGEB": "0133", "MZA": "038", "SECCION": 882, "POBTOT": 0, "P18YMAS": 0, "P18YMAS_H": 0, "P18YMAS_M": 0, "P18A24": 0, "ITER_MATCH": false, "LN_total_sec": 2061, "LN_H_sec": 985, "LN_M_sec": 1076, "LN_1839_sec": 1194, "LN_estimada": 13, "LN_H_est": 6, "LN_M_est": 7, "LN_1839_est": 8, "rank_seccion": 45, "pct_acum_sec": 28.38, "prioridad_50": true, "prioridad_80": true, "rank_municipal": 533, "pct_acum_LN_mun": 85.27}}, {"type": "Feature", "geometry": {"type": "Polygon", "coordinates": [[[-97.6028278196792, 19.374349950121864], [-97.60228827953632, 19.374150400422735], [-97.60252668036357, 19.373764579854203], [-97.6031719804468, 19.37404374020471], [-97.6028278196792, 19.374349950121864]]]}, "properties": {"CVEGEO": "2110800850114020", "CVE_LOC": "0085", "AGEB": "0114", "MZA": "020", "SECCION": 879, "POBTOT": 0, "P18YMAS": 0, "P18YMAS_H": 0, "P18YMAS_M": 0, "P18A24": 0, "ITER_MATCH": false, "LN_total_sec": 1640, "LN_H_sec": 768, "LN_M_sec": 872, "LN_1839_sec": 820, "LN_estimada": 0, "LN_H_est": 0, "LN_M_est": 0, "LN_1839_est": 0, "rank_seccion": 124, "pct_acum_sec": 100.0, "prioridad_50": false, "prioridad_80": false, "rank_municipal": 813, "pct_acum_LN_mun": 100.0}}, {"type": "Feature", "geometry": {"type": "Polygon", "coordinates": [[[-97.61530045989733, 19.37466979970527], [-97.61553599981787, 19.37428270989532], [-97.61589188036471, 19.37446313973007], [-97.61569457972581, 19.3748280596477], [-97.61530045989733, 19.37466979970527]]]}, "properties": {"CVEGEO": "2110800010044039", "CVE_LOC": "0001", "AGEB": "0044", "MZA": "039", "SECCION": 877, "POBTOT": 28, "P18YMAS": 20, "P18YMAS_H": 10, "P18YMAS_M": 10, "P18A24": 6, "ITER_MATCH": true, "LN_total_sec": 3745, "LN_H_sec": 1798, "LN_M_sec": 1947, "LN_1839_sec": 2000, "LN_estimada": 30, "LN_H_est": 15, "LN_M_est": 16, "LN_1839_est": 16, "rank_seccion": 49, "pct_acum_sec": 52.31, "prioridad_50": false, "prioridad_80": true, "rank_municipal": 117, "pct_acum_LN_mun": 31.61}}, {"type": "Feature", "geometry": {"type": "Polygon", "coordinates": [[[-97.61401667967193, 19.377587620209347], [-97.61405048974474, 19.377291170249617], [-97.61424063046739, 19.377378680128185], [-97.61410868989095, 19.37763001970772], [-97.61401667967193, 19.377587620209347]]]}, "properties": {"CVEGEO": "2110800010044038", "CVE_LOC": "0001", "AGEB": "0044", "MZA": "038", "SECCION": 877, "POBTOT": 13, "P18YMAS": 10, "P18YMAS_H": 7, "P18YMAS_M": 3, "P18A24": 0, "ITER_MATCH": true, "LN_total_sec": 3745, "LN_H_sec": 1798, "LN_M_sec": 1947, "LN_1839_sec": 2000, "LN_estimada": 15, "LN_H_est": 7, "LN_M_est": 8, "LN_1839_est": 8, "rank_seccion": 109, "pct_acum_sec": 88.49, "prioridad_50": false, "prioridad_80": false, "rank_municipal": 448, "pct_acum_LN_mun": 77.44}}, {"type": "Feature", "geometry": {"type": "Polygon", "coordinates": [[[-97.61416838016797, 19.377653579934375], [-97.6143113200991, 19.377400260122073], [-97.61464797990928, 19.377567999878], [-97.61450042037343, 19.377832679727174], [-97.61416838016797, 19.377653579934375]]]}, "properties": {"CVEGEO": "2110800010044037", "CVE_LOC": "0001", "AGEB": "0044", "MZA": "037", "SECCION": 877, "POBTOT": 13, "P18YMAS": 9, "P18YMAS_H": 5, "P18YMAS_M": 4, "P18A24": 0, "ITER_MATCH": true, "LN_total_sec": 3745, "LN_H_sec": 1798, "LN_M_sec": 1947, "LN_1839_sec": 2000, "LN_estimada": 13, "LN_H_est": 7, "LN_M_est": 7, "LN_1839_est": 7, "rank_seccion": 121, "pct_acum_sec": 93.19, "prioridad_50": false, "prioridad_80": false, "rank_municipal": 534, "pct_acum_LN_mun": 85.35}}, {"type": "Feature", "geometry": {"type": "Polygon", "coordinates": [[[-97.61455567986434, 19.377857050192773], [-97.61470584984332, 19.37759645043434], [-97.61504096971173, 19.377769979885958], [-97.61489204980064, 19.37803205018964], [-97.61455567986434, 19.377857050192773]]]}, "properties": {"CVEGEO": "2110800010044036", "CVE_LOC": "0001", "AGEB": "0044", "MZA": "036", "SECCION": 877, "POBTOT": 9, "P18YMAS": 7, "P18YMAS_H": 5, "P18YMAS_M": 0, "P18A24": 0, "ITER_MATCH": true, "LN_total_sec": 3745, "LN_H_sec": 1798, "LN_M_sec": 1947, "LN_1839_sec": 2000, "LN_estimada": 10, "LN_H_est": 5, "LN_M_est": 6, "LN_1839_est": 6, "rank_seccion": 133, "pct_acum_sec": 97.06, "prioridad_50": false, "prioridad_80": false, "rank_municipal": 685, "pct_acum_LN_mun": 98.21}}, {"type": "Feature", "geometry": {"type": "Polygon", "coordinates": [[[-97.61422637977861, 19.376134149702118], [-97.61430973996936, 19.375770429890938], [-97.61454272030215, 19.375877459978515], [-97.6143628603386, 19.37620015042929], [-97.61422637977861, 19.376134149702118]]]}, "properties": {"CVEGEO": "2110800010044026", "CVE_LOC": "0001", "AGEB": "0044", "MZA": "026", "SECCION": 877, "POBTOT": 17, "P18YMAS": 14, "P18YMAS_H": 9, "P18YMAS_M": 5, "P18A24": 3, "ITER_MATCH": true, "LN_total_sec": 3745, "LN_H_sec": 1798, "LN_M_sec": 1947, "LN_1839_sec": 2000, "LN_estimada": 21, "LN_H_est": 10, "LN_M_est": 11, "LN_1839_est": 11, "rank_seccion": 80, "pct_acum_sec": 74.1, "prioridad_50": false, "prioridad_80": true, "rank_municipal": 263, "pct_acum_LN_mun": 55.98}}, {"type": "Feature", "geometry": {"type": "Polygon", "coordinates": [[[-97.61500996956842, 19.376536079757095], [-97.6148372197574, 19.37644861979207], [-97.61503698045281, 19.376097749723698], [-97.61520845041888, 19.376182059792875], [-97.61538113967116, 19.37626694978822], [-97.6151830499946, 19.37662368961094], [-97.61500996956842, 19.376536079757095]]]}, "properties": {"CVEGEO": "2110800010044002", "CVE_LOC": "0001", "AGEB": "0044", "MZA": "002", "SECCION": 877, "POBTOT": 71, "P18YMAS": 43, "P18YMAS_H": 22, "P18YMAS_M": 21, "P18A24": 14, "ITER_MATCH": true, "LN_total_sec": 3745, "LN_H_sec": 1798, "LN_M_sec": 1947, "LN_1839_sec": 2000, "LN_estimada": 65, "LN_H_est": 31, "LN_M_est": 34, "LN_1839_est": 35, "rank_seccion": 2, "pct_acum_sec": 3.5, "prioridad_50": true, "prioridad_80": true, "rank_municipal": 4, "pct_acum_LN_mun": 1.8}}, {"type": "Feature", "geometry": {"type": "Polygon", "coordinates": [[[-97.61525462005687, 19.376645799557295], [-97.61545543033259, 19.376309309999215], [-97.61562202993962, 19.376400289675964], [-97.61578653985113, 19.376490149881935], [-97.61557447961368, 19.37682192023936], [-97.61525462005687, 19.376645799557295]]]}, "properties": {"CVEGEO": "2110800010044001", "CVE_LOC": "0001", "AGEB": "0044", "MZA": "001", "SECCION": 877, "POBTOT": 6, "P18YMAS": 0, "P18YMAS_H": 0, "P18YMAS_M": 0, "P18A24": 0, "ITER_MATCH": true, "LN_total_sec": 3745, "LN_H_sec": 1798, "LN_M_sec": 1947, "LN_1839_sec": 2000, "LN_estimada": 0, "LN_H_est": 0, "LN_M_est": 0, "LN_1839_est": 0, "rank_seccion": 156, "pct_acum_sec": 100.0, "prioridad_50": false, "prioridad_80": false, "rank_municipal": 814, "pct_acum_LN_mun": 100.0}}, {"type": "Feature", "geometry": {"type": "Polygon", "coordinates": [[[-97.61981935038108, 19.377437179876274], [-97.62001442989565, 19.377104889553106], [-97.6201723797787, 19.377184079770668], [-97.62026508971272, 19.377238020314596], [-97.62037684969508, 19.377301779841023], [-97.62034688962636, 19.377345230412114], [-97.62030803020923, 19.377401260002976], [-97.62016538040403, 19.377623339888714], [-97.61981935038108, 19.377437179876274]]]}, "properties": {"CVEGEO": "211080001003A050", "CVE_LOC": "0001", "AGEB": "003A", "MZA": "050", "SECCION": 2747, "POBTOT": 0, "P18YMAS": 0, "P18YMAS_H": 0, "P18YMAS_M": 0, "P18A24": 0, "ITER_MATCH": true, "LN_total_sec": 923, "LN_H_sec": 421, "LN_M_sec": 502, "LN_1839_sec": 436, "LN_estimada": 0, "LN_H_est": 0, "LN_M_est": 0, "LN_1839_est": 0, "rank_seccion": 51, "pct_acum_sec": 100.0, "prioridad_50": false, "prioridad_80": false, "rank_municipal": 815, "pct_acum_LN_mun": 100.0}}, {"type": "Feature", "geometry": {"type": "Polygon", "coordinates": [[[-97.61956037024288, 19.377306889686512], [-97.61938862019866, 19.37722017998611], [-97.61956937999696, 19.37688914009932], [-97.61971514009826, 19.376961290108834], [-97.61978828024836, 19.37699749043144], [-97.61993504992334, 19.37707014988103], [-97.61973254955026, 19.37739380016612], [-97.61956037024288, 19.377306889686512]]]}, "properties": {"CVEGEO": "211080001003A049", "CVE_LOC": "0001", "AGEB": "003A", "MZA": "049", "SECCION": 877, "POBTOT": 25, "P18YMAS": 15, "P18YMAS_H": 6, "P18YMAS_M": 9, "P18A24": 3, "ITER_MATCH": true, "LN_total_sec": 3745, "LN_H_sec": 1798, "LN_M_sec": 1947, "LN_1839_sec": 2000, "LN_estimada": 23, "LN_H_est": 11, "LN_M_est": 12, "LN_1839_est": 12, "rank_seccion": 76, "pct_acum_sec": 71.75, "prioridad_50": false, "prioridad_80": true, "rank_municipal": 201, "pct_acum_LN_mun": 46.76}}, {"type": "Feature", "geometry": {"type": "Polygon", "coordinates": [[[-97.61894748043453, 19.376996169833056], [-97.61913654006945, 19.37667357028766], [-97.61935285002097, 19.376787629717832], [-97.6193800904575, 19.37680201975274], [-97.61949622987912, 19.376863250318056], [-97.61931308029847, 19.377185540449126], [-97.61894748043453, 19.376996169833056]]]}, "properties": {"CVEGEO": "211080001003A048", "CVE_LOC": "0001", "AGEB": "003A", "MZA": "048", "SECCION": 877, "POBTOT": 20, "P18YMAS": 14, "P18YMAS_H": 6, "P18YMAS_M": 8, "P18A24": 0, "ITER_MATCH": true, "LN_total_sec": 3745, "LN_H_sec": 1798, "LN_M_sec": 1947, "LN_1839_sec": 2000, "LN_estimada": 21, "LN_H_est": 10, "LN_M_est": 11, "LN_1839_est": 11, "rank_seccion": 81, "pct_acum_sec": 74.66, "prioridad_50": false, "prioridad_80": true, "rank_municipal": 264, "pct_acum_LN_mun": 56.12}}, {"type": "Feature", "geometry": {"type": "Polygon", "coordinates": [[[-97.61898896997415, 19.37805357039194], [-97.61891518015355, 19.378014339823903], [-97.61911047982751, 19.37767943006543], [-97.6194686298989, 19.377872430125894], [-97.6192810199894, 19.378208829586796], [-97.61898896997415, 19.37805357039194]]]}, "properties": {"CVEGEO": "211080001003A017", "CVE_LOC": "0001", "AGEB": "003A", "MZA": "017", "SECCION": 877, "POBTOT": 30, "P18YMAS": 22, "P18YMAS_H": 11, "P18YMAS_M": 11, "P18A24": 0, "ITER_MATCH": true, "LN_total_sec": 3745, "LN_H_sec": 1798, "LN_M_sec": 1947, "LN_1839_sec": 2000, "LN_estimada": 33, "LN_H_est": 16, "LN_M_est": 17, "LN_1839_est": 18, "rank_seccion": 34, "pct_acum_sec": 39.49, "prioridad_50": true, "prioridad_80": true, "rank_municipal": 79, "pct_acum_LN_mun": 23.5}}, {"type": "Feature", "geometry": {"type": "Polygon", "coordinates": [[[-97.61848543034213, 19.377789569906692], [-97.61867048966992, 19.37744285008787], [-97.61905196997338, 19.37764849006787], [-97.61899207954745, 19.37774994983614], [-97.61885688986438, 19.377978980267983], [-97.61848543034213, 19.377789569906692]]]}, "properties": {"CVEGEO": "211080001003A016", "CVE_LOC": "0001", "AGEB": "003A", "MZA": "016", "SECCION": 877, "POBTOT": 34, "P18YMAS": 21, "P18YMAS_H": 10, "P18YMAS_M": 11, "P18A24": 0, "ITER_MATCH": true, "LN_total_sec": 3745, "LN_H_sec": 1798, "LN_M_sec": 1947, "LN_1839_sec": 2000, "LN_estimada": 32, "LN_H_est": 15, "LN_M_est": 16, "LN_1839_est": 17, "rank_seccion": 40, "pct_acum_sec": 44.73, "prioridad_50": true, "prioridad_80": true, "rank_municipal": 87, "pct_acum_LN_mun": 25.27}}, {"type": "Feature", "geometry": {"type": "Polygon", "coordinates": [[[-97.61805177043308, 19.37756688968257], [-97.61818555037708, 19.37735266017867], [-97.61825913985132, 19.377234800198714], [-97.61862117011071, 19.377416140034224], [-97.61843614010441, 19.377757290040233], [-97.61805177043308, 19.37756688968257]]]}, "properties": {"CVEGEO": "211080001003A015", "CVE_LOC": "0001", "AGEB": "003A", "MZA": "015", "SECCION": 877, "POBTOT": 12, "P18YMAS": 10, "P18YMAS_H": 3, "P18YMAS_M": 7, "P18A24": 0, "ITER_MATCH": true, "LN_total_sec": 3745, "LN_H_sec": 1798, "LN_M_sec": 1947, "LN_1839_sec": 2000, "LN_estimada": 15, "LN_H_est": 7, "LN_M_est": 8, "LN_1839_est": 8, "rank_seccion": 110, "pct_acum_sec": 88.89, "prioridad_50": false, "prioridad_80": false, "rank_municipal": 449, "pct_acum_LN_mun": 77.54}}, {"type": "Feature", "geometry": {"type": "Polygon", "coordinates": [[[-97.61760595025328, 19.377334000453686], [-97.6177220196924, 19.377131339666736], [-97.61779261985784, 19.377008030194574], [-97.61814645996206, 19.3771924001719], [-97.61809045019463, 19.37728081966354], [-97.61802237960428, 19.377388280354236], [-97.6179422501297, 19.377514779573424], [-97.61760595025328, 19.377334000453686]]]}, "properties": {"CVEGEO": "211080001003A014", "CVE_LOC": "0001", "AGEB": "003A", "MZA": "014", "SECCION": 877, "POBTOT": 39, "P18YMAS": 20, "P18YMAS_H": 10, "P18YMAS_M": 10, "P18A24": 0, "ITER_MATCH": true, "LN_total_sec": 3745, "LN_H_sec": 1798, "LN_M_sec": 1947, "LN_1839_sec": 2000, "LN_estimada": 30, "LN_H_est": 15, "LN_M_est": 16, "LN_1839_est": 16, "rank_seccion": 50, "pct_acum_sec": 53.11, "prioridad_50": false, "prioridad_80": true, "rank_municipal": 118, "pct_acum_LN_mun": 31.81}}, {"type": "Feature", "geometry": {"type": "Polygon", "coordinates": [[[-97.6171512897081, 19.377098940101998], [-97.61733621955739, 19.376768920160654], [-97.61769542029172, 19.37695738036261], [-97.61750784961745, 19.37728753990865], [-97.6171512897081, 19.377098940101998]]]}, "properties": {"CVEGEO": "211080001003A013", "CVE_LOC": "0001", "AGEB": "003A", "MZA": "013", "SECCION": 877, "POBTOT": 23, "P18YMAS": 18, "P18YMAS_H": 7, "P18YMAS_M": 11, "P18A24": 6, "ITER_MATCH": true, "LN_total_sec": 3745, "LN_H_sec": 1798, "LN_M_sec": 1947, "LN_1839_sec": 2000, "LN_estimada": 27, "LN_H_est": 13, "LN_M_est": 14, "LN_1839_est": 15, "rank_seccion": 59, "pct_acum_sec": 60.16, "prioridad_50": false, "prioridad_80": true, "rank_municipal": 149, "pct_acum_LN_mun": 37.89}}, {"type": "Feature", "geometry": {"type": "Polygon", "coordinates": [[[-97.61691388017479, 19.37748956959516], [-97.61710777999113, 19.37717624985695], [-97.61747211987448, 19.37736622021741], [-97.61727968997356, 19.377690290152415], [-97.61691388017479, 19.37748956959516]]]}, "properties": {"CVEGEO": "211080001003A012", "CVE_LOC": "0001", "AGEB": "003A", "MZA": "012", "SECCION": 877, "POBTOT": 10, "P18YMAS": 0, "P18YMAS_H": 0, "P18YMAS_M": 0, "P18A24": 0, "ITER_MATCH": true, "LN_total_sec": 3745, "LN_H_sec": 1798, "LN_M_sec": 1947, "LN_1839_sec": 2000, "LN_estimada": 0, "LN_H_est": 0, "LN_M_est": 0, "LN_1839_est": 0, "rank_seccion": 157, "pct_acum_sec": 100.0, "prioridad_50": false, "prioridad_80": false, "rank_municipal": 816, "pct_acum_LN_mun": 100.0}}, {"type": "Feature", "geometry": {"type": "Polygon", "coordinates": [[[-97.61670007962175, 19.377884739637178], [-97.61682653979926, 19.377673850003692], [-97.61689271007162, 19.37756347956422], [-97.6172338896964, 19.377738340037464], [-97.61706869014874, 19.378044079776487], [-97.61705173999499, 19.37807545990746], [-97.61670007962175, 19.377884739637178]]]}, "properties": {"CVEGEO": "211080001003A011", "CVE_LOC": "0001", "AGEB": "003A", "MZA": "011", "SECCION": 877, "POBTOT": 32, "P18YMAS": 20, "P18YMAS_H": 8, "P18YMAS_M": 12, "P18A24": 0, "ITER_MATCH": true, "LN_total_sec": 3745, "LN_H_sec": 1798, "LN_M_sec": 1947, "LN_1839_sec": 2000, "LN_estimada": 30, "LN_H_est": 15, "LN_M_est": 16, "LN_1839_est": 16, "rank_seccion": 51, "pct_acum_sec": 53.91, "prioridad_50": false, "prioridad_80": true, "rank_municipal": 119, "pct_acum_LN_mun": 32.02}}, {"type": "Feature", "geometry": {"type": "Polygon", "coordinates": [[[-97.6233157804646, 19.37979390995671], [-97.62338065002221, 19.379682569815092], [-97.62352956953268, 19.379426939945336], [-97.62375111040217, 19.379539999975947], [-97.62393765023286, 19.37963521987615], [-97.62384919963716, 19.379793430335948], [-97.62373021992559, 19.38000629027533], [-97.6233157804646, 19.37979390995671]]]}, "properties": {"CVEGEO": "2110800010010034", "CVE_LOC": "0001", "AGEB": "0010", "MZA": "034", "SECCION": 875, "POBTOT": 44, "P18YMAS": 30, "P18YMAS_H": 13, "P18YMAS_M": 17, "P18A24": 0, "ITER_MATCH": true, "LN_total_sec": 1680, "LN_H_sec": 825, "LN_M_sec": 855, "LN_1839_sec": 803, "LN_estimada": 56, "LN_H_est": 27, "LN_M_est": 28, "LN_1839_est": 27, "rank_seccion": 3, "pct_acum_sec": 11.25, "prioridad_50": true, "prioridad_80": true, "rank_municipal": 7, "pct_acum_LN_mun": 3.0}}, {"type": "Feature", "geometry": {"type": "Polygon", "coordinates": [[[-97.62378449042835, 19.38003570986401], [-97.62398531035733, 19.37966586004993], [-97.62424700000423, 19.379799060005176], [-97.62435771979884, 19.37985539954787], [-97.62415075035231, 19.380224549728908], [-97.62378449042835, 19.38003570986401]]]}, "properties": {"CVEGEO": "2110800010010033", "CVE_LOC": "0001", "AGEB": "0010", "MZA": "033", "SECCION": 875, "POBTOT": 50, "P18YMAS": 30, "P18YMAS_H": 11, "P18YMAS_M": 19, "P18A24": 6, "ITER_MATCH": true, "LN_total_sec": 1680, "LN_H_sec": 825, "LN_M_sec": 855, "LN_1839_sec": 803, "LN_estimada": 56, "LN_H_est": 27, "LN_M_est": 28, "LN_1839_est": 27, "rank_seccion": 4, "pct_acum_sec": 14.58, "prioridad_50": true, "prioridad_80": true, "rank_municipal": 8, "pct_acum_LN_mun": 3.38}}, {"type": "Feature", "geometry": {"type": "Polygon", "coordinates": [[[-97.62420767966518, 19.380253980010757], [-97.62425631035326, 19.380162859930017], [-97.62440723005746, 19.379880249754375], [-97.62477432044352, 19.380069740233903], [-97.62456488988602, 19.38043897023505], [-97.62420767966518, 19.380253980010757]]]}, "properties": {"CVEGEO": "2110800010010032", "CVE_LOC": "0001", "AGEB": "0010", "MZA": "032", "SECCION": 875, "POBTOT": 28, "P18YMAS": 17, "P18YMAS_H": 10, "P18YMAS_M": 7, "P18A24": 0, "ITER_MATCH": true, "LN_total_sec": 1680, "LN_H_sec": 825, "LN_M_sec": 855, "LN_1839_sec": 803, "LN_estimada": 31, "LN_H_est": 15, "LN_M_est": 16, "LN_1839_est": 15, "rank_seccion": 22, "pct_acum_sec": 60.77, "prioridad_50": false, "prioridad_80": true, "rank_municipal": 103, "pct_acum_LN_mun": 28.7}}, {"type": "Feature", "geometry": {"type": "Polygon", "coordinates": [[[-97.62456745961086, 19.380597970046708], [-97.62480554989085, 19.38011411996917], [-97.6251275196262, 19.380312650157943], [-97.6250647099477, 19.380672120299575], [-97.62456745961086, 19.380597970046708]]]}, "properties": {"CVEGEO": "2110800010010031", "CVE_LOC": "0001", "AGEB": "0010", "MZA": "031", "SECCION": 875, "POBTOT": 22, "P18YMAS": 17, "P18YMAS_H": 9, "P18YMAS_M": 8, "P18A24": 3, "ITER_MATCH": true, "LN_total_sec": 1680, "LN_H_sec": 825, "LN_M_sec": 855, "LN_1839_sec": 803, "LN_estimada": 31, "LN_H_est": 15, "LN_M_est": 16, "LN_1839_est": 15, "rank_seccion": 23, "pct_acum_sec": 62.62, "prioridad_50": false, "prioridad_80": true, "rank_municipal": 104, "pct_acum_LN_mun": 28.91}}, {"type": "Feature", "geometry": {"type": "Polygon", "coordinates": [[[-97.62485593967496, 19.380041050433526], [-97.62505495038577, 19.37970999968599], [-97.625217950195, 19.37979325010473], [-97.62515071007321, 19.380199749731844], [-97.62485593967496, 19.380041050433526]]]}, "properties": {"CVEGEO": "2110800010010030", "CVE_LOC": "0001", "AGEB": "0010", "MZA": "030", "SECCION": 875, "POBTOT": 5, "P18YMAS": 0, "P18YMAS_H": 0, "P18YMAS_M": 0, "P18A24": 0, "ITER_MATCH": true, "LN_total_sec": 1680, "LN_H_sec": 825, "LN_M_sec": 855, "LN_1839_sec": 803, "LN_estimada": 0, "LN_H_est": 0, "LN_M_est": 0, "LN_1839_est": 0, "rank_seccion": 74, "pct_acum_sec": 100.0, "prioridad_50": false, "prioridad_80": false, "rank_municipal": 817, "pct_acum_LN_mun": 100.0}}, {"type": "Feature", "geometry": {"type": "Polygon", "coordinates": [[[-97.62507950971627, 19.37964928019189], [-97.62523394020174, 19.37931548008296], [-97.6252895395616, 19.379340939554226], [-97.62522838008694, 19.379717849612835], [-97.62507950971627, 19.37964928019189]]]}, "properties": {"CVEGEO": "2110800010010029", "CVE_LOC": "0001", "AGEB": "0010", "MZA": "029", "SECCION": 875, "POBTOT": 8, "P18YMAS": 6, "P18YMAS_H": 4, "P18YMAS_M": 0, "P18A24": 0, "ITER_MATCH": true, "LN_total_sec": 1680, "LN_H_sec": 825, "LN_M_sec": 855, "LN_1839_sec": 803, "LN_estimada": 11, "LN_H_est": 5, "LN_M_est": 6, "LN_1839_est": 5, "rank_seccion": 50, "pct_acum_sec": 99.46, "prioridad_50": false, "prioridad_80": false, "rank_municipal": 677, "pct_acum_LN_mun": 97.62}}, {"type": "Feature", "geometry": {"type": "Polygon", "coordinates": [[[-97.6251678602713, 19.377637339786105], [-97.62536861988838, 19.377307280207646], [-97.6255874195221, 19.37741651009173], [-97.62551716987326, 19.377809090282412], [-97.6251678602713, 19.377637339786105]]]}, "properties": {"CVEGEO": "2110800010010028", "CVE_LOC": "0001", "AGEB": "0010", "MZA": "028", "SECCION": 875, "POBTOT": 13, "P18YMAS": 11, "P18YMAS_H": 5, "P18YMAS_M": 6, "P18A24": 3, "ITER_MATCH": true, "LN_total_sec": 1680, "LN_H_sec": 825, "LN_M_sec": 855, "LN_1839_sec": 803, "LN_estimada": 20, "LN_H_est": 10, "LN_M_est": 10, "LN_1839_est": 10, "rank_seccion": 39, "pct_acum_sec": 88.87, "prioridad_50": false, "prioridad_80": false, "rank_municipal": 282, "pct_acum_LN_mun": 58.65}}, {"type": "Feature", "geometry": {"type": "Polygon", "coordinates": [[[-97.62492984977109, 19.378028259547364], [-97.6251284499024, 19.37769401990585], [-97.62550498025514, 19.3778809501213], [-97.6254361796257, 19.37828771011174], [-97.62492984977109, 19.378028259547364]]]}, "properties": {"CVEGEO": "2110800010010016", "CVE_LOC": "0001", "AGEB": "0010", "MZA": "016", "SECCION": 875, "POBTOT": 32, "P18YMAS": 27, "P18YMAS_H": 12, "P18YMAS_M": 15, "P18A24": 3, "ITER_MATCH": true, "LN_total_sec": 1680, "LN_H_sec": 825, "LN_M_sec": 855, "LN_1839_sec": 803, "LN_estimada": 50, "LN_H_est": 25, "LN_M_est": 26, "LN_1839_est": 24, "rank_seccion": 8, "pct_acum_sec": 27.08, "prioridad_50": true, "prioridad_80": true, "rank_municipal": 16, "pct_acum_LN_mun": 6.25}}, {"type": "Feature", "geometry": {"type": "Polygon", "coordinates": [[[-97.54172591040619, 19.339224080041397], [-97.5420186500969, 19.33930017040066], [-97.54274356962743, 19.33949317981722], [-97.54248228958267, 19.33983017954962], [-97.54168000011053, 19.339300489936893], [-97.54172591040619, 19.339224080041397]]]}, "properties": {"CVEGEO": "2110800030114041", "CVE_LOC": "0003", "AGEB": "0114", "MZA": "041", "SECCION": 881, "POBTOT": 0, "P18YMAS": 0, "P18YMAS_H": 0, "P18YMAS_M": 0, "P18A24": 0, "ITER_MATCH": false, "LN_total_sec": 1115, "LN_H_sec": 551, "LN_M_sec": 564, "LN_1839_sec": 548, "LN_estimada": 22, "LN_H_est": 11, "LN_M_est": 11, "LN_1839_est": 11, "rank_seccion": 10, "pct_acum_sec": 19.73, "prioridad_50": true, "prioridad_80": true, "rank_municipal": 219, "pct_acum_LN_mun": 49.49}}, {"type": "Feature", "geometry": {"type": "Polygon", "coordinates": [[[-97.53756948973006, 19.342632460011792], [-97.53707210980066, 19.3432473203004], [-97.53623657035435, 19.342636879565866], [-97.53675262985713, 19.342056629815747], [-97.53756948973006, 19.342632460011792]]]}, "properties": {"CVEGEO": "2110800030114022", "CVE_LOC": "0003", "AGEB": "0114", "MZA": "022", "SECCION": 881, "POBTOT": 0, "P18YMAS": 0, "P18YMAS_H": 0, "P18YMAS_M": 0, "P18A24": 0, "ITER_MATCH": false, "LN_total_sec": 1115, "LN_H_sec": 551, "LN_M_sec": 564, "LN_1839_sec": 548, "LN_estimada": 22, "LN_H_est": 11, "LN_M_est": 11, "LN_1839_est": 11, "rank_seccion": 11, "pct_acum_sec": 21.7, "prioridad_50": true, "prioridad_80": true, "rank_municipal": 220, "pct_acum_LN_mun": 49.64}}, {"type": "Feature", "geometry": {"type": "Polygon", "coordinates": [[[-97.62181331961908, 19.375918049847435], [-97.62181471004574, 19.37591565018104], [-97.62185871020904, 19.37583994960946], [-97.62188070962407, 19.375802089785637], [-97.62190271952281, 19.37576423026437], [-97.6219247399343, 19.37572637014018], [-97.62201135047991, 19.375577339649585], [-97.62209377039187, 19.37562034992788], [-97.62217584978193, 19.375663199836133], [-97.62233968977546, 19.37574871988502], [-97.62214989016647, 19.376091599663475], [-97.62181331961908, 19.375918049847435]]]}, "properties": {"CVEGEO": "2110800010152015", "CVE_LOC": "0001", "AGEB": "0152", "MZA": "015", "SECCION": 2747, "POBTOT": 15, "P18YMAS": 8, "P18YMAS_H": 3, "P18YMAS_M": 5, "P18A24": 0, "ITER_MATCH": true, "LN_total_sec": 923, "LN_H_sec": 421, "LN_M_sec": 502, "LN_1839_sec": 436, "LN_estimada": 10, "LN_H_est": 5, "LN_M_est": 6, "LN_1839_est": 5, "rank_seccion": 40, "pct_acum_sec": 97.18, "prioridad_50": false, "prioridad_80": false, "rank_municipal": 686, "pct_acum_LN_mun": 98.27}}, {"type": "Feature", "geometry": {"type": "Polygon", "coordinates": [[[-97.62128161957077, 19.371984059831412], [-97.6214957797683, 19.371631380426876], [-97.62168874031475, 19.37174717024948], [-97.62159545981524, 19.372158219602632], [-97.62128161957077, 19.371984059831412]]]}, "properties": {"CVEGEO": "2110800010082017", "CVE_LOC": "0001", "AGEB": "0082", "MZA": "017", "SECCION": 879, "POBTOT": 15, "P18YMAS": 10, "P18YMAS_H": 4, "P18YMAS_M": 6, "P18A24": 3, "ITER_MATCH": true, "LN_total_sec": 1640, "LN_H_sec": 768, "LN_M_sec": 872, "LN_1839_sec": 820, "LN_estimada": 14, "LN_H_est": 7, "LN_M_est": 7, "LN_1839_est": 7, "rank_seccion": 60, "pct_acum_sec": 88.17, "prioridad_50": false, "prioridad_80": false, "rank_municipal": 469, "pct_acum_LN_mun": 79.54}}, {"type": "Feature", "geometry": {"type": "Polygon", "coordinates": [[[-97.61685638023431, 19.37855674023962], [-97.61687337008487, 19.37852676977404], [-97.61707946048917, 19.37816279963016], [-97.61744534022922, 19.378381219848293], [-97.61722534993773, 19.378739920078353], [-97.61685638023431, 19.37855674023962]]]}, "properties": {"CVEGEO": "211080001003A009", "CVE_LOC": "0001", "AGEB": "003A", "MZA": "009", "SECCION": 877, "POBTOT": 52, "P18YMAS": 34, "P18YMAS_H": 18, "P18YMAS_M": 16, "P18A24": 11, "ITER_MATCH": true, "LN_total_sec": 3745, "LN_H_sec": 1798, "LN_M_sec": 1947, "LN_1839_sec": 2000, "LN_estimada": 51, "LN_H_est": 25, "LN_M_est": 27, "LN_1839_est": 27, "rank_seccion": 5, "pct_acum_sec": 7.93, "prioridad_50": true, "prioridad_80": true, "rank_municipal": 15, "pct_acum_LN_mun": 5.91}}, {"type": "Feature", "geometry": {"type": "Polygon", "coordinates": [[[-97.62266743045114, 19.379976549993813], [-97.6228665503888, 19.379625999903144], [-97.6231238199683, 19.37975940006831], [-97.62322640008537, 19.379812619638415], [-97.62302628002003, 19.380157019600848], [-97.62266743045114, 19.379976549993813]]]}, "properties": {"CVEGEO": "2110800010010044", "CVE_LOC": "0001", "AGEB": "0010", "MZA": "044", "SECCION": 875, "POBTOT": 9, "P18YMAS": 7, "P18YMAS_H": 0, "P18YMAS_M": 5, "P18A24": 0, "ITER_MATCH": true, "LN_total_sec": 1680, "LN_H_sec": 825, "LN_M_sec": 855, "LN_1839_sec": 803, "LN_estimada": 13, "LN_H_est": 6, "LN_M_est": 7, "LN_1839_est": 6, "rank_seccion": 49, "pct_acum_sec": 98.81, "prioridad_50": false, "prioridad_80": false, "rank_municipal": 535, "pct_acum_LN_mun": 85.44}}, {"type": "Feature", "geometry": {"type": "Polygon", "coordinates": [[[-97.5688685099736, 19.28270654024508], [-97.56977291983969, 19.282677569557986], [-97.56953134005856, 19.283522890384535], [-97.56862165037654, 19.283540570198447], [-97.5688685099736, 19.28270654024508]]]}, "properties": {"CVEGEO": "2110800350133008", "CVE_LOC": "0035", "AGEB": "0133", "MZA": "008", "SECCION": 882, "POBTOT": 0, "P18YMAS": 0, "P18YMAS_H": 0, "P18YMAS_M": 0, "P18A24": 0, "ITER_MATCH": false, "LN_total_sec": 2061, "LN_H_sec": 985, "LN_M_sec": 1076, "LN_1839_sec": 1194, "LN_estimada": 13, "LN_H_est": 6, "LN_M_est": 7, "LN_1839_est": 8, "rank_seccion": 46, "pct_acum_sec": 29.02, "prioridad_50": true, "prioridad_80": true, "rank_municipal": 536, "pct_acum_LN_mun": 85.53}}, {"type": "Feature", "geometry": {"type": "Polygon", "coordinates": [[[-97.57070257961941, 19.28307313968159], [-97.57057693966983, 19.283497200207183], [-97.56963619969856, 19.283513310011372], [-97.56986622028509, 19.282659850378252], [-97.57081327978236, 19.282630169987748], [-97.57070257961941, 19.28307313968159]]]}, "properties": {"CVEGEO": "2110800350133007", "CVE_LOC": "0035", "AGEB": "0133", "MZA": "007", "SECCION": 882, "POBTOT": 0, "P18YMAS": 0, "P18YMAS_H": 0, "P18YMAS_M": 0, "P18A24": 0, "ITER_MATCH": false, "LN_total_sec": 2061, "LN_H_sec": 985, "LN_M_sec": 1076, "LN_1839_sec": 1194, "LN_estimada": 13, "LN_H_est": 6, "LN_M_est": 7, "LN_1839_est": 8, "rank_seccion": 47, "pct_acum_sec": 29.65, "prioridad_50": true, "prioridad_80": true, "rank_municipal": 537, "pct_acum_LN_mun": 85.62}}, {"type": "Feature", "geometry": {"type": "Polygon", "coordinates": [[[-97.53538118021885, 19.2659365400028], [-97.53584823001505, 19.265962739896786], [-97.53584648990956, 19.266369020396123], [-97.53537013979923, 19.26633417964815], [-97.53538118021885, 19.2659365400028]]]}, "properties": {"CVEGEO": "2110800320133037", "CVE_LOC": "0032", "AGEB": "0133", "MZA": "037", "SECCION": 882, "POBTOT": 0, "P18YMAS": 0, "P18YMAS_H": 0, "P18YMAS_M": 0, "P18A24": 0, "ITER_MATCH": false, "LN_total_sec": 2061, "LN_H_sec": 985, "LN_M_sec": 1076, "LN_1839_sec": 1194, "LN_estimada": 13, "LN_H_est": 6, "LN_M_est": 7, "LN_1839_est": 8, "rank_seccion": 48, "pct_acum_sec": 30.28, "prioridad_50": true, "prioridad_80": true, "rank_municipal": 538, "pct_acum_LN_mun": 85.7}}, {"type": "Feature", "geometry": {"type": "Polygon", "coordinates": [[[-97.53538291958797, 19.26588625955164], [-97.53539354993046, 19.26550514028007], [-97.53585525992506, 19.265548860095326], [-97.53584514000897, 19.26590502020934], [-97.53538291958797, 19.26588625955164]]]}, "properties": {"CVEGEO": "2110800320133036", "CVE_LOC": "0032", "AGEB": "0133", "MZA": "036", "SECCION": 882, "POBTOT": 0, "P18YMAS": 0, "P18YMAS_H": 0, "P18YMAS_M": 0, "P18A24": 0, "ITER_MATCH": false, "LN_total_sec": 2061, "LN_H_sec": 985, "LN_M_sec": 1076, "LN_1839_sec": 1194, "LN_estimada": 13, "LN_H_est": 6, "LN_M_est": 7, "LN_1839_est": 8, "rank_seccion": 49, "pct_acum_sec": 30.91, "prioridad_50": true, "prioridad_80": true, "rank_municipal": 539, "pct_acum_LN_mun": 85.79}}, {"type": "Feature", "geometry": {"type": "Polygon", "coordinates": [[[-97.5337872602583, 19.268339110022605], [-97.53358574042183, 19.268303770448874], [-97.53363371998246, 19.26744678041276], [-97.5341182903331, 19.26747661966864], [-97.53407331007838, 19.268346799697046], [-97.5337872602583, 19.268339110022605]]]}, "properties": {"CVEGEO": "2110800320133035", "CVE_LOC": "0032", "AGEB": "0133", "MZA": "035", "SECCION": 882, "POBTOT": 0, "P18YMAS": 0, "P18YMAS_H": 0, "P18YMAS_M": 0, "P18A24": 0, "ITER_MATCH": false, "LN_total_sec": 2061, "LN_H_sec": 985, "LN_M_sec": 1076, "LN_1839_sec": 1194, "LN_estimada": 13, "LN_H_est": 6, "LN_M_est": 7, "LN_1839_est": 8, "rank_seccion": 50, "pct_acum_sec": 31.54, "prioridad_50": true, "prioridad_80": true, "rank_municipal": 540, "pct_acum_LN_mun": 85.88}}, {"type": "Feature", "geometry": {"type": "Polygon", "coordinates": [[[-97.53419914017888, 19.26748974972555], [-97.534664310216, 19.267537779669855], [-97.53466287957063, 19.268328689611206], [-97.53414841986822, 19.268345419923527], [-97.53419914017888, 19.26748974972555]]]}, "properties": {"CVEGEO": "2110800320133034", "CVE_LOC": "0032", "AGEB": "0133", "MZA": "034", "SECCION": 882, "POBTOT": 0, "P18YMAS": 0, "P18YMAS_H": 0, "P18YMAS_M": 0, "P18A24": 0, "ITER_MATCH": false, "LN_total_sec": 2061, "LN_H_sec": 985, "LN_M_sec": 1076, "LN_1839_sec": 1194, "LN_estimada": 13, "LN_H_est": 6, "LN_M_est": 7, "LN_1839_est": 8, "rank_seccion": 51, "pct_acum_sec": 32.17, "prioridad_50": true, "prioridad_80": true, "rank_municipal": 541, "pct_acum_LN_mun": 85.97}}, {"type": "Feature", "geometry": {"type": "Polygon", "coordinates": [[[-97.53474219969083, 19.268299320378816], [-97.53475676996311, 19.26754295039349], [-97.53522602010509, 19.2675653102132], [-97.53518432046616, 19.26829654972239], [-97.53474219969083, 19.268299320378816]]]}, "properties": {"CVEGEO": "2110800320133033", "CVE_LOC": "0032", "AGEB": "0133", "MZA": "033", "SECCION": 882, "POBTOT": 0, "P18YMAS": 0, "P18YMAS_H": 0, "P18YMAS_M": 0, "P18A24": 0, "ITER_MATCH": false, "LN_total_sec": 2061, "LN_H_sec": 985, "LN_M_sec": 1076, "LN_1839_sec": 1194, "LN_estimada": 13, "LN_H_est": 6, "LN_M_est": 7, "LN_1839_est": 8, "rank_seccion": 52, "pct_acum_sec": 32.8, "prioridad_50": true, "prioridad_80": true, "rank_municipal": 542, "pct_acum_LN_mun": 86.05}}, {"type": "Feature", "geometry": {"type": "Polygon", "coordinates": [[[-97.53474930974077, 19.267477020024213], [-97.53478339986765, 19.26687312024514], [-97.53527413963678, 19.266917780117076], [-97.53522761962132, 19.267509140157912], [-97.53474930974077, 19.267477020024213]]]}, "properties": {"CVEGEO": "2110800320133032", "CVE_LOC": "0032", "AGEB": "0133", "MZA": "032", "SECCION": 882, "POBTOT": 0, "P18YMAS": 0, "P18YMAS_H": 0, "P18YMAS_M": 0, "P18A24": 0, "ITER_MATCH": false, "LN_total_sec": 2061, "LN_H_sec": 985, "LN_M_sec": 1076, "LN_1839_sec": 1194, "LN_estimada": 13, "LN_H_est": 6, "LN_M_est": 7, "LN_1839_est": 8, "rank_seccion": 53, "pct_acum_sec": 33.43, "prioridad_50": true, "prioridad_80": true, "rank_municipal": 543, "pct_acum_LN_mun": 86.14}}, {"type": "Feature", "geometry": {"type": "Polygon", "coordinates": [[[-97.53477794996422, 19.266821229626697], [-97.53479584991403, 19.266344000346177], [-97.53529725030671, 19.266383829630662], [-97.53528541976281, 19.266853459849703], [-97.53477794996422, 19.266821229626697]]]}, "properties": {"CVEGEO": "2110800320133031", "CVE_LOC": "0032", "AGEB": "0133", "MZA": "031", "SECCION": 882, "POBTOT": 0, "P18YMAS": 0, "P18YMAS_H": 0, "P18YMAS_M": 0, "P18A24": 0, "ITER_MATCH": false, "LN_total_sec": 2061, "LN_H_sec": 985, "LN_M_sec": 1076, "LN_1839_sec": 1194, "LN_estimada": 13, "LN_H_est": 6, "LN_M_est": 7, "LN_1839_est": 8, "rank_seccion": 54, "pct_acum_sec": 34.06, "prioridad_50": true, "prioridad_80": true, "rank_municipal": 544, "pct_acum_LN_mun": 86.23}}, {"type": "Feature", "geometry": {"type": "Polygon", "coordinates": [[[-97.53426971000975, 19.265824349636077], [-97.53430023016384, 19.265437879885614], [-97.53482526014616, 19.265472279699416], [-97.53479452027487, 19.26585755036906], [-97.53426971000975, 19.265824349636077]]]}, "properties": {"CVEGEO": "2110800320133018", "CVE_LOC": "0032", "AGEB": "0133", "MZA": "018", "SECCION": 882, "POBTOT": 0, "P18YMAS": 0, "P18YMAS_H": 0, "P18YMAS_M": 0, "P18A24": 0, "ITER_MATCH": false, "LN_total_sec": 2061, "LN_H_sec": 985, "LN_M_sec": 1076, "LN_1839_sec": 1194, "LN_estimada": 13, "LN_H_est": 6, "LN_M_est": 7, "LN_1839_est": 8, "rank_seccion": 55, "pct_acum_sec": 34.69, "prioridad_50": true, "prioridad_80": true, "rank_municipal": 545, "pct_acum_LN_mun": 86.32}}, {"type": "Feature", "geometry": {"type": "Polygon", "coordinates": [[[-97.53435434027122, 19.264083400207593], [-97.53485464990011, 19.26411951030308], [-97.53481005009651, 19.2646855203838], [-97.5348347703541, 19.2646851703334], [-97.53485556978897, 19.26468603019704], [-97.53492025007499, 19.264125509703845], [-97.53542224957549, 19.264159450236594], [-97.5353284202866, 19.265439369779862], [-97.534301030026, 19.26537171002578], [-97.53435434027122, 19.264083400207593]]]}, "properties": {"CVEGEO": "2110800320133017", "CVE_LOC": "0032", "AGEB": "0133", "MZA": "017", "SECCION": 882, "POBTOT": 0, "P18YMAS": 0, "P18YMAS_H": 0, "P18YMAS_M": 0, "P18A24": 0, "ITER_MATCH": false, "LN_total_sec": 2061, "LN_H_sec": 985, "LN_M_sec": 1076, "LN_1839_sec": 1194, "LN_estimada": 13, "LN_H_est": 6, "LN_M_est": 7, "LN_1839_est": 8, "rank_seccion": 56, "pct_acum_sec": 35.32, "prioridad_50": true, "prioridad_80": true, "rank_municipal": 546, "pct_acum_LN_mun": 86.4}}, {"type": "Feature", "geometry": {"type": "Polygon", "coordinates": [[[-97.5337988903794, 19.26405585010264], [-97.53428201964837, 19.26408805984905], [-97.53422002964186, 19.2653689397422], [-97.53374116997016, 19.26532795021457], [-97.5337988903794, 19.26405585010264]]]}, "properties": {"CVEGEO": "2110800320133016", "CVE_LOC": "0032", "AGEB": "0133", "MZA": "016", "SECCION": 882, "POBTOT": 0, "P18YMAS": 0, "P18YMAS_H": 0, "P18YMAS_M": 0, "P18A24": 0, "ITER_MATCH": false, "LN_total_sec": 2061, "LN_H_sec": 985, "LN_M_sec": 1076, "LN_1839_sec": 1194, "LN_estimada": 13, "LN_H_est": 6, "LN_M_est": 7, "LN_1839_est": 8, "rank_seccion": 57, "pct_acum_sec": 35.95, "prioridad_50": true, "prioridad_80": true, "rank_municipal": 547, "pct_acum_LN_mun": 86.49}}, {"type": "Feature", "geometry": {"type": "Polygon", "coordinates": [[[-97.5331195795709, 19.264723459551774], [-97.53314097026218, 19.264628949802685], [-97.5333303397537, 19.264573830379145], [-97.53322559976273, 19.26421482983117], [-97.53321799978148, 19.264046110279068], [-97.53372502046048, 19.264058719970823], [-97.53365184962038, 19.265328739852723], [-97.53311464984445, 19.265285649903504], [-97.5331195795709, 19.264723459551774]]]}, "properties": {"CVEGEO": "2110800320133015", "CVE_LOC": "0032", "AGEB": "0133", "MZA": "015", "SECCION": 882, "POBTOT": 0, "P18YMAS": 0, "P18YMAS_H": 0, "P18YMAS_M": 0, "P18A24": 0, "ITER_MATCH": false, "LN_total_sec": 2061, "LN_H_sec": 985, "LN_M_sec": 1076, "LN_1839_sec": 1194, "LN_estimada": 13, "LN_H_est": 6, "LN_M_est": 7, "LN_1839_est": 8, "rank_seccion": 58, "pct_acum_sec": 36.58, "prioridad_50": true, "prioridad_80": true, "rank_municipal": 548, "pct_acum_LN_mun": 86.58}}, {"type": "Feature", "geometry": {"type": "Polygon", "coordinates": [[[-97.53253183043712, 19.26469871021764], [-97.53284091040501, 19.264722340167523], [-97.53307931039888, 19.264669049744136], [-97.53305305047593, 19.265269879717813], [-97.53252958038564, 19.265231509600515], [-97.53253183043712, 19.26469871021764]]]}, "properties": {"CVEGEO": "2110800320133014", "CVE_LOC": "0032", "AGEB": "0133", "MZA": "014", "SECCION": 882, "POBTOT": 0, "P18YMAS": 0, "P18YMAS_H": 0, "P18YMAS_M": 0, "P18A24": 0, "ITER_MATCH": false, "LN_total_sec": 2061, "LN_H_sec": 985, "LN_M_sec": 1076, "LN_1839_sec": 1194, "LN_estimada": 13, "LN_H_est": 6, "LN_M_est": 7, "LN_1839_est": 8, "rank_seccion": 59, "pct_acum_sec": 37.21, "prioridad_50": true, "prioridad_80": true, "rank_municipal": 549, "pct_acum_LN_mun": 86.67}}, {"type": "Feature", "geometry": {"type": "Polygon", "coordinates": [[[-97.53175142980636, 19.26462751974441], [-97.53238385030771, 19.264693949636843], [-97.532379680066, 19.265079599910898], [-97.53172591045656, 19.265012079582927], [-97.53175142980636, 19.26462751974441]]]}, "properties": {"CVEGEO": "2110800320133013", "CVE_LOC": "0032", "AGEB": "0133", "MZA": "013", "SECCION": 882, "POBTOT": 0, "P18YMAS": 0, "P18YMAS_H": 0, "P18YMAS_M": 0, "P18A24": 0, "ITER_MATCH": false, "LN_total_sec": 2061, "LN_H_sec": 985, "LN_M_sec": 1076, "LN_1839_sec": 1194, "LN_estimada": 13, "LN_H_est": 6, "LN_M_est": 7, "LN_1839_est": 8, "rank_seccion": 60, "pct_acum_sec": 37.85, "prioridad_50": true, "prioridad_80": true, "rank_municipal": 550, "pct_acum_LN_mun": 86.76}}, {"type": "Feature", "geometry": {"type": "Polygon", "coordinates": [[[-97.53178103020116, 19.26615591004105], [-97.53172311038745, 19.265744250275944], [-97.53238537018815, 19.265793709578364], [-97.53236677011796, 19.266170769588165], [-97.53178103020116, 19.26615591004105]]]}, "properties": {"CVEGEO": "2110800320133011", "CVE_LOC": "0032", "AGEB": "0133", "MZA": "011", "SECCION": 882, "POBTOT": 0, "P18YMAS": 0, "P18YMAS_H": 0, "P18YMAS_M": 0, "P18A24": 0, "ITER_MATCH": false, "LN_total_sec": 2061, "LN_H_sec": 985, "LN_M_sec": 1076, "LN_1839_sec": 1194, "LN_estimada": 13, "LN_H_est": 6, "LN_M_est": 7, "LN_1839_est": 8, "rank_seccion": 61, "pct_acum_sec": 38.48, "prioridad_50": true, "prioridad_80": true, "rank_municipal": 551, "pct_acum_LN_mun": 86.84}}, {"type": "Feature", "geometry": {"type": "Polygon", "coordinates": [[[-97.55708738041045, 19.23840547976256], [-97.55769512016653, 19.23749527983817], [-97.5577978202845, 19.23832545969924], [-97.55708738041045, 19.23840547976256]]]}, "properties": {"CVEGEO": "2110800250133047", "CVE_LOC": "0025", "AGEB": "0133", "MZA": "047", "SECCION": 882, "POBTOT": 0, "P18YMAS": 0, "P18YMAS_H": 0, "P18YMAS_M": 0, "P18A24": 0, "ITER_MATCH": false, "LN_total_sec": 2061, "LN_H_sec": 985, "LN_M_sec": 1076, "LN_1839_sec": 1194, "LN_estimada": 13, "LN_H_est": 6, "LN_M_est": 7, "LN_1839_est": 8, "rank_seccion": 62, "pct_acum_sec": 39.11, "prioridad_50": true, "prioridad_80": true, "rank_municipal": 552, "pct_acum_LN_mun": 86.93}}, {"type": "Feature", "geometry": {"type": "Polygon", "coordinates": [[[-97.55258448987463, 19.245203089573], [-97.55262385005696, 19.24600782987334], [-97.55197199995457, 19.24607038042845], [-97.55258448987463, 19.245203089573]]]}, "properties": {"CVEGEO": "2110800250133046", "CVE_LOC": "0025", "AGEB": "0133", "MZA": "046", "SECCION": 882, "POBTOT": 0, "P18YMAS": 0, "P18YMAS_H": 0, "P18YMAS_M": 0, "P18A24": 0, "ITER_MATCH": false, "LN_total_sec": 2061, "LN_H_sec": 985, "LN_M_sec": 1076, "LN_1839_sec": 1194, "LN_estimada": 13, "LN_H_est": 6, "LN_M_est": 7, "LN_1839_est": 8, "rank_seccion": 63, "pct_acum_sec": 39.74, "prioridad_50": true, "prioridad_80": true, "rank_municipal": 553, "pct_acum_LN_mun": 87.02}}, {"type": "Feature", "geometry": {"type": "Polygon", "coordinates": [[[-97.55174122032894, 19.24647978021364], [-97.55174822026878, 19.246470749955797], [-97.55194251044638, 19.24614001973378], [-97.55262402012961, 19.246071629601424], [-97.5526252500825, 19.24651330985425], [-97.55174122032894, 19.24647978021364]]]}, "properties": {"CVEGEO": "2110800250133045", "CVE_LOC": "0025", "AGEB": "0133", "MZA": "045", "SECCION": 882, "POBTOT": 0, "P18YMAS": 0, "P18YMAS_H": 0, "P18YMAS_M": 0, "P18A24": 0, "ITER_MATCH": false, "LN_total_sec": 2061, "LN_H_sec": 985, "LN_M_sec": 1076, "LN_1839_sec": 1194, "LN_estimada": 13, "LN_H_est": 6, "LN_M_est": 7, "LN_1839_est": 8, "rank_seccion": 64, "pct_acum_sec": 40.37, "prioridad_50": true, "prioridad_80": true, "rank_municipal": 554, "pct_acum_LN_mun": 87.11}}, {"type": "Feature", "geometry": {"type": "Polygon", "coordinates": [[[-97.55786441970304, 19.23836657023518], [-97.55911813971044, 19.2382500902665], [-97.55926811022785, 19.239322420209955], [-97.5580102898598, 19.23945768997861], [-97.55786441970304, 19.23836657023518]]]}, "properties": {"CVEGEO": "2110800250133044", "CVE_LOC": "0025", "AGEB": "0133", "MZA": "044", "SECCION": 882, "POBTOT": 0, "P18YMAS": 0, "P18YMAS_H": 0, "P18YMAS_M": 0, "P18A24": 0, "ITER_MATCH": false, "LN_total_sec": 2061, "LN_H_sec": 985, "LN_M_sec": 1076, "LN_1839_sec": 1194, "LN_estimada": 13, "LN_H_est": 6, "LN_M_est": 7, "LN_1839_est": 8, "rank_seccion": 65, "pct_acum_sec": 41.0, "prioridad_50": true, "prioridad_80": true, "rank_municipal": 555, "pct_acum_LN_mun": 87.19}}, {"type": "Feature", "geometry": {"type": "Polygon", "coordinates": [[[-97.55709587995952, 19.238454659818334], [-97.55780216997609, 19.238376620061217], [-97.55794868969458, 19.239463080068543], [-97.55716208024694, 19.239550970217525], [-97.55709587995952, 19.238454659818334]]]}, "properties": {"CVEGEO": "2110800250133043", "CVE_LOC": "0025", "AGEB": "0133", "MZA": "043", "SECCION": 882, "POBTOT": 0, "P18YMAS": 0, "P18YMAS_H": 0, "P18YMAS_M": 0, "P18A24": 0, "ITER_MATCH": false, "LN_total_sec": 2061, "LN_H_sec": 985, "LN_M_sec": 1076, "LN_1839_sec": 1194, "LN_estimada": 13, "LN_H_est": 6, "LN_M_est": 7, "LN_1839_est": 8, "rank_seccion": 66, "pct_acum_sec": 41.63, "prioridad_50": true, "prioridad_80": true, "rank_municipal": 556, "pct_acum_LN_mun": 87.28}}, {"type": "Feature", "geometry": {"type": "Polygon", "coordinates": [[[-97.55650911043716, 19.239290109916393], [-97.55704659968697, 19.238492979803627], [-97.55709465007163, 19.239552799919853], [-97.5562482599109, 19.239671769911656], [-97.55650911043716, 19.239290109916393]]]}, "properties": {"CVEGEO": "2110800250133042", "CVE_LOC": "0025", "AGEB": "0133", "MZA": "042", "SECCION": 882, "POBTOT": 0, "P18YMAS": 0, "P18YMAS_H": 0, "P18YMAS_M": 0, "P18A24": 0, "ITER_MATCH": false, "LN_total_sec": 2061, "LN_H_sec": 985, "LN_M_sec": 1076, "LN_1839_sec": 1194, "LN_estimada": 13, "LN_H_est": 6, "LN_M_est": 7, "LN_1839_est": 8, "rank_seccion": 67, "pct_acum_sec": 42.26, "prioridad_50": true, "prioridad_80": true, "rank_municipal": 557, "pct_acum_LN_mun": 87.37}}, {"type": "Feature", "geometry": {"type": "Polygon", "coordinates": [[[-97.55264916983452, 19.24513986017624], [-97.55282001998627, 19.244870890435216], [-97.5532434602758, 19.244811289660298], [-97.55338447965335, 19.2459245195576], [-97.5526905801487, 19.246000630013388], [-97.55264916983452, 19.24513986017624]]]}, "properties": {"CVEGEO": "2110800250133040", "CVE_LOC": "0025", "AGEB": "0133", "MZA": "040", "SECCION": 882, "POBTOT": 0, "P18YMAS": 0, "P18YMAS_H": 0, "P18YMAS_M": 0, "P18A24": 0, "ITER_MATCH": false, "LN_total_sec": 2061, "LN_H_sec": 985, "LN_M_sec": 1076, "LN_1839_sec": 1194, "LN_estimada": 13, "LN_H_est": 6, "LN_M_est": 7, "LN_1839_est": 8, "rank_seccion": 68, "pct_acum_sec": 42.89, "prioridad_50": true, "prioridad_80": true, "rank_municipal": 558, "pct_acum_LN_mun": 87.46}}, {"type": "Feature", "geometry": {"type": "Polygon", "coordinates": [[[-97.5539621203401, 19.243069660199893], [-97.5539937104787, 19.243472949778756], [-97.55367451029223, 19.24347155015891], [-97.5539621203401, 19.243069660199893]]]}, "properties": {"CVEGEO": "2110800250133027", "CVE_LOC": "0025", "AGEB": "0133", "MZA": "027", "SECCION": 882, "POBTOT": 0, "P18YMAS": 0, "P18YMAS_H": 0, "P18YMAS_M": 0, "P18A24": 0, "ITER_MATCH": false, "LN_total_sec": 2061, "LN_H_sec": 985, "LN_M_sec": 1076, "LN_1839_sec": 1194, "LN_estimada": 13, "LN_H_est": 6, "LN_M_est": 7, "LN_1839_est": 8, "rank_seccion": 69, "pct_acum_sec": 43.52, "prioridad_50": true, "prioridad_80": true, "rank_municipal": 559, "pct_acum_LN_mun": 87.54}}, {"type": "Feature", "geometry": {"type": "Polygon", "coordinates": [[[-97.55364392041812, 19.24351120015234], [-97.55400002998795, 19.243516050433904], [-97.55409740037011, 19.24464866017805], [-97.55330737986617, 19.244739509807328], [-97.55324953992063, 19.244134249572465], [-97.55364392041812, 19.24351120015234]]]}, "properties": {"CVEGEO": "2110800250133026", "CVE_LOC": "0025", "AGEB": "0133", "MZA": "026", "SECCION": 882, "POBTOT": 0, "P18YMAS": 0, "P18YMAS_H": 0, "P18YMAS_M": 0, "P18A24": 0, "ITER_MATCH": false, "LN_total_sec": 2061, "LN_H_sec": 985, "LN_M_sec": 1076, "LN_1839_sec": 1194, "LN_estimada": 13, "LN_H_est": 6, "LN_M_est": 7, "LN_1839_est": 8, "rank_seccion": 70, "pct_acum_sec": 44.15, "prioridad_50": true, "prioridad_80": true, "rank_municipal": 560, "pct_acum_LN_mun": 87.63}}, {"type": "Feature", "geometry": {"type": "Polygon", "coordinates": [[[-97.55332557033707, 19.244806849923574], [-97.55409506014855, 19.24472522016813], [-97.55424197997594, 19.245833110001207], [-97.55345102002651, 19.245918510028744], [-97.55332557033707, 19.244806849923574]]]}, "properties": {"CVEGEO": "2110800250133025", "CVE_LOC": "0025", "AGEB": "0133", "MZA": "025", "SECCION": 882, "POBTOT": 0, "P18YMAS": 0, "P18YMAS_H": 0, "P18YMAS_M": 0, "P18A24": 0, "ITER_MATCH": false, "LN_total_sec": 2061, "LN_H_sec": 985, "LN_M_sec": 1076, "LN_1839_sec": 1194, "LN_estimada": 13, "LN_H_est": 6, "LN_M_est": 7, "LN_1839_est": 8, "rank_seccion": 71, "pct_acum_sec": 44.78, "prioridad_50": true, "prioridad_80": true, "rank_municipal": 561, "pct_acum_LN_mun": 87.72}}, {"type": "Feature", "geometry": {"type": "Polygon", "coordinates": [[[-97.55852897995321, 19.24431231968466], [-97.55976753993363, 19.24420614031719], [-97.55987085991815, 19.245281460054358], [-97.5586094200884, 19.24539807995565], [-97.55852897995321, 19.24431231968466]]]}, "properties": {"CVEGEO": "2110800250133024", "CVE_LOC": "0025", "AGEB": "0133", "MZA": "024", "SECCION": 882, "POBTOT": 0, "P18YMAS": 0, "P18YMAS_H": 0, "P18YMAS_M": 0, "P18A24": 0, "ITER_MATCH": false, "LN_total_sec": 2061, "LN_H_sec": 985, "LN_M_sec": 1076, "LN_1839_sec": 1194, "LN_estimada": 13, "LN_H_est": 6, "LN_M_est": 7, "LN_1839_est": 8, "rank_seccion": 72, "pct_acum_sec": 45.41, "prioridad_50": true, "prioridad_80": true, "rank_municipal": 562, "pct_acum_LN_mun": 87.81}}, {"type": "Feature", "geometry": {"type": "Polygon", "coordinates": [[[-97.55843034986171, 19.243119739828742], [-97.55965053957452, 19.242988450270573], [-97.5597397203072, 19.244121290085594], [-97.55851808043417, 19.244236089745367], [-97.55843034986171, 19.243119739828742]]]}, "properties": {"CVEGEO": "2110800250133023", "CVE_LOC": "0025", "AGEB": "0133", "MZA": "023", "SECCION": 882, "POBTOT": 0, "P18YMAS": 0, "P18YMAS_H": 0, "P18YMAS_M": 0, "P18A24": 0, "ITER_MATCH": false, "LN_total_sec": 2061, "LN_H_sec": 985, "LN_M_sec": 1076, "LN_1839_sec": 1194, "LN_estimada": 13, "LN_H_est": 6, "LN_M_est": 7, "LN_1839_est": 8, "rank_seccion": 73, "pct_acum_sec": 46.05, "prioridad_50": true, "prioridad_80": true, "rank_municipal": 563, "pct_acum_LN_mun": 87.89}}, {"type": "Feature", "geometry": {"type": "Polygon", "coordinates": [[[-97.55468437032839, 19.24196899976568], [-97.5547697404231, 19.242262829805895], [-97.55446498008187, 19.242290340372765], [-97.55468437032839, 19.24196899976568]]]}, "properties": {"CVEGEO": "2110800250133020", "CVE_LOC": "0025", "AGEB": "0133", "MZA": "020", "SECCION": 882, "POBTOT": 0, "P18YMAS": 0, "P18YMAS_H": 0, "P18YMAS_M": 0, "P18A24": 0, "ITER_MATCH": false, "LN_total_sec": 2061, "LN_H_sec": 985, "LN_M_sec": 1076, "LN_1839_sec": 1194, "LN_estimada": 13, "LN_H_est": 6, "LN_M_est": 7, "LN_1839_est": 8, "rank_seccion": 74, "pct_acum_sec": 46.68, "prioridad_50": true, "prioridad_80": true, "rank_municipal": 564, "pct_acum_LN_mun": 87.98}}, {"type": "Feature", "geometry": {"type": "Polygon", "coordinates": [[[-97.55504904978338, 19.244635279757112], [-97.55581892040854, 19.244563400130797], [-97.55594808954991, 19.245648860095624], [-97.55517542976487, 19.245732310198022], [-97.55504904978338, 19.244635279757112]]]}, "properties": {"CVEGEO": "2110800250133007", "CVE_LOC": "0025", "AGEB": "0133", "MZA": "007", "SECCION": 882, "POBTOT": 0, "P18YMAS": 0, "P18YMAS_H": 0, "P18YMAS_M": 0, "P18A24": 0, "ITER_MATCH": false, "LN_total_sec": 2061, "LN_H_sec": 985, "LN_M_sec": 1076, "LN_1839_sec": 1194, "LN_estimada": 13, "LN_H_est": 6, "LN_M_est": 7, "LN_1839_est": 7, "rank_seccion": 75, "pct_acum_sec": 47.31, "prioridad_50": true, "prioridad_80": true, "rank_municipal": 565, "pct_acum_LN_mun": 88.07}}, {"type": "Feature", "geometry": {"type": "Polygon", "coordinates": [[[-97.55590083032489, 19.244554149984573], [-97.55668512038599, 19.24447687961485], [-97.5567619100961, 19.245566720032325], [-97.55625675035849, 19.245615519653775], [-97.55601446046298, 19.245641689893613], [-97.55590083032489, 19.244554149984573]]]}, "properties": {"CVEGEO": "2110800250133006", "CVE_LOC": "0025", "AGEB": "0133", "MZA": "006", "SECCION": 882, "POBTOT": 0, "P18YMAS": 0, "P18YMAS_H": 0, "P18YMAS_M": 0, "P18A24": 0, "ITER_MATCH": false, "LN_total_sec": 2061, "LN_H_sec": 985, "LN_M_sec": 1076, "LN_1839_sec": 1194, "LN_estimada": 13, "LN_H_est": 6, "LN_M_est": 7, "LN_1839_est": 7, "rank_seccion": 76, "pct_acum_sec": 47.94, "prioridad_50": true, "prioridad_80": true, "rank_municipal": 566, "pct_acum_LN_mun": 88.16}}, {"type": "Feature", "geometry": {"type": "Polygon", "coordinates": [[[-97.55676111007024, 19.244466709805792], [-97.55757039956157, 19.244393540158605], [-97.55767143046747, 19.245483749725675], [-97.55683276960364, 19.24556071018776], [-97.55676111007024, 19.244466709805792]]]}, "properties": {"CVEGEO": "2110800250133005", "CVE_LOC": "0025", "AGEB": "0133", "MZA": "005", "SECCION": 882, "POBTOT": 0, "P18YMAS": 0, "P18YMAS_H": 0, "P18YMAS_M": 0, "P18A24": 0, "ITER_MATCH": false, "LN_total_sec": 2061, "LN_H_sec": 985, "LN_M_sec": 1076, "LN_1839_sec": 1194, "LN_estimada": 13, "LN_H_est": 6, "LN_M_est": 7, "LN_1839_est": 7, "rank_seccion": 77, "pct_acum_sec": 48.57, "prioridad_50": true, "prioridad_80": true, "rank_municipal": 567, "pct_acum_LN_mun": 88.24}}, {"type": "Feature", "geometry": {"type": "Polygon", "coordinates": [[[-97.55667902040366, 19.243253770381266], [-97.55747254028115, 19.243211309607513], [-97.55755699966936, 19.244303799582987], [-97.55675522960951, 19.244403370207152], [-97.55667902040366, 19.243253770381266]]]}, "properties": {"CVEGEO": "2110800250133004", "CVE_LOC": "0025", "AGEB": "0133", "MZA": "004", "SECCION": 882, "POBTOT": 0, "P18YMAS": 0, "P18YMAS_H": 0, "P18YMAS_M": 0, "P18A24": 0, "ITER_MATCH": false, "LN_total_sec": 2061, "LN_H_sec": 985, "LN_M_sec": 1076, "LN_1839_sec": 1194, "LN_estimada": 13, "LN_H_est": 6, "LN_M_est": 7, "LN_1839_est": 7, "rank_seccion": 78, "pct_acum_sec": 49.2, "prioridad_50": true, "prioridad_80": true, "rank_municipal": 568, "pct_acum_LN_mun": 88.33}}, {"type": "Feature", "geometry": {"type": "Polygon", "coordinates": [[[-97.55579461972752, 19.243363460312235], [-97.55659421964263, 19.243271519801556], [-97.55667661972181, 19.244414479697326], [-97.55588944996323, 19.244490710039894], [-97.55579461972752, 19.243363460312235]]]}, "properties": {"CVEGEO": "2110800250133001", "CVE_LOC": "0025", "AGEB": "0133", "MZA": "001", "SECCION": 882, "POBTOT": 0, "P18YMAS": 0, "P18YMAS_H": 0, "P18YMAS_M": 0, "P18A24": 0, "ITER_MATCH": false, "LN_total_sec": 2061, "LN_H_sec": 985, "LN_M_sec": 1076, "LN_1839_sec": 1194, "LN_estimada": 13, "LN_H_est": 6, "LN_M_est": 7, "LN_1839_est": 7, "rank_seccion": 79, "pct_acum_sec": 49.83, "prioridad_50": true, "prioridad_80": true, "rank_municipal": 569, "pct_acum_LN_mun": 88.42}}, {"type": "Feature", "geometry": {"type": "Polygon", "coordinates": [[[-97.65161743030357, 19.371367370080513], [-97.6518997400459, 19.371090429595682], [-97.65215085014009, 19.37133423041062], [-97.65189631011931, 19.37159245032235], [-97.65161743030357, 19.371367370080513]]]}, "properties": {"CVEGEO": "211080008010A076", "CVE_LOC": "0008", "AGEB": "010A", "MZA": "076", "SECCION": 875, "POBTOT": 0, "P18YMAS": 0, "P18YMAS_H": 0, "P18YMAS_M": 0, "P18A24": 0, "ITER_MATCH": false, "LN_total_sec": 1680, "LN_H_sec": 825, "LN_M_sec": 855, "LN_1839_sec": 803, "LN_estimada": 0, "LN_H_est": 0, "LN_M_est": 0, "LN_1839_est": 0, "rank_seccion": 75, "pct_acum_sec": 100.0, "prioridad_50": false, "prioridad_80": false, "rank_municipal": 818, "pct_acum_LN_mun": 100.0}}, {"type": "Feature", "geometry": {"type": "Polygon", "coordinates": [[[-97.6484239100554, 19.370770709904054], [-97.64865212014648, 19.370941059632738], [-97.64850369025163, 19.371064490191706], [-97.64844401971042, 19.371125460143233], [-97.64832859960411, 19.371159820331425], [-97.64818275024965, 19.37107067999284], [-97.6484239100554, 19.370770709904054]]]}, "properties": {"CVEGEO": "211080008010A064", "CVE_LOC": "0008", "AGEB": "010A", "MZA": "064", "SECCION": 875, "POBTOT": 0, "P18YMAS": 0, "P18YMAS_H": 0, "P18YMAS_M": 0, "P18A24": 0, "ITER_MATCH": false, "LN_total_sec": 1680, "LN_H_sec": 825, "LN_M_sec": 855, "LN_1839_sec": 803, "LN_estimada": 0, "LN_H_est": 0, "LN_M_est": 0, "LN_1839_est": 0, "rank_seccion": 76, "pct_acum_sec": 100.0, "prioridad_50": false, "prioridad_80": false, "rank_municipal": 819, "pct_acum_LN_mun": 100.0}}, {"type": "Feature", "geometry": {"type": "Polygon", "coordinates": [[[-97.65017585019167, 19.37153021967537], [-97.64979268970282, 19.372021879663095], [-97.64965250990811, 19.3719225695893], [-97.64958314023716, 19.3718353800032], [-97.64950624953543, 19.37176400015507], [-97.64989077963779, 19.37128582004033], [-97.65017585019167, 19.37153021967537]]]}, "properties": {"CVEGEO": "211080008010A063", "CVE_LOC": "0008", "AGEB": "010A", "MZA": "063", "SECCION": 875, "POBTOT": 0, "P18YMAS": 0, "P18YMAS_H": 0, "P18YMAS_M": 0, "P18A24": 0, "ITER_MATCH": false, "LN_total_sec": 1680, "LN_H_sec": 825, "LN_M_sec": 855, "LN_1839_sec": 803, "LN_estimada": 0, "LN_H_est": 0, "LN_M_est": 0, "LN_1839_est": 0, "rank_seccion": 77, "pct_acum_sec": 100.0, "prioridad_50": false, "prioridad_80": false, "rank_municipal": 820, "pct_acum_LN_mun": 100.0}}, {"type": "Feature", "geometry": {"type": "Polygon", "coordinates": [[[-97.65085878034705, 19.370807020003024], [-97.65110617988938, 19.370506320082136], [-97.65146018045778, 19.370761599997792], [-97.65120228956046, 19.37106587962278], [-97.65085878034705, 19.370807020003024]]]}, "properties": {"CVEGEO": "211080008010A059", "CVE_LOC": "0008", "AGEB": "010A", "MZA": "059", "SECCION": 875, "POBTOT": 0, "P18YMAS": 0, "P18YMAS_H": 0, "P18YMAS_M": 0, "P18A24": 0, "ITER_MATCH": false, "LN_total_sec": 1680, "LN_H_sec": 825, "LN_M_sec": 855, "LN_1839_sec": 803, "LN_estimada": 0, "LN_H_est": 0, "LN_M_est": 0, "LN_1839_est": 0, "rank_seccion": 78, "pct_acum_sec": 100.0, "prioridad_50": false, "prioridad_80": false, "rank_municipal": 821, "pct_acum_LN_mun": 100.0}}, {"type": "Feature", "geometry": {"type": "Polygon", "coordinates": [[[-97.65075071039595, 19.367920630365106], [-97.65084717019577, 19.36804328993065], [-97.65102928030194, 19.36821317035781], [-97.65083147989772, 19.36844357044097], [-97.65053634042732, 19.368206219849295], [-97.65075071039595, 19.367920630365106]]]}, "properties": {"CVEGEO": "211080008010A057", "CVE_LOC": "0008", "AGEB": "010A", "MZA": "057", "SECCION": 875, "POBTOT": 0, "P18YMAS": 0, "P18YMAS_H": 0, "P18YMAS_M": 0, "P18A24": 0, "ITER_MATCH": false, "LN_total_sec": 1680, "LN_H_sec": 825, "LN_M_sec": 855, "LN_1839_sec": 803, "LN_estimada": 0, "LN_H_est": 0, "LN_M_est": 0, "LN_1839_est": 0, "rank_seccion": 79, "pct_acum_sec": 100.0, "prioridad_50": false, "prioridad_80": false, "rank_municipal": 822, "pct_acum_LN_mun": 100.0}}, {"type": "Feature", "geometry": {"type": "Polygon", "coordinates": [[[-97.64760311012043, 19.369551679774705], [-97.64792346039374, 19.369799259673183], [-97.647689660393, 19.37008122998602], [-97.64735022037108, 19.36983781985171], [-97.64760311012043, 19.369551679774705]]]}, "properties": {"CVEGEO": "211080008010A045", "CVE_LOC": "0008", "AGEB": "010A", "MZA": "045", "SECCION": 875, "POBTOT": 0, "P18YMAS": 0, "P18YMAS_H": 0, "P18YMAS_M": 0, "P18A24": 0, "ITER_MATCH": false, "LN_total_sec": 1680, "LN_H_sec": 825, "LN_M_sec": 855, "LN_1839_sec": 803, "LN_estimada": 0, "LN_H_est": 0, "LN_M_est": 0, "LN_1839_est": 0, "rank_seccion": 80, "pct_acum_sec": 100.0, "prioridad_50": false, "prioridad_80": false, "rank_municipal": 823, "pct_acum_LN_mun": 100.0}}, {"type": "Feature", "geometry": {"type": "Polygon", "coordinates": [[[-97.6479917699254, 19.369842999997847], [-97.64827077039293, 19.370059519704025], [-97.64803654019346, 19.370365550357494], [-97.64775742037159, 19.37012403010532], [-97.6479917699254, 19.369842999997847]]]}, "properties": {"CVEGEO": "211080008010A044", "CVE_LOC": "0008", "AGEB": "010A", "MZA": "044", "SECCION": 875, "POBTOT": 0, "P18YMAS": 0, "P18YMAS_H": 0, "P18YMAS_M": 0, "P18A24": 0, "ITER_MATCH": false, "LN_total_sec": 1680, "LN_H_sec": 825, "LN_M_sec": 855, "LN_1839_sec": 803, "LN_estimada": 0, "LN_H_est": 0, "LN_M_est": 0, "LN_1839_est": 0, "rank_seccion": 81, "pct_acum_sec": 100.0, "prioridad_50": false, "prioridad_80": false, "rank_municipal": 824, "pct_acum_LN_mun": 100.0}}, {"type": "Feature", "geometry": {"type": "Polygon", "coordinates": [[[-97.64810542002496, 19.370406369552683], [-97.64834664966668, 19.370115950395732], [-97.64863568032727, 19.370353779680133], [-97.64841737993916, 19.37065737038622], [-97.64810542002496, 19.370406369552683]]]}, "properties": {"CVEGEO": "211080008010A043", "CVE_LOC": "0008", "AGEB": "010A", "MZA": "043", "SECCION": 875, "POBTOT": 0, "P18YMAS": 0, "P18YMAS_H": 0, "P18YMAS_M": 0, "P18A24": 0, "ITER_MATCH": false, "LN_total_sec": 1680, "LN_H_sec": 825, "LN_M_sec": 855, "LN_1839_sec": 803, "LN_estimada": 0, "LN_H_est": 0, "LN_M_est": 0, "LN_1839_est": 0, "rank_seccion": 82, "pct_acum_sec": 100.0, "prioridad_50": false, "prioridad_80": false, "rank_municipal": 825, "pct_acum_LN_mun": 100.0}}, {"type": "Feature", "geometry": {"type": "Polygon", "coordinates": [[[-97.64846191001897, 19.370685969961666], [-97.6486956798484, 19.37039927978322], [-97.64902951018992, 19.37065902029934], [-97.64878988996047, 19.37091617998639], [-97.64846191001897, 19.370685969961666]]]}, "properties": {"CVEGEO": "211080008010A042", "CVE_LOC": "0008", "AGEB": "010A", "MZA": "042", "SECCION": 875, "POBTOT": 0, "P18YMAS": 0, "P18YMAS_H": 0, "P18YMAS_M": 0, "P18A24": 0, "ITER_MATCH": false, "LN_total_sec": 1680, "LN_H_sec": 825, "LN_M_sec": 855, "LN_1839_sec": 803, "LN_estimada": 0, "LN_H_est": 0, "LN_M_est": 0, "LN_1839_est": 0, "rank_seccion": 83, "pct_acum_sec": 100.0, "prioridad_50": false, "prioridad_80": false, "rank_municipal": 826, "pct_acum_LN_mun": 100.0}}, {"type": "Feature", "geometry": {"type": "Polygon", "coordinates": [[[-97.64992726026095, 19.371218020317023], [-97.65014442962492, 19.37092831015029], [-97.65043128990312, 19.371211419903617], [-97.6502251497247, 19.37146974983618], [-97.64992726026095, 19.371218020317023]]]}, "properties": {"CVEGEO": "211080008010A039", "CVE_LOC": "0008", "AGEB": "010A", "MZA": "039", "SECCION": 875, "POBTOT": 0, "P18YMAS": 0, "P18YMAS_H": 0, "P18YMAS_M": 0, "P18A24": 0, "ITER_MATCH": false, "LN_total_sec": 1680, "LN_H_sec": 825, "LN_M_sec": 855, "LN_1839_sec": 803, "LN_estimada": 0, "LN_H_est": 0, "LN_M_est": 0, "LN_1839_est": 0, "rank_seccion": 84, "pct_acum_sec": 100.0, "prioridad_50": false, "prioridad_80": false, "rank_municipal": 827, "pct_acum_LN_mun": 100.0}}, {"type": "Feature", "geometry": {"type": "Polygon", "coordinates": [[[-97.65042811000461, 19.370562459605235], [-97.65077161985226, 19.370810319652744], [-97.65047145969636, 19.371168889671157], [-97.65019474034692, 19.370874830359742], [-97.65042811000461, 19.370562459605235]]]}, "properties": {"CVEGEO": "211080008010A038", "CVE_LOC": "0008", "AGEB": "010A", "MZA": "038", "SECCION": 875, "POBTOT": 0, "P18YMAS": 0, "P18YMAS_H": 0, "P18YMAS_M": 0, "P18A24": 0, "ITER_MATCH": false, "LN_total_sec": 1680, "LN_H_sec": 825, "LN_M_sec": 855, "LN_1839_sec": 803, "LN_estimada": 0, "LN_H_est": 0, "LN_M_est": 0, "LN_1839_est": 0, "rank_seccion": 85, "pct_acum_sec": 100.0, "prioridad_50": false, "prioridad_80": false, "rank_municipal": 828, "pct_acum_LN_mun": 100.0}}, {"type": "Feature", "geometry": {"type": "Polygon", "coordinates": [[[-97.64831674002001, 19.369997619585728], [-97.64803696966685, 19.36978451019795], [-97.6482649796811, 19.369479290345915], [-97.6485532300593, 19.36970035030938], [-97.64831674002001, 19.369997619585728]]]}, "properties": {"CVEGEO": "211080008010A025", "CVE_LOC": "0008", "AGEB": "010A", "MZA": "025", "SECCION": 875, "POBTOT": 0, "P18YMAS": 0, "P18YMAS_H": 0, "P18YMAS_M": 0, "P18A24": 0, "ITER_MATCH": false, "LN_total_sec": 1680, "LN_H_sec": 825, "LN_M_sec": 855, "LN_1839_sec": 803, "LN_estimada": 0, "LN_H_est": 0, "LN_M_est": 0, "LN_1839_est": 0, "rank_seccion": 86, "pct_acum_sec": 100.0, "prioridad_50": false, "prioridad_80": false, "rank_municipal": 829, "pct_acum_LN_mun": 100.0}}, {"type": "Feature", "geometry": {"type": "Polygon", "coordinates": [[[-97.64838685971685, 19.370057449981235], [-97.64862684970154, 19.369772279823184], [-97.64893252033048, 19.370020860462585], [-97.64868653983169, 19.37029667989087], [-97.64838685971685, 19.370057449981235]]]}, "properties": {"CVEGEO": "211080008010A024", "CVE_LOC": "0008", "AGEB": "010A", "MZA": "024", "SECCION": 875, "POBTOT": 0, "P18YMAS": 0, "P18YMAS_H": 0, "P18YMAS_M": 0, "P18A24": 0, "ITER_MATCH": false, "LN_total_sec": 1680, "LN_H_sec": 825, "LN_M_sec": 855, "LN_1839_sec": 803, "LN_estimada": 0, "LN_H_est": 0, "LN_M_est": 0, "LN_1839_est": 0, "rank_seccion": 87, "pct_acum_sec": 100.0, "prioridad_50": false, "prioridad_80": false, "rank_municipal": 830, "pct_acum_LN_mun": 100.0}}, {"type": "Feature", "geometry": {"type": "Polygon", "coordinates": [[[-97.64876308992103, 19.370354720369882], [-97.64900362990251, 19.3700636604078], [-97.64930240005647, 19.370291000371026], [-97.64906145009381, 19.37060155039759], [-97.64876308992103, 19.370354720369882]]]}, "properties": {"CVEGEO": "211080008010A023", "CVE_LOC": "0008", "AGEB": "010A", "MZA": "023", "SECCION": 875, "POBTOT": 0, "P18YMAS": 0, "P18YMAS_H": 0, "P18YMAS_M": 0, "P18A24": 0, "ITER_MATCH": false, "LN_total_sec": 1680, "LN_H_sec": 825, "LN_M_sec": 855, "LN_1839_sec": 803, "LN_estimada": 0, "LN_H_est": 0, "LN_M_est": 0, "LN_1839_est": 0, "rank_seccion": 88, "pct_acum_sec": 100.0, "prioridad_50": false, "prioridad_80": false, "rank_municipal": 831, "pct_acum_LN_mun": 100.0}}, {"type": "Feature", "geometry": {"type": "Polygon", "coordinates": [[[-97.64911682970373, 19.370634200089967], [-97.64937151035146, 19.370336479790456], [-97.64970366033758, 19.370582139861746], [-97.64947567987532, 19.370872860344672], [-97.64911682970373, 19.370634200089967]]]}, "properties": {"CVEGEO": "211080008010A022", "CVE_LOC": "0008", "AGEB": "010A", "MZA": "022", "SECCION": 875, "POBTOT": 0, "P18YMAS": 0, "P18YMAS_H": 0, "P18YMAS_M": 0, "P18A24": 0, "ITER_MATCH": false, "LN_total_sec": 1680, "LN_H_sec": 825, "LN_M_sec": 855, "LN_1839_sec": 803, "LN_estimada": 0, "LN_H_est": 0, "LN_M_est": 0, "LN_1839_est": 0, "rank_seccion": 89, "pct_acum_sec": 100.0, "prioridad_50": false, "prioridad_80": false, "rank_municipal": 832, "pct_acum_LN_mun": 100.0}}, {"type": "Feature", "geometry": {"type": "Polygon", "coordinates": [[[-97.65010297031735, 19.370877339790326], [-97.6498709697737, 19.371178479879347], [-97.64951694975709, 19.370913110390067], [-97.64975788026332, 19.370622539773102], [-97.65010297031735, 19.370877339790326]]]}, "properties": {"CVEGEO": "211080008010A021", "CVE_LOC": "0008", "AGEB": "010A", "MZA": "021", "SECCION": 875, "POBTOT": 0, "P18YMAS": 0, "P18YMAS_H": 0, "P18YMAS_M": 0, "P18A24": 0, "ITER_MATCH": false, "LN_total_sec": 1680, "LN_H_sec": 825, "LN_M_sec": 855, "LN_1839_sec": 803, "LN_estimada": 0, "LN_H_est": 0, "LN_M_est": 0, "LN_1839_est": 0, "rank_seccion": 90, "pct_acum_sec": 100.0, "prioridad_50": false, "prioridad_80": false, "rank_municipal": 833, "pct_acum_LN_mun": 100.0}}, {"type": "Feature", "geometry": {"type": "Polygon", "coordinates": [[[-97.65033293971602, 19.36991921967175], [-97.6506485699457, 19.370163879826045], [-97.65040083007548, 19.370473570190438], [-97.65008385005355, 19.370227089570825], [-97.65033293971602, 19.36991921967175]]]}, "properties": {"CVEGEO": "211080008010A019", "CVE_LOC": "0008", "AGEB": "010A", "MZA": "019", "SECCION": 875, "POBTOT": 0, "P18YMAS": 0, "P18YMAS_H": 0, "P18YMAS_M": 0, "P18A24": 0, "ITER_MATCH": false, "LN_total_sec": 1680, "LN_H_sec": 825, "LN_M_sec": 855, "LN_1839_sec": 803, "LN_estimada": 0, "LN_H_est": 0, "LN_M_est": 0, "LN_1839_est": 0, "rank_seccion": 91, "pct_acum_sec": 100.0, "prioridad_50": false, "prioridad_80": false, "rank_municipal": 834, "pct_acum_LN_mun": 100.0}}, {"type": "Feature", "geometry": {"type": "Polygon", "coordinates": [[[-97.65068591028133, 19.370104149656353], [-97.65037586043428, 19.369855750183834], [-97.65062934013928, 19.36953391967418], [-97.65095837000224, 19.369786850217253], [-97.65068591028133, 19.370104149656353]]]}, "properties": {"CVEGEO": "211080008010A018", "CVE_LOC": "0008", "AGEB": "010A", "MZA": "018", "SECCION": 875, "POBTOT": 0, "P18YMAS": 0, "P18YMAS_H": 0, "P18YMAS_M": 0, "P18A24": 0, "ITER_MATCH": false, "LN_total_sec": 1680, "LN_H_sec": 825, "LN_M_sec": 855, "LN_1839_sec": 803, "LN_estimada": 0, "LN_H_est": 0, "LN_M_est": 0, "LN_1839_est": 0, "rank_seccion": 92, "pct_acum_sec": 100.0, "prioridad_50": false, "prioridad_80": false, "rank_municipal": 835, "pct_acum_LN_mun": 100.0}}, {"type": "Feature", "geometry": {"type": "Polygon", "coordinates": [[[-97.65056934028397, 19.369503779602184], [-97.65031517965065, 19.369803230422754], [-97.64999965029595, 19.369571799994134], [-97.6502531501361, 19.369259419616927], [-97.65056934028397, 19.369503779602184]]]}, "properties": {"CVEGEO": "211080008010A005", "CVE_LOC": "0008", "AGEB": "010A", "MZA": "005", "SECCION": 875, "POBTOT": 0, "P18YMAS": 0, "P18YMAS_H": 0, "P18YMAS_M": 0, "P18A24": 0, "ITER_MATCH": false, "LN_total_sec": 1680, "LN_H_sec": 825, "LN_M_sec": 855, "LN_1839_sec": 803, "LN_estimada": 0, "LN_H_est": 0, "LN_M_est": 0, "LN_1839_est": 0, "rank_seccion": 93, "pct_acum_sec": 100.0, "prioridad_50": false, "prioridad_80": false, "rank_municipal": 836, "pct_acum_LN_mun": 100.0}}, {"type": "Feature", "geometry": {"type": "Polygon", "coordinates": [[[-97.64953198029242, 19.36868368968629], [-97.6498500304446, 19.368930279924914], [-97.64959390994427, 19.369238680347276], [-97.64929188997942, 19.36899445994537], [-97.64953198029242, 19.36868368968629]]]}, "properties": {"CVEGEO": "211080008010A003", "CVE_LOC": "0008", "AGEB": "010A", "MZA": "003", "SECCION": 875, "POBTOT": 0, "P18YMAS": 0, "P18YMAS_H": 0, "P18YMAS_M": 0, "P18A24": 0, "ITER_MATCH": false, "LN_total_sec": 1680, "LN_H_sec": 825, "LN_M_sec": 855, "LN_1839_sec": 803, "LN_estimada": 0, "LN_H_est": 0, "LN_M_est": 0, "LN_1839_est": 0, "rank_seccion": 94, "pct_acum_sec": 100.0, "prioridad_50": false, "prioridad_80": false, "rank_municipal": 837, "pct_acum_LN_mun": 100.0}}, {"type": "Feature", "geometry": {"type": "Polygon", "coordinates": [[[-97.64924768002824, 19.36905128999718], [-97.64953898017907, 19.369294550124636], [-97.64929096990943, 19.36960719984864], [-97.64899111978727, 19.369355890038403], [-97.64924768002824, 19.36905128999718]]]}, "properties": {"CVEGEO": "211080008010A002", "CVE_LOC": "0008", "AGEB": "010A", "MZA": "002", "SECCION": 875, "POBTOT": 0, "P18YMAS": 0, "P18YMAS_H": 0, "P18YMAS_M": 0, "P18A24": 0, "ITER_MATCH": false, "LN_total_sec": 1680, "LN_H_sec": 825, "LN_M_sec": 855, "LN_1839_sec": 803, "LN_estimada": 0, "LN_H_est": 0, "LN_M_est": 0, "LN_1839_est": 0, "rank_seccion": 95, "pct_acum_sec": 100.0, "prioridad_50": false, "prioridad_80": false, "rank_municipal": 838, "pct_acum_LN_mun": 100.0}}, {"type": "Feature", "geometry": {"type": "Polygon", "coordinates": [[[-97.64961949039855, 19.369358000027663], [-97.64989103004014, 19.369561520200538], [-97.64963391001633, 19.36986632018525], [-97.64937032014959, 19.36966846026121], [-97.64961949039855, 19.369358000027663]]]}, "properties": {"CVEGEO": "211080008010A001", "CVE_LOC": "0008", "AGEB": "010A", "MZA": "001", "SECCION": 875, "POBTOT": 0, "P18YMAS": 0, "P18YMAS_H": 0, "P18YMAS_M": 0, "P18A24": 0, "ITER_MATCH": false, "LN_total_sec": 1680, "LN_H_sec": 825, "LN_M_sec": 855, "LN_1839_sec": 803, "LN_estimada": 0, "LN_H_est": 0, "LN_M_est": 0, "LN_1839_est": 0, "rank_seccion": 96, "pct_acum_sec": 100.0, "prioridad_50": false, "prioridad_80": false, "rank_municipal": 839, "pct_acum_LN_mun": 100.0}}, {"type": "Feature", "geometry": {"type": "Polygon", "coordinates": [[[-97.63857116998685, 19.408702799573717], [-97.63887237034415, 19.408383679698463], [-97.63910794470344, 19.408481802342017], [-97.63910841983102, 19.408482000054107], [-97.63910784749086, 19.408482838276374], [-97.6390142500988, 19.408619979939957], [-97.63899277970778, 19.408925940047066], [-97.63898082043308, 19.408967449977162], [-97.6389737095311, 19.409022540012636], [-97.63857116998685, 19.408702799573717]]]}, "properties": {"CVEGEO": "211080005010A038", "CVE_LOC": "0005", "AGEB": "010A", "MZA": "038", "SECCION": 876, "POBTOT": 0, "P18YMAS": 0, "P18YMAS_H": 0, "P18YMAS_M": 0, "P18A24": 0, "ITER_MATCH": false, "LN_total_sec": 1428, "LN_H_sec": 662, "LN_M_sec": 766, "LN_1839_sec": 812, "LN_estimada": 16, "LN_H_est": 8, "LN_M_est": 9, "LN_1839_est": 9, "rank_seccion": 30, "pct_acum_sec": 33.89, "prioridad_50": true, "prioridad_80": true, "rank_municipal": 376, "pct_acum_LN_mun": 69.72}}, {"type": "Feature", "geometry": {"type": "Polygon", "coordinates": [[[-97.63679752019036, 19.4120908604101], [-97.63713899993206, 19.411688000368475], [-97.63728405967764, 19.411752060358097], [-97.63705987972855, 19.411965710142216], [-97.63696891984007, 19.412228769551287], [-97.63695046001754, 19.412378629772036], [-97.6368414301262, 19.41250576988049], [-97.63677805975786, 19.412563919953932], [-97.63641081955042, 19.41274468962794], [-97.63627541981764, 19.412794050292675], [-97.63621771019103, 19.412693740113784], [-97.63654522040797, 19.412384260171716], [-97.63664281961483, 19.412436969875497], [-97.63664930981415, 19.412428309819276], [-97.63665651990232, 19.412418709755872], [-97.63655554010926, 19.412367540326606], [-97.63679752019036, 19.4120908604101]]]}, "properties": {"CVEGEO": "211080005010A075", "CVE_LOC": "0005", "AGEB": "010A", "MZA": "075", "SECCION": 876, "POBTOT": 0, "P18YMAS": 0, "P18YMAS_H": 0, "P18YMAS_M": 0, "P18A24": 0, "ITER_MATCH": false, "LN_total_sec": 1428, "LN_H_sec": 662, "LN_M_sec": 766, "LN_1839_sec": 812, "LN_estimada": 16, "LN_H_est": 8, "LN_M_est": 9, "LN_1839_est": 9, "rank_seccion": 31, "pct_acum_sec": 35.01, "prioridad_50": true, "prioridad_80": true, "rank_municipal": 377, "pct_acum_LN_mun": 69.82}}, {"type": "Feature", "geometry": {"type": "Polygon", "coordinates": [[[-97.63487156973572, 19.4092983404301], [-97.63514914016429, 19.408978580211368], [-97.63546453990759, 19.40924828034539], [-97.63519136984185, 19.409560059626447], [-97.63487156973572, 19.4092983404301]]]}, "properties": {"CVEGEO": "211080005010A029", "CVE_LOC": "0005", "AGEB": "010A", "MZA": "029", "SECCION": 876, "POBTOT": 0, "P18YMAS": 0, "P18YMAS_H": 0, "P18YMAS_M": 0, "P18A24": 0, "ITER_MATCH": false, "LN_total_sec": 1428, "LN_H_sec": 662, "LN_M_sec": 766, "LN_1839_sec": 812, "LN_estimada": 16, "LN_H_est": 8, "LN_M_est": 9, "LN_1839_est": 9, "rank_seccion": 32, "pct_acum_sec": 36.13, "prioridad_50": true, "prioridad_80": true, "rank_municipal": 378, "pct_acum_LN_mun": 69.93}}, {"type": "Feature", "geometry": {"type": "Polygon", "coordinates": [[[-97.63568257958062, 19.411093880221646], [-97.63526144966583, 19.410284309887377], [-97.63557057019369, 19.409956740184175], [-97.63625655034508, 19.410498829672235], [-97.63568257958062, 19.411093880221646]]]}, "properties": {"CVEGEO": "211080005010A047", "CVE_LOC": "0005", "AGEB": "010A", "MZA": "047", "SECCION": 876, "POBTOT": 0, "P18YMAS": 0, "P18YMAS_H": 0, "P18YMAS_M": 0, "P18A24": 0, "ITER_MATCH": false, "LN_total_sec": 1428, "LN_H_sec": 662, "LN_M_sec": 766, "LN_1839_sec": 812, "LN_estimada": 16, "LN_H_est": 8, "LN_M_est": 9, "LN_1839_est": 9, "rank_seccion": 33, "pct_acum_sec": 37.25, "prioridad_50": true, "prioridad_80": true, "rank_municipal": 379, "pct_acum_LN_mun": 70.04}}, {"type": "Feature", "geometry": {"type": "Polygon", "coordinates": [[[-97.63923828006561, 19.40657131955272], [-97.6395608501045, 19.40682436994893], [-97.63912827954768, 19.407281690083835], [-97.63881797030378, 19.407013349800373], [-97.63923828006561, 19.40657131955272]]]}, "properties": {"CVEGEO": "211080005010A077", "CVE_LOC": "0005", "AGEB": "010A", "MZA": "077", "SECCION": 876, "POBTOT": 0, "P18YMAS": 0, "P18YMAS_H": 0, "P18YMAS_M": 0, "P18A24": 0, "ITER_MATCH": false, "LN_total_sec": 1428, "LN_H_sec": 662, "LN_M_sec": 766, "LN_1839_sec": 812, "LN_estimada": 16, "LN_H_est": 8, "LN_M_est": 9, "LN_1839_est": 9, "rank_seccion": 34, "pct_acum_sec": 38.38, "prioridad_50": true, "prioridad_80": true, "rank_municipal": 380, "pct_acum_LN_mun": 70.15}}, {"type": "Feature", "geometry": {"type": "Polygon", "coordinates": [[[-97.63453629016338, 19.40816950987658], [-97.6346963800841, 19.408081420374685], [-97.634744629591, 19.408062519822586], [-97.63503011960356, 19.40831354031751], [-97.63476059987927, 19.408594259869037], [-97.63444922039513, 19.408248339776414], [-97.63453629016338, 19.40816950987658]]]}, "properties": {"CVEGEO": "211080005010A050", "CVE_LOC": "0005", "AGEB": "010A", "MZA": "050", "SECCION": 876, "POBTOT": 0, "P18YMAS": 0, "P18YMAS_H": 0, "P18YMAS_M": 0, "P18A24": 0, "ITER_MATCH": false, "LN_total_sec": 1428, "LN_H_sec": 662, "LN_M_sec": 766, "LN_1839_sec": 812, "LN_estimada": 16, "LN_H_est": 8, "LN_M_est": 9, "LN_1839_est": 9, "rank_seccion": 35, "pct_acum_sec": 39.5, "prioridad_50": true, "prioridad_80": true, "rank_municipal": 381, "pct_acum_LN_mun": 70.25}}, {"type": "Feature", "geometry": {"type": "Polygon", "coordinates": [[[-97.6360101700376, 19.40670033992286], [-97.63586488009223, 19.406596860016283], [-97.63619927972165, 19.40621926037929], [-97.63662065967088, 19.40657974964231], [-97.6363044796144, 19.406933310247165], [-97.63617575038585, 19.406833180357776], [-97.6360101700376, 19.40670033992286]]]}, "properties": {"CVEGEO": "211080005010A054", "CVE_LOC": "0005", "AGEB": "010A", "MZA": "054", "SECCION": 876, "POBTOT": 0, "P18YMAS": 0, "P18YMAS_H": 0, "P18YMAS_M": 0, "P18A24": 0, "ITER_MATCH": false, "LN_total_sec": 1428, "LN_H_sec": 662, "LN_M_sec": 766, "LN_1839_sec": 812, "LN_estimada": 16, "LN_H_est": 8, "LN_M_est": 9, "LN_1839_est": 9, "rank_seccion": 36, "pct_acum_sec": 40.62, "prioridad_50": true, "prioridad_80": true, "rank_municipal": 382, "pct_acum_LN_mun": 70.36}}, {"type": "Feature", "geometry": {"type": "Polygon", "coordinates": [[[-97.63562665962442, 19.40689154022017], [-97.63603440012726, 19.407217950013848], [-97.63570954989335, 19.407570970177343], [-97.63530345026068, 19.407202310334494], [-97.63562665962442, 19.40689154022017]]]}, "properties": {"CVEGEO": "211080005010A052", "CVE_LOC": "0005", "AGEB": "010A", "MZA": "052", "SECCION": 876, "POBTOT": 0, "P18YMAS": 0, "P18YMAS_H": 0, "P18YMAS_M": 0, "P18A24": 0, "ITER_MATCH": false, "LN_total_sec": 1428, "LN_H_sec": 662, "LN_M_sec": 766, "LN_1839_sec": 812, "LN_estimada": 16, "LN_H_est": 8, "LN_M_est": 9, "LN_1839_est": 9, "rank_seccion": 37, "pct_acum_sec": 41.74, "prioridad_50": true, "prioridad_80": true, "rank_municipal": 383, "pct_acum_LN_mun": 70.47}}, {"type": "Feature", "geometry": {"type": "Polygon", "coordinates": [[[-97.637267720425, 19.410135519970208], [-97.63761046017845, 19.410423030162296], [-97.63732671993758, 19.410708879820405], [-97.63700567969319, 19.410443829871145], [-97.637267720425, 19.410135519970208]]]}, "properties": {"CVEGEO": "211080005010A043", "CVE_LOC": "0005", "AGEB": "010A", "MZA": "043", "SECCION": 876, "POBTOT": 0, "P18YMAS": 0, "P18YMAS_H": 0, "P18YMAS_M": 0, "P18A24": 0, "ITER_MATCH": false, "LN_total_sec": 1428, "LN_H_sec": 662, "LN_M_sec": 766, "LN_1839_sec": 812, "LN_estimada": 16, "LN_H_est": 8, "LN_M_est": 9, "LN_1839_est": 9, "rank_seccion": 38, "pct_acum_sec": 42.86, "prioridad_50": true, "prioridad_80": true, "rank_municipal": 384, "pct_acum_LN_mun": 70.58}}, {"type": "Feature", "geometry": {"type": "Polygon", "coordinates": [[[-97.63669368044263, 19.41141911020585], [-97.63637861994273, 19.41116090980511], [-97.63666356979252, 19.41085272013764], [-97.63695816991624, 19.411115399549725], [-97.63669368044263, 19.41141911020585]]]}, "properties": {"CVEGEO": "211080005010A045", "CVE_LOC": "0005", "AGEB": "010A", "MZA": "045", "SECCION": 876, "POBTOT": 0, "P18YMAS": 0, "P18YMAS_H": 0, "P18YMAS_M": 0, "P18A24": 0, "ITER_MATCH": false, "LN_total_sec": 1428, "LN_H_sec": 662, "LN_M_sec": 766, "LN_1839_sec": 812, "LN_estimada": 16, "LN_H_est": 8, "LN_M_est": 9, "LN_1839_est": 9, "rank_seccion": 39, "pct_acum_sec": 43.98, "prioridad_50": true, "prioridad_80": true, "rank_municipal": 385, "pct_acum_LN_mun": 70.69}}, {"type": "Feature", "geometry": {"type": "Polygon", "coordinates": [[[-97.6381401403426, 19.407176220450324], [-97.63820786033423, 19.40721152002586], [-97.63841040004472, 19.407395319669984], [-97.63826941988387, 19.407550750210227], [-97.63814595045073, 19.407685749997295], [-97.63801536952033, 19.40757812027582], [-97.63782227990757, 19.407423479958126], [-97.63805030991357, 19.407140549979783], [-97.6381401403426, 19.407176220450324]]]}, "properties": {"CVEGEO": "211080005010A058", "CVE_LOC": "0005", "AGEB": "010A", "MZA": "058", "SECCION": 876, "POBTOT": 0, "P18YMAS": 0, "P18YMAS_H": 0, "P18YMAS_M": 0, "P18A24": 0, "ITER_MATCH": false, "LN_total_sec": 1428, "LN_H_sec": 662, "LN_M_sec": 766, "LN_1839_sec": 812, "LN_estimada": 16, "LN_H_est": 7, "LN_M_est": 9, "LN_1839_est": 9, "rank_seccion": 40, "pct_acum_sec": 45.1, "prioridad_50": true, "prioridad_80": true, "rank_municipal": 386, "pct_acum_LN_mun": 70.79}}, {"type": "Feature", "geometry": {"type": "Polygon", "coordinates": [[[-97.63851472014491, 19.408666740453818], [-97.63821569012136, 19.408414750272794], [-97.6385085101197, 19.408099380216484], [-97.6388202601591, 19.408353380162854], [-97.63851472014491, 19.408666740453818]]]}, "properties": {"CVEGEO": "211080005010A037", "CVE_LOC": "0005", "AGEB": "010A", "MZA": "037", "SECCION": 876, "POBTOT": 0, "P18YMAS": 0, "P18YMAS_H": 0, "P18YMAS_M": 0, "P18A24": 0, "ITER_MATCH": false, "LN_total_sec": 1428, "LN_H_sec": 662, "LN_M_sec": 766, "LN_1839_sec": 812, "LN_estimada": 16, "LN_H_est": 7, "LN_M_est": 9, "LN_1839_est": 9, "rank_seccion": 41, "pct_acum_sec": 46.22, "prioridad_50": true, "prioridad_80": true, "rank_municipal": 387, "pct_acum_LN_mun": 70.9}}, {"type": "Feature", "geometry": {"type": "Polygon", "coordinates": [[[-97.6379626300275, 19.407606579877424], [-97.63811932031966, 19.407731980160168], [-97.63780637045579, 19.408071449621755], [-97.63748928021806, 19.407813539997804], [-97.63779132010312, 19.40747094013539], [-97.6379626300275, 19.407606579877424]]]}, "properties": {"CVEGEO": "211080005010A035", "CVE_LOC": "0005", "AGEB": "010A", "MZA": "035", "SECCION": 876, "POBTOT": 0, "P18YMAS": 0, "P18YMAS_H": 0, "P18YMAS_M": 0, "P18A24": 0, "ITER_MATCH": false, "LN_total_sec": 1428, "LN_H_sec": 662, "LN_M_sec": 766, "LN_1839_sec": 812, "LN_estimada": 16, "LN_H_est": 7, "LN_M_est": 9, "LN_1839_est": 9, "rank_seccion": 42, "pct_acum_sec": 47.34, "prioridad_50": true, "prioridad_80": true, "rank_municipal": 388, "pct_acum_LN_mun": 71.01}}, {"type": "Feature", "geometry": {"type": "Polygon", "coordinates": [[[-97.63649483030953, 19.40821076982389], [-97.63676047990535, 19.40791062019271], [-97.6370690199456, 19.408163890286385], [-97.63691931974714, 19.408313980343735], [-97.63679411005523, 19.408454000290174], [-97.63657050961073, 19.408274579848605], [-97.63649483030953, 19.40821076982389]]]}, "properties": {"CVEGEO": "211080005010A005", "CVE_LOC": "0005", "AGEB": "010A", "MZA": "005", "SECCION": 876, "POBTOT": 0, "P18YMAS": 0, "P18YMAS_H": 0, "P18YMAS_M": 0, "P18A24": 0, "ITER_MATCH": false, "LN_total_sec": 1428, "LN_H_sec": 662, "LN_M_sec": 766, "LN_1839_sec": 812, "LN_estimada": 16, "LN_H_est": 7, "LN_M_est": 9, "LN_1839_est": 9, "rank_seccion": 43, "pct_acum_sec": 48.46, "prioridad_50": true, "prioridad_80": true, "rank_municipal": 389, "pct_acum_LN_mun": 71.12}}, {"type": "Feature", "geometry": {"type": "Polygon", "coordinates": [[[-97.63731024969185, 19.41075879965618], [-97.63700717967714, 19.41107668974882], [-97.63669445044968, 19.41079864998008], [-97.63696449010207, 19.410476260147007], [-97.63731024969185, 19.41075879965618]]]}, "properties": {"CVEGEO": "211080005010A044", "CVE_LOC": "0005", "AGEB": "010A", "MZA": "044", "SECCION": 876, "POBTOT": 0, "P18YMAS": 0, "P18YMAS_H": 0, "P18YMAS_M": 0, "P18A24": 0, "ITER_MATCH": false, "LN_total_sec": 1428, "LN_H_sec": 662, "LN_M_sec": 766, "LN_1839_sec": 812, "LN_estimada": 16, "LN_H_est": 7, "LN_M_est": 9, "LN_1839_est": 9, "rank_seccion": 44, "pct_acum_sec": 49.58, "prioridad_50": true, "prioridad_80": true, "rank_municipal": 390, "pct_acum_LN_mun": 71.23}}, {"type": "Feature", "geometry": {"type": "Polygon", "coordinates": [[[-97.63550318007353, 19.409283879722967], [-97.63579462979057, 19.409547749954008], [-97.63556594045313, 19.409873080159443], [-97.63522365036219, 19.409593939934787], [-97.63550318007353, 19.409283879722967]]]}, "properties": {"CVEGEO": "211080005010A028", "CVE_LOC": "0005", "AGEB": "010A", "MZA": "028", "SECCION": 876, "POBTOT": 0, "P18YMAS": 0, "P18YMAS_H": 0, "P18YMAS_M": 0, "P18A24": 0, "ITER_MATCH": false, "LN_total_sec": 1428, "LN_H_sec": 662, "LN_M_sec": 766, "LN_1839_sec": 812, "LN_estimada": 16, "LN_H_est": 7, "LN_M_est": 9, "LN_1839_est": 9, "rank_seccion": 45, "pct_acum_sec": 50.7, "prioridad_50": true, "prioridad_80": true, "rank_municipal": 391, "pct_acum_LN_mun": 71.33}}, {"type": "Feature", "geometry": {"type": "Polygon", "coordinates": [[[-97.63640351009553, 19.40761344967936], [-97.63671353993767, 19.407856029830764], [-97.6364357196832, 19.40816146030706], [-97.63611104979002, 19.407921949996734], [-97.63640351009553, 19.40761344967936]]]}, "properties": {"CVEGEO": "211080005010A016", "CVE_LOC": "0005", "AGEB": "010A", "MZA": "016", "SECCION": 876, "POBTOT": 0, "P18YMAS": 0, "P18YMAS_H": 0, "P18YMAS_M": 0, "P18A24": 0, "ITER_MATCH": false, "LN_total_sec": 1428, "LN_H_sec": 662, "LN_M_sec": 766, "LN_1839_sec": 812, "LN_estimada": 16, "LN_H_est": 7, "LN_M_est": 9, "LN_1839_est": 9, "rank_seccion": 46, "pct_acum_sec": 51.82, "prioridad_50": false, "prioridad_80": true, "rank_municipal": 392, "pct_acum_LN_mun": 71.44}}, {"type": "Feature", "geometry": {"type": "Polygon", "coordinates": [[[-97.63581557044056, 19.40895015021292], [-97.63612725004299, 19.40920971028085], [-97.63583733980853, 19.409506309848], [-97.63554238032678, 19.409245120099982], [-97.63581557044056, 19.40895015021292]]]}, "properties": {"CVEGEO": "211080005010A012", "CVE_LOC": "0005", "AGEB": "010A", "MZA": "012", "SECCION": 876, "POBTOT": 0, "P18YMAS": 0, "P18YMAS_H": 0, "P18YMAS_M": 0, "P18A24": 0, "ITER_MATCH": false, "LN_total_sec": 1428, "LN_H_sec": 662, "LN_M_sec": 766, "LN_1839_sec": 812, "LN_estimada": 16, "LN_H_est": 7, "LN_M_est": 9, "LN_1839_est": 9, "rank_seccion": 47, "pct_acum_sec": 52.94, "prioridad_50": false, "prioridad_80": true, "rank_municipal": 393, "pct_acum_LN_mun": 71.55}}, {"type": "Feature", "geometry": {"type": "Polygon", "coordinates": [[[-97.63817265981749, 19.40845807973576], [-97.6384728199836, 19.40872163029451], [-97.63822613960386, 19.40900051986199], [-97.63792102953198, 19.40874574034027], [-97.63817265981749, 19.40845807973576]]]}, "properties": {"CVEGEO": "211080005010A020", "CVE_LOC": "0005", "AGEB": "010A", "MZA": "020", "SECCION": 876, "POBTOT": 0, "P18YMAS": 0, "P18YMAS_H": 0, "P18YMAS_M": 0, "P18A24": 0, "ITER_MATCH": false, "LN_total_sec": 1428, "LN_H_sec": 662, "LN_M_sec": 766, "LN_1839_sec": 812, "LN_estimada": 16, "LN_H_est": 7, "LN_M_est": 9, "LN_1839_est": 9, "rank_seccion": 48, "pct_acum_sec": 54.06, "prioridad_50": false, "prioridad_80": true, "rank_municipal": 394, "pct_acum_LN_mun": 71.66}}, {"type": "Feature", "geometry": {"type": "Polygon", "coordinates": [[[-97.63712602998122, 19.408813170081334], [-97.63699304965054, 19.40896179975012], [-97.63686073990219, 19.40911337004383], [-97.63654893955393, 19.40887254981399], [-97.63682943036765, 19.40856993965053], [-97.63712602998122, 19.408813170081334]]]}, "properties": {"CVEGEO": "211080005010A001", "CVE_LOC": "0005", "AGEB": "010A", "MZA": "001", "SECCION": 876, "POBTOT": 0, "P18YMAS": 0, "P18YMAS_H": 0, "P18YMAS_M": 0, "P18A24": 0, "ITER_MATCH": false, "LN_total_sec": 1428, "LN_H_sec": 662, "LN_M_sec": 766, "LN_1839_sec": 812, "LN_estimada": 16, "LN_H_est": 7, "LN_M_est": 9, "LN_1839_est": 9, "rank_seccion": 49, "pct_acum_sec": 55.18, "prioridad_50": false, "prioridad_80": true, "rank_municipal": 395, "pct_acum_LN_mun": 71.76}}, {"type": "Feature", "geometry": {"type": "Polygon", "coordinates": [[[-97.63760146030457, 19.407296680310495], [-97.6377585696488, 19.40741056992762], [-97.63743593969936, 19.40777681975654], [-97.63725245966613, 19.407652859619436], [-97.63722517960474, 19.407631979725462], [-97.63710279989249, 19.40753833976333], [-97.63722619980847, 19.40738128963295], [-97.63741632012832, 19.407158939573584], [-97.63760146030457, 19.407296680310495]]]}, "properties": {"CVEGEO": "211080005010A034", "CVE_LOC": "0005", "AGEB": "010A", "MZA": "034", "SECCION": 876, "POBTOT": 0, "P18YMAS": 0, "P18YMAS_H": 0, "P18YMAS_M": 0, "P18A24": 0, "ITER_MATCH": false, "LN_total_sec": 1428, "LN_H_sec": 662, "LN_M_sec": 766, "LN_1839_sec": 812, "LN_estimada": 16, "LN_H_est": 7, "LN_M_est": 9, "LN_1839_est": 9, "rank_seccion": 50, "pct_acum_sec": 56.3, "prioridad_50": false, "prioridad_80": true, "rank_municipal": 396, "pct_acum_LN_mun": 71.87}}, {"type": "Feature", "geometry": {"type": "Polygon", "coordinates": [[[-97.63802322996544, 19.41071772041983], [-97.63815550973327, 19.410778420372825], [-97.63798085017204, 19.41110266019421], [-97.63792257964892, 19.41116279965768], [-97.63789823032278, 19.411237889681306], [-97.6378846897123, 19.411279660365636], [-97.63773531003203, 19.411055750002195], [-97.63802322996544, 19.41071772041983]]]}, "properties": {"CVEGEO": "211080005010A064", "CVE_LOC": "0005", "AGEB": "010A", "MZA": "064", "SECCION": 876, "POBTOT": 0, "P18YMAS": 0, "P18YMAS_H": 0, "P18YMAS_M": 0, "P18A24": 0, "ITER_MATCH": false, "LN_total_sec": 1428, "LN_H_sec": 662, "LN_M_sec": 766, "LN_1839_sec": 812, "LN_estimada": 16, "LN_H_est": 7, "LN_M_est": 9, "LN_1839_est": 9, "rank_seccion": 51, "pct_acum_sec": 57.42, "prioridad_50": false, "prioridad_80": true, "rank_municipal": 397, "pct_acum_LN_mun": 71.98}}, {"type": "Feature", "geometry": {"type": "Polygon", "coordinates": [[[-97.63802758037724, 19.410666179879943], [-97.637718200437, 19.410420400206014], [-97.63798565044674, 19.410104279771794], [-97.63832120031128, 19.41034271001407], [-97.63821245024984, 19.410692179629073], [-97.63802758037724, 19.410666179879943]]]}, "properties": {"CVEGEO": "211080005010A063", "CVE_LOC": "0005", "AGEB": "010A", "MZA": "063", "SECCION": 876, "POBTOT": 0, "P18YMAS": 0, "P18YMAS_H": 0, "P18YMAS_M": 0, "P18A24": 0, "ITER_MATCH": false, "LN_total_sec": 1428, "LN_H_sec": 662, "LN_M_sec": 766, "LN_1839_sec": 812, "LN_estimada": 16, "LN_H_est": 7, "LN_M_est": 9, "LN_1839_est": 9, "rank_seccion": 52, "pct_acum_sec": 58.54, "prioridad_50": false, "prioridad_80": true, "rank_municipal": 398, "pct_acum_LN_mun": 72.09}}, {"type": "Feature", "geometry": {"type": "Polygon", "coordinates": [[[-97.63519700030615, 19.409620710406625], [-97.63553711010981, 19.40990125973164], [-97.63523178015981, 19.410234489673304], [-97.63503351960131, 19.409735920272073], [-97.63519700030615, 19.409620710406625]]]}, "properties": {"CVEGEO": "211080005010A048", "CVE_LOC": "0005", "AGEB": "010A", "MZA": "048", "SECCION": 876, "POBTOT": 0, "P18YMAS": 0, "P18YMAS_H": 0, "P18YMAS_M": 0, "P18A24": 0, "ITER_MATCH": false, "LN_total_sec": 1428, "LN_H_sec": 662, "LN_M_sec": 766, "LN_1839_sec": 812, "LN_estimada": 16, "LN_H_est": 7, "LN_M_est": 9, "LN_1839_est": 9, "rank_seccion": 53, "pct_acum_sec": 59.66, "prioridad_50": false, "prioridad_80": true, "rank_municipal": 399, "pct_acum_LN_mun": 72.2}}, {"type": "Feature", "geometry": {"type": "Polygon", "coordinates": [[[-97.6382930797013, 19.40976341969638], [-97.63853961981576, 19.40998588977203], [-97.63839968012492, 19.41022245988527], [-97.6383753759774, 19.410247230213766], [-97.63834802972465, 19.4102564902204], [-97.63803147965027, 19.410051230084314], [-97.6382930797013, 19.40976341969638]]]}, "properties": {"CVEGEO": "211080005010A062", "CVE_LOC": "0005", "AGEB": "010A", "MZA": "062", "SECCION": 876, "POBTOT": 0, "P18YMAS": 0, "P18YMAS_H": 0, "P18YMAS_M": 0, "P18A24": 0, "ITER_MATCH": false, "LN_total_sec": 1428, "LN_H_sec": 662, "LN_M_sec": 766, "LN_1839_sec": 812, "LN_estimada": 16, "LN_H_est": 7, "LN_M_est": 9, "LN_1839_est": 9, "rank_seccion": 54, "pct_acum_sec": 60.78, "prioridad_50": false, "prioridad_80": true, "rank_municipal": 400, "pct_acum_LN_mun": 72.3}}, {"type": "Feature", "geometry": {"type": "Polygon", "coordinates": [[[-97.63650857042839, 19.40892217997833], [-97.63680676957225, 19.409167550206668], [-97.63654480012667, 19.409465680251834], [-97.63622481999938, 19.409209769786194], [-97.63650857042839, 19.40892217997833]]]}, "properties": {"CVEGEO": "211080005010A002", "CVE_LOC": "0005", "AGEB": "010A", "MZA": "002", "SECCION": 876, "POBTOT": 0, "P18YMAS": 0, "P18YMAS_H": 0, "P18YMAS_M": 0, "P18A24": 0, "ITER_MATCH": false, "LN_total_sec": 1428, "LN_H_sec": 662, "LN_M_sec": 766, "LN_1839_sec": 812, "LN_estimada": 16, "LN_H_est": 7, "LN_M_est": 8, "LN_1839_est": 9, "rank_seccion": 55, "pct_acum_sec": 61.9, "prioridad_50": false, "prioridad_80": true, "rank_municipal": 401, "pct_acum_LN_mun": 72.41}}, {"type": "Feature", "geometry": {"type": "Polygon", "coordinates": [[[-97.53695394975013, 19.344260509788885], [-97.53547551010458, 19.343592180231727], [-97.53555017032427, 19.343496850174525], [-97.53663239972842, 19.343884769787298], [-97.53771082979519, 19.34427645042267], [-97.53869168962915, 19.34462393968166], [-97.53844253982278, 19.34509260023058], [-97.53695394975013, 19.344260509788885]]]}, "properties": {"CVEGEO": "2110800030114039", "CVE_LOC": "0003", "AGEB": "0114", "MZA": "039", "SECCION": 881, "POBTOT": 0, "P18YMAS": 0, "P18YMAS_H": 0, "P18YMAS_M": 0, "P18A24": 0, "ITER_MATCH": false, "LN_total_sec": 1115, "LN_H_sec": 551, "LN_M_sec": 564, "LN_1839_sec": 548, "LN_estimada": 22, "LN_H_est": 11, "LN_M_est": 11, "LN_1839_est": 11, "rank_seccion": 12, "pct_acum_sec": 23.68, "prioridad_50": true, "prioridad_80": true, "rank_municipal": 221, "pct_acum_LN_mun": 49.78}}, {"type": "Feature", "geometry": {"type": "Polygon", "coordinates": [[[-97.54163645030114, 19.339338419610215], [-97.5424607096257, 19.339880260377335], [-97.5419245099796, 19.34055668964918], [-97.54110719982594, 19.339975939783358], [-97.54163645030114, 19.339338419610215]]]}, "properties": {"CVEGEO": "2110800030114038", "CVE_LOC": "0003", "AGEB": "0114", "MZA": "038", "SECCION": 881, "POBTOT": 0, "P18YMAS": 0, "P18YMAS_H": 0, "P18YMAS_M": 0, "P18A24": 0, "ITER_MATCH": false, "LN_total_sec": 1115, "LN_H_sec": 551, "LN_M_sec": 564, "LN_1839_sec": 548, "LN_estimada": 22, "LN_H_est": 11, "LN_M_est": 11, "LN_1839_est": 11, "rank_seccion": 13, "pct_acum_sec": 25.65, "prioridad_50": true, "prioridad_80": true, "rank_municipal": 222, "pct_acum_LN_mun": 49.93}}, {"type": "Feature", "geometry": {"type": "Polygon", "coordinates": [[[-97.54027005046196, 19.33937359969815], [-97.54059254974223, 19.338969580198185], [-97.54165680021157, 19.339199629628833], [-97.54160624970376, 19.33928701985255], [-97.54105828970164, 19.33993956957674], [-97.54027005046196, 19.33937359969815]]]}, "properties": {"CVEGEO": "2110800030114037", "CVE_LOC": "0003", "AGEB": "0114", "MZA": "037", "SECCION": 881, "POBTOT": 0, "P18YMAS": 0, "P18YMAS_H": 0, "P18YMAS_M": 0, "P18A24": 0, "ITER_MATCH": false, "LN_total_sec": 1115, "LN_H_sec": 551, "LN_M_sec": 564, "LN_1839_sec": 548, "LN_estimada": 22, "LN_H_est": 11, "LN_M_est": 11, "LN_1839_est": 11, "rank_seccion": 14, "pct_acum_sec": 27.62, "prioridad_50": true, "prioridad_80": true, "rank_municipal": 223, "pct_acum_LN_mun": 50.08}}, {"type": "Feature", "geometry": {"type": "Polygon", "coordinates": [[[-97.53944951955907, 19.33867065957383], [-97.54003308990208, 19.338827060234344], [-97.5403162001591, 19.33890245989824], [-97.54049211046636, 19.338953720061806], [-97.54020561970177, 19.33932649019466], [-97.53939775025644, 19.3387400799605], [-97.53944951955907, 19.33867065957383]]]}, "properties": {"CVEGEO": "2110800030114036", "CVE_LOC": "0003", "AGEB": "0114", "MZA": "036", "SECCION": 881, "POBTOT": 0, "P18YMAS": 0, "P18YMAS_H": 0, "P18YMAS_M": 0, "P18A24": 0, "ITER_MATCH": false, "LN_total_sec": 1115, "LN_H_sec": 551, "LN_M_sec": 564, "LN_1839_sec": 548, "LN_estimada": 22, "LN_H_est": 11, "LN_M_est": 11, "LN_1839_est": 11, "rank_seccion": 15, "pct_acum_sec": 29.6, "prioridad_50": true, "prioridad_80": true, "rank_municipal": 224, "pct_acum_LN_mun": 50.23}}, {"type": "Feature", "geometry": {"type": "Polygon", "coordinates": [[[-97.53503342016607, 19.343373489702696], [-97.53377268959348, 19.3427678502949], [-97.53463745981662, 19.341581290151808], [-97.53612502038717, 19.34263542009942], [-97.53555035037034, 19.343371120080974], [-97.53503342016607, 19.343373489702696]]]}, "properties": {"CVEGEO": "2110800030114035", "CVE_LOC": "0003", "AGEB": "0114", "MZA": "035", "SECCION": 881, "POBTOT": 0, "P18YMAS": 0, "P18YMAS_H": 0, "P18YMAS_M": 0, "P18A24": 0, "ITER_MATCH": false, "LN_total_sec": 1115, "LN_H_sec": 551, "LN_M_sec": 564, "LN_1839_sec": 548, "LN_estimada": 22, "LN_H_est": 11, "LN_M_est": 11, "LN_1839_est": 11, "rank_seccion": 16, "pct_acum_sec": 31.57, "prioridad_50": true, "prioridad_80": true, "rank_municipal": 225, "pct_acum_LN_mun": 50.38}}, {"type": "Feature", "geometry": {"type": "Polygon", "coordinates": [[[-97.53619000007794, 19.342692349991424], [-97.53704154005906, 19.343293650057852], [-97.53661408035062, 19.343827399791216], [-97.53643930998835, 19.34375308008878], [-97.53618960016, 19.34366541997985], [-97.5357827097778, 19.34352063040398], [-97.53558803028095, 19.343455110251817], [-97.53619000007794, 19.342692349991424]]]}, "properties": {"CVEGEO": "2110800030114034", "CVE_LOC": "0003", "AGEB": "0114", "MZA": "034", "SECCION": 881, "POBTOT": 0, "P18YMAS": 0, "P18YMAS_H": 0, "P18YMAS_M": 0, "P18A24": 0, "ITER_MATCH": false, "LN_total_sec": 1115, "LN_H_sec": 551, "LN_M_sec": 564, "LN_1839_sec": 548, "LN_estimada": 22, "LN_H_est": 11, "LN_M_est": 11, "LN_1839_est": 11, "rank_seccion": 17, "pct_acum_sec": 33.54, "prioridad_50": true, "prioridad_80": true, "rank_municipal": 226, "pct_acum_LN_mun": 50.53}}, {"type": "Feature", "geometry": {"type": "Polygon", "coordinates": [[[-97.53708999954465, 19.3433215801668], [-97.53789461999642, 19.34390985981261], [-97.5376569096926, 19.34420674010251], [-97.53666655013964, 19.343844680113143], [-97.53708999954465, 19.3433215801668]]]}, "properties": {"CVEGEO": "2110800030114033", "CVE_LOC": "0003", "AGEB": "0114", "MZA": "033", "SECCION": 881, "POBTOT": 0, "P18YMAS": 0, "P18YMAS_H": 0, "P18YMAS_M": 0, "P18A24": 0, "ITER_MATCH": false, "LN_total_sec": 1115, "LN_H_sec": 551, "LN_M_sec": 564, "LN_1839_sec": 548, "LN_estimada": 22, "LN_H_est": 11, "LN_M_est": 11, "LN_1839_est": 11, "rank_seccion": 18, "pct_acum_sec": 35.52, "prioridad_50": true, "prioridad_80": true, "rank_municipal": 227, "pct_acum_LN_mun": 50.67}}, {"type": "Feature", "geometry": {"type": "Polygon", "coordinates": [[[-97.53900842991612, 19.34263159958378], [-97.53978743001308, 19.34319274958225], [-97.53928547963814, 19.343813119899764], [-97.53850894953617, 19.343237859957803], [-97.53900842991612, 19.34263159958378]]]}, "properties": {"CVEGEO": "2110800030114019", "CVE_LOC": "0003", "AGEB": "0114", "MZA": "019", "SECCION": 881, "POBTOT": 0, "P18YMAS": 0, "P18YMAS_H": 0, "P18YMAS_M": 0, "P18A24": 0, "ITER_MATCH": false, "LN_total_sec": 1115, "LN_H_sec": 551, "LN_M_sec": 564, "LN_1839_sec": 548, "LN_estimada": 22, "LN_H_est": 11, "LN_M_est": 11, "LN_1839_est": 11, "rank_seccion": 19, "pct_acum_sec": 37.49, "prioridad_50": true, "prioridad_80": true, "rank_municipal": 228, "pct_acum_LN_mun": 50.82}}, {"type": "Feature", "geometry": {"type": "Polygon", "coordinates": [[[-97.54030389033981, 19.34256192034891], [-97.53983131972298, 19.34315131993958], [-97.53903308036132, 19.342594630441567], [-97.53953954012466, 19.341995000184184], [-97.54030389033981, 19.34256192034891]]]}, "properties": {"CVEGEO": "2110800030114018", "CVE_LOC": "0003", "AGEB": "0114", "MZA": "018", "SECCION": 881, "POBTOT": 0, "P18YMAS": 0, "P18YMAS_H": 0, "P18YMAS_M": 0, "P18A24": 0, "ITER_MATCH": false, "LN_total_sec": 1115, "LN_H_sec": 551, "LN_M_sec": 564, "LN_1839_sec": 548, "LN_estimada": 22, "LN_H_est": 11, "LN_M_est": 11, "LN_1839_est": 11, "rank_seccion": 20, "pct_acum_sec": 39.46, "prioridad_50": true, "prioridad_80": true, "rank_municipal": 229, "pct_acum_LN_mun": 50.97}}, {"type": "Feature", "geometry": {"type": "Polygon", "coordinates": [[[-97.54004065007308, 19.34132870973081], [-97.54084066047497, 19.341893049802138], [-97.54033292000292, 19.34251921981], [-97.53955718007072, 19.34193195022959], [-97.54004065007308, 19.34132870973081]]]}, "properties": {"CVEGEO": "2110800030114017", "CVE_LOC": "0003", "AGEB": "0114", "MZA": "017", "SECCION": 881, "POBTOT": 0, "P18YMAS": 0, "P18YMAS_H": 0, "P18YMAS_M": 0, "P18A24": 0, "ITER_MATCH": false, "LN_total_sec": 1115, "LN_H_sec": 551, "LN_M_sec": 564, "LN_1839_sec": 548, "LN_estimada": 22, "LN_H_est": 11, "LN_M_est": 11, "LN_1839_est": 11, "rank_seccion": 21, "pct_acum_sec": 41.43, "prioridad_50": true, "prioridad_80": true, "rank_municipal": 230, "pct_acum_LN_mun": 51.12}}, {"type": "Feature", "geometry": {"type": "Polygon", "coordinates": [[[-97.54057030982395, 19.340680879805916], [-97.54098889029466, 19.340972400101183], [-97.54135166047993, 19.34123281982881], [-97.54087040025699, 19.341854369912127], [-97.54007534028509, 19.341286519959095], [-97.54057030982395, 19.340680879805916]]]}, "properties": {"CVEGEO": "2110800030114016", "CVE_LOC": "0003", "AGEB": "0114", "MZA": "016", "SECCION": 881, "POBTOT": 0, "P18YMAS": 0, "P18YMAS_H": 0, "P18YMAS_M": 0, "P18A24": 0, "ITER_MATCH": false, "LN_total_sec": 1115, "LN_H_sec": 551, "LN_M_sec": 564, "LN_1839_sec": 548, "LN_estimada": 22, "LN_H_est": 11, "LN_M_est": 11, "LN_1839_est": 11, "rank_seccion": 22, "pct_acum_sec": 43.41, "prioridad_50": true, "prioridad_80": true, "rank_municipal": 231, "pct_acum_LN_mun": 51.27}}, {"type": "Feature", "geometry": {"type": "Polygon", "coordinates": [[[-97.53925324987368, 19.340690379788562], [-97.53971828995341, 19.340060850185342], [-97.53994011001316, 19.340222089604563], [-97.540145319646, 19.340367150173062], [-97.54050872001022, 19.34062997959598], [-97.5400141097214, 19.341238290274006], [-97.53925324987368, 19.340690379788562]]]}, "properties": {"CVEGEO": "2110800030114015", "CVE_LOC": "0003", "AGEB": "0114", "MZA": "015", "SECCION": 881, "POBTOT": 0, "P18YMAS": 0, "P18YMAS_H": 0, "P18YMAS_M": 0, "P18A24": 0, "ITER_MATCH": false, "LN_total_sec": 1115, "LN_H_sec": 551, "LN_M_sec": 564, "LN_1839_sec": 548, "LN_estimada": 22, "LN_H_est": 11, "LN_M_est": 11, "LN_1839_est": 11, "rank_seccion": 23, "pct_acum_sec": 45.38, "prioridad_50": true, "prioridad_80": true, "rank_municipal": 232, "pct_acum_LN_mun": 51.42}}, {"type": "Feature", "geometry": {"type": "Polygon", "coordinates": [[[-97.53967667960492, 19.340022680257352], [-97.53920644999125, 19.340651480000542], [-97.5383891700742, 19.340079449562477], [-97.5388643204104, 19.339456779991394], [-97.53929927967533, 19.339762769946464], [-97.53967667960492, 19.340022680257352]]]}, "properties": {"CVEGEO": "2110800030114014", "CVE_LOC": "0003", "AGEB": "0114", "MZA": "014", "SECCION": 881, "POBTOT": 0, "P18YMAS": 0, "P18YMAS_H": 0, "P18YMAS_M": 0, "P18A24": 0, "ITER_MATCH": false, "LN_total_sec": 1115, "LN_H_sec": 551, "LN_M_sec": 564, "LN_1839_sec": 548, "LN_estimada": 22, "LN_H_est": 11, "LN_M_est": 11, "LN_1839_est": 11, "rank_seccion": 24, "pct_acum_sec": 47.35, "prioridad_50": true, "prioridad_80": true, "rank_municipal": 233, "pct_acum_LN_mun": 51.56}}, {"type": "Feature", "geometry": {"type": "Polygon", "coordinates": [[[-97.6125716496688, 19.381195420159155], [-97.61276961989245, 19.38087598018105], [-97.61311291047677, 19.381036659881804], [-97.61292802030906, 19.38136714012632], [-97.6125716496688, 19.381195420159155]]]}, "properties": {"CVEGEO": "2110800010167042", "CVE_LOC": "0001", "AGEB": "0167", "MZA": "042", "SECCION": 877, "POBTOT": 12, "P18YMAS": 5, "P18YMAS_H": 0, "P18YMAS_M": 4, "P18A24": 0, "ITER_MATCH": true, "LN_total_sec": 3745, "LN_H_sec": 1798, "LN_M_sec": 1947, "LN_1839_sec": 2000, "LN_estimada": 7, "LN_H_est": 4, "LN_M_est": 4, "LN_1839_est": 4, "rank_seccion": 144, "pct_acum_sec": 99.81, "prioridad_50": false, "prioridad_80": false, "rank_municipal": 712, "pct_acum_LN_mun": 99.87}}, {"type": "Feature", "geometry": {"type": "Polygon", "coordinates": [[[-97.61234657954985, 19.38159254033431], [-97.61253345025365, 19.38126482010712], [-97.61288495017129, 19.381439230275852], [-97.61269182959897, 19.381755969946024], [-97.61234657954985, 19.38159254033431]]]}, "properties": {"CVEGEO": "2110800010167035", "CVE_LOC": "0001", "AGEB": "0167", "MZA": "035", "SECCION": 877, "POBTOT": 36, "P18YMAS": 21, "P18YMAS_H": 13, "P18YMAS_M": 8, "P18A24": 3, "ITER_MATCH": true, "LN_total_sec": 3745, "LN_H_sec": 1798, "LN_M_sec": 1947, "LN_1839_sec": 2000, "LN_estimada": 32, "LN_H_est": 15, "LN_M_est": 16, "LN_1839_est": 17, "rank_seccion": 41, "pct_acum_sec": 45.58, "prioridad_50": true, "prioridad_80": true, "rank_municipal": 88, "pct_acum_LN_mun": 25.49}}, {"type": "Feature", "geometry": {"type": "Polygon", "coordinates": [[[-97.61446163006296, 19.382629319892587], [-97.61464699991569, 19.38231399965454], [-97.61500900001481, 19.382501000263794], [-97.61481743026556, 19.382816080316484], [-97.61446163006296, 19.382629319892587]]]}, "properties": {"CVEGEO": "2110800010167048", "CVE_LOC": "0001", "AGEB": "0167", "MZA": "048", "SECCION": 877, "POBTOT": 16, "P18YMAS": 15, "P18YMAS_H": 7, "P18YMAS_M": 8, "P18A24": 4, "ITER_MATCH": true, "LN_total_sec": 3745, "LN_H_sec": 1798, "LN_M_sec": 1947, "LN_1839_sec": 2000, "LN_estimada": 23, "LN_H_est": 11, "LN_M_est": 12, "LN_1839_est": 12, "rank_seccion": 77, "pct_acum_sec": 72.36, "prioridad_50": false, "prioridad_80": true, "rank_municipal": 202, "pct_acum_LN_mun": 46.92}}, {"type": "Feature", "geometry": {"type": "Polygon", "coordinates": [[[-97.61401568967335, 19.382415319976946], [-97.61420351032707, 19.382089119665004], [-97.61457074978684, 19.382281369995077], [-97.6143841398108, 19.382596549899535], [-97.61401568967335, 19.382415319976946]]]}, "properties": {"CVEGEO": "2110800010167047", "CVE_LOC": "0001", "AGEB": "0167", "MZA": "047", "SECCION": 877, "POBTOT": 13, "P18YMAS": 8, "P18YMAS_H": 5, "P18YMAS_M": 3, "P18A24": 0, "ITER_MATCH": true, "LN_total_sec": 3745, "LN_H_sec": 1798, "LN_M_sec": 1947, "LN_1839_sec": 2000, "LN_estimada": 12, "LN_H_est": 6, "LN_M_est": 6, "LN_1839_est": 6, "rank_seccion": 127, "pct_acum_sec": 95.19, "prioridad_50": false, "prioridad_80": false, "rank_municipal": 645, "pct_acum_LN_mun": 95.05}}, {"type": "Feature", "geometry": {"type": "Polygon", "coordinates": [[[-97.61173347980964, 19.37890429018038], [-97.61198865035, 19.37844859976299], [-97.61235149012676, 19.37864905962699], [-97.61208482008784, 19.37908431958725], [-97.61173347980964, 19.37890429018038]]]}, "properties": {"CVEGEO": "2110800010171062", "CVE_LOC": "0001", "AGEB": "0171", "MZA": "062", "SECCION": 877, "POBTOT": 16, "P18YMAS": 8, "P18YMAS_H": 4, "P18YMAS_M": 4, "P18A24": 0, "ITER_MATCH": true, "LN_total_sec": 3745, "LN_H_sec": 1798, "LN_M_sec": 1947, "LN_1839_sec": 2000, "LN_estimada": 12, "LN_H_est": 6, "LN_M_est": 6, "LN_1839_est": 6, "rank_seccion": 128, "pct_acum_sec": 95.51, "prioridad_50": false, "prioridad_80": false, "rank_municipal": 646, "pct_acum_LN_mun": 95.13}}, {"type": "Feature", "geometry": {"type": "Polygon", "coordinates": [[[-97.6131471401411, 19.380995549642506], [-97.61280145021009, 19.380818170063012], [-97.61298767991859, 19.380493259826547], [-97.61315507955581, 19.380202370300253], [-97.61348901978897, 19.3803771699819], [-97.61332947967323, 19.380662150110336], [-97.6131471401411, 19.380995549642506]]]}, "properties": {"CVEGEO": "2110800010167036", "CVE_LOC": "0001", "AGEB": "0167", "MZA": "036", "SECCION": 877, "POBTOT": 11, "P18YMAS": 5, "P18YMAS_H": 0, "P18YMAS_M": 3, "P18A24": 0, "ITER_MATCH": true, "LN_total_sec": 3745, "LN_H_sec": 1798, "LN_M_sec": 1947, "LN_1839_sec": 2000, "LN_estimada": 7, "LN_H_est": 4, "LN_M_est": 4, "LN_1839_est": 4, "rank_seccion": 145, "pct_acum_sec": 100.0, "prioridad_50": false, "prioridad_80": false, "rank_municipal": 713, "pct_acum_LN_mun": 99.91}}, {"type": "Feature", "geometry": {"type": "Polygon", "coordinates": [[[-97.61316311964035, 19.380158110428408], [-97.61332919972179, 19.379853320345095], [-97.61369688017516, 19.380035400328175], [-97.61351578006142, 19.38034060042324], [-97.61316311964035, 19.380158110428408]]]}, "properties": {"CVEGEO": "2110800010167034", "CVE_LOC": "0001", "AGEB": "0167", "MZA": "034", "SECCION": 877, "POBTOT": 20, "P18YMAS": 10, "P18YMAS_H": 5, "P18YMAS_M": 5, "P18A24": 0, "ITER_MATCH": true, "LN_total_sec": 3745, "LN_H_sec": 1798, "LN_M_sec": 1947, "LN_1839_sec": 2000, "LN_estimada": 15, "LN_H_est": 7, "LN_M_est": 8, "LN_1839_est": 8, "rank_seccion": 111, "pct_acum_sec": 89.29, "prioridad_50": false, "prioridad_80": false, "rank_municipal": 450, "pct_acum_LN_mun": 77.64}}, {"type": "Feature", "geometry": {"type": "Polygon", "coordinates": [[[-97.61335910977283, 19.379808309627634], [-97.61345082038035, 19.37965874042458], [-97.61373174020581, 19.379999579825952], [-97.61358731007644, 19.379917600087243], [-97.61335910977283, 19.379808309627634]]]}, "properties": {"CVEGEO": "2110800010171053", "CVE_LOC": "0001", "AGEB": "0171", "MZA": "053", "SECCION": 877, "POBTOT": 0, "P18YMAS": 0, "P18YMAS_H": 0, "P18YMAS_M": 0, "P18A24": 0, "ITER_MATCH": true, "LN_total_sec": 3745, "LN_H_sec": 1798, "LN_M_sec": 1947, "LN_1839_sec": 2000, "LN_estimada": 0, "LN_H_est": 0, "LN_M_est": 0, "LN_1839_est": 0, "rank_seccion": 158, "pct_acum_sec": 100.0, "prioridad_50": false, "prioridad_80": false, "rank_municipal": 840, "pct_acum_LN_mun": 100.0}}, {"type": "Feature", "geometry": {"type": "Polygon", "coordinates": [[[-97.6144709797873, 19.379786829629285], [-97.61480332046877, 19.379241349569654], [-97.61522299986596, 19.37931599995771], [-97.61483345036144, 19.379983020175683], [-97.6144709797873, 19.379786829629285]]]}, "properties": {"CVEGEO": "2110800010167032", "CVE_LOC": "0001", "AGEB": "0167", "MZA": "032", "SECCION": 877, "POBTOT": 44, "P18YMAS": 24, "P18YMAS_H": 12, "P18YMAS_M": 12, "P18A24": 4, "ITER_MATCH": true, "LN_total_sec": 3745, "LN_H_sec": 1798, "LN_M_sec": 1947, "LN_1839_sec": 2000, "LN_estimada": 36, "LN_H_est": 17, "LN_M_est": 19, "LN_1839_est": 19, "rank_seccion": 29, "pct_acum_sec": 34.85, "prioridad_50": true, "prioridad_80": true, "rank_municipal": 64, "pct_acum_LN_mun": 19.99}}, {"type": "Feature", "geometry": {"type": "Polygon", "coordinates": [[[-97.6141983799373, 19.380240890354152], [-97.61442897022269, 19.379851510362215], [-97.61479734022615, 19.380045309917822], [-97.61456203008963, 19.380435950265813], [-97.6141983799373, 19.380240890354152]]]}, "properties": {"CVEGEO": "2110800010167013", "CVE_LOC": "0001", "AGEB": "0167", "MZA": "013", "SECCION": 877, "POBTOT": 20, "P18YMAS": 14, "P18YMAS_H": 7, "P18YMAS_M": 7, "P18A24": 0, "ITER_MATCH": true, "LN_total_sec": 3745, "LN_H_sec": 1798, "LN_M_sec": 1947, "LN_1839_sec": 2000, "LN_estimada": 21, "LN_H_est": 10, "LN_M_est": 11, "LN_1839_est": 11, "rank_seccion": 82, "pct_acum_sec": 75.22, "prioridad_50": false, "prioridad_80": true, "rank_municipal": 265, "pct_acum_LN_mun": 56.26}}, {"type": "Feature", "geometry": {"type": "Polygon", "coordinates": [[[-97.614593720023, 19.38050262986974], [-97.61494854959918, 19.380697350358368], [-97.61472293955062, 19.381109599960205], [-97.61446885985345, 19.380728049809434], [-97.614593720023, 19.38050262986974]]]}, "properties": {"CVEGEO": "2110800010167004", "CVE_LOC": "0001", "AGEB": "0167", "MZA": "004", "SECCION": 877, "POBTOT": 37, "P18YMAS": 16, "P18YMAS_H": 5, "P18YMAS_M": 11, "P18A24": 0, "ITER_MATCH": true, "LN_total_sec": 3745, "LN_H_sec": 1798, "LN_M_sec": 1947, "LN_1839_sec": 2000, "LN_estimada": 24, "LN_H_est": 12, "LN_M_est": 13, "LN_1839_est": 13, "rank_seccion": 73, "pct_acum_sec": 69.85, "prioridad_50": false, "prioridad_80": true, "rank_municipal": 190, "pct_acum_LN_mun": 44.99}}, {"type": "Feature", "geometry": {"type": "Polygon", "coordinates": [[[-97.61420497995321, 19.382001630248478], [-97.61382602022525, 19.381810489912933], [-97.61377749032914, 19.38178814991218], [-97.61341324999034, 19.381605539850074], [-97.61362854009475, 19.38121978032563], [-97.61408234018927, 19.380406679573788], [-97.61436437969336, 19.380795489908856], [-97.61465708033013, 19.381198979975466], [-97.61420497995321, 19.382001630248478]]]}, "properties": {"CVEGEO": "2110800010167003", "CVE_LOC": "0001", "AGEB": "0167", "MZA": "003", "SECCION": 877, "POBTOT": 0, "P18YMAS": 0, "P18YMAS_H": 0, "P18YMAS_M": 0, "P18A24": 0, "ITER_MATCH": true, "LN_total_sec": 3745, "LN_H_sec": 1798, "LN_M_sec": 1947, "LN_1839_sec": 2000, "LN_estimada": 0, "LN_H_est": 0, "LN_M_est": 0, "LN_1839_est": 0, "rank_seccion": 159, "pct_acum_sec": 100.0, "prioridad_50": false, "prioridad_80": false, "rank_municipal": 841, "pct_acum_LN_mun": 100.0}}, {"type": "Feature", "geometry": {"type": "Polygon", "coordinates": [[[-97.62091946012097, 19.375443419840664], [-97.62097691036908, 19.37504005000757], [-97.62108421970512, 19.37509783015184], [-97.62091946012097, 19.375443419840664]]]}, "properties": {"CVEGEO": "2110800010152030", "CVE_LOC": "0001", "AGEB": "0152", "MZA": "030", "SECCION": 878, "POBTOT": 0, "P18YMAS": 0, "P18YMAS_H": 0, "P18YMAS_M": 0, "P18A24": 0, "ITER_MATCH": true, "LN_total_sec": 1218, "LN_H_sec": 568, "LN_M_sec": 650, "LN_1839_sec": 631, "LN_estimada": 0, "LN_H_est": 0, "LN_M_est": 0, "LN_1839_est": 0, "rank_seccion": 59, "pct_acum_sec": 100.0, "prioridad_50": false, "prioridad_80": false, "rank_municipal": 842, "pct_acum_LN_mun": 100.0}}, {"type": "Feature", "geometry": {"type": "Polygon", "coordinates": [[[-97.6168932902291, 19.383195449797608], [-97.61899291980436, 19.383115509545902], [-97.61876953956664, 19.384064220295336], [-97.61668382039323, 19.384248679703166], [-97.6168932902291, 19.383195449797608]]]}, "properties": {"CVEGEO": "2110800010186002", "CVE_LOC": "0001", "AGEB": "0186", "MZA": "002", "SECCION": 875, "POBTOT": 0, "P18YMAS": 0, "P18YMAS_H": 0, "P18YMAS_M": 0, "P18A24": 0, "ITER_MATCH": true, "LN_total_sec": 1680, "LN_H_sec": 825, "LN_M_sec": 855, "LN_1839_sec": 803, "LN_estimada": 0, "LN_H_est": 0, "LN_M_est": 0, "LN_1839_est": 0, "rank_seccion": 97, "pct_acum_sec": 100.0, "prioridad_50": false, "prioridad_80": false, "rank_municipal": 843, "pct_acum_LN_mun": 100.0}}, {"type": "Feature", "geometry": {"type": "Polygon", "coordinates": [[[-97.61921457047315, 19.382194849977942], [-97.61910944989975, 19.382631419772856], [-97.61901300041187, 19.38303197045387], [-97.61685181965962, 19.383130740041675], [-97.61471429026732, 19.383228379746605], [-97.61576055003776, 19.38143879989192], [-97.61644843006495, 19.380262200282836], [-97.61685617980173, 19.37958262033633], [-97.61742037015621, 19.379656740274807], [-97.61835881971732, 19.379780020062928], [-97.61857834955151, 19.379810980415403], [-97.61974892000455, 19.37997611968891], [-97.61952655011085, 19.38089910962414], [-97.61921457047315, 19.382194849977942]]]}, "properties": {"CVEGEO": "2110800010186001", "CVE_LOC": "0001", "AGEB": "0186", "MZA": "001", "SECCION": 2747, "POBTOT": 24, "P18YMAS": 17, "P18YMAS_H": 9, "P18YMAS_M": 8, "P18A24": 5, "ITER_MATCH": true, "LN_total_sec": 923, "LN_H_sec": 421, "LN_M_sec": 502, "LN_1839_sec": 436, "LN_estimada": 22, "LN_H_est": 10, "LN_M_est": 12, "LN_1839_est": 10, "rank_seccion": 16, "pct_acum_sec": 57.31, "prioridad_50": false, "prioridad_80": true, "rank_municipal": 234, "pct_acum_LN_mun": 51.71}}, {"type": "Feature", "geometry": {"type": "Polygon", "coordinates": [[[-97.6101762302016, 19.37863403045055], [-97.60991003004048, 19.37849771000662], [-97.61034858012756, 19.37833182992756], [-97.6101762302016, 19.37863403045055]]]}, "properties": {"CVEGEO": "2110800010171066", "CVE_LOC": "0001", "AGEB": "0171", "MZA": "066", "SECCION": 877, "POBTOT": 4, "P18YMAS": 0, "P18YMAS_H": 0, "P18YMAS_M": 0, "P18A24": 0, "ITER_MATCH": true, "LN_total_sec": 3745, "LN_H_sec": 1798, "LN_M_sec": 1947, "LN_1839_sec": 2000, "LN_estimada": 0, "LN_H_est": 0, "LN_M_est": 0, "LN_1839_est": 0, "rank_seccion": 160, "pct_acum_sec": 100.0, "prioridad_50": false, "prioridad_80": false, "rank_municipal": 844, "pct_acum_LN_mun": 100.0}}, {"type": "Feature", "geometry": {"type": "Polygon", "coordinates": [[[-97.60976172038974, 19.379364060043045], [-97.60968071017447, 19.37931031959845], [-97.60958294000312, 19.379217659717252], [-97.6095417403426, 19.379155619836038], [-97.60952974970886, 19.37911828018308], [-97.60951819963113, 19.379052399633004], [-97.60952073970088, 19.378994489581505], [-97.60954834967845, 19.378942120053885], [-97.60960251980455, 19.37886804958123], [-97.60964515043132, 19.378826659560733], [-97.60990524997803, 19.378591689579114], [-97.61012246010007, 19.378716170437993], [-97.60976172038974, 19.379364060043045]]]}, "properties": {"CVEGEO": "2110800010171061", "CVE_LOC": "0001", "AGEB": "0171", "MZA": "061", "SECCION": 877, "POBTOT": 28, "P18YMAS": 14, "P18YMAS_H": 9, "P18YMAS_M": 5, "P18A24": 4, "ITER_MATCH": true, "LN_total_sec": 3745, "LN_H_sec": 1798, "LN_M_sec": 1947, "LN_1839_sec": 2000, "LN_estimada": 21, "LN_H_est": 10, "LN_M_est": 11, "LN_1839_est": 11, "rank_seccion": 83, "pct_acum_sec": 75.78, "prioridad_50": false, "prioridad_80": true, "rank_municipal": 266, "pct_acum_LN_mun": 56.4}}, {"type": "Feature", "geometry": {"type": "Polygon", "coordinates": [[[-97.60890442990264, 19.380802570100613], [-97.60849677013698, 19.380608740424613], [-97.60886171979992, 19.37997025998615], [-97.60928117036389, 19.38016853987111], [-97.60890442990264, 19.380802570100613]]]}, "properties": {"CVEGEO": "2110800010171038", "CVE_LOC": "0001", "AGEB": "0171", "MZA": "038", "SECCION": 877, "POBTOT": 9, "P18YMAS": 0, "P18YMAS_H": 0, "P18YMAS_M": 0, "P18A24": 0, "ITER_MATCH": true, "LN_total_sec": 3745, "LN_H_sec": 1798, "LN_M_sec": 1947, "LN_1839_sec": 2000, "LN_estimada": 0, "LN_H_est": 0, "LN_M_est": 0, "LN_1839_est": 0, "rank_seccion": 161, "pct_acum_sec": 100.0, "prioridad_50": false, "prioridad_80": false, "rank_municipal": 845, "pct_acum_LN_mun": 100.0}}, {"type": "Feature", "geometry": {"type": "Polygon", "coordinates": [[[-97.61249788022032, 19.38116248988525], [-97.61214611036475, 19.380979250088146], [-97.61232949016062, 19.380658509616822], [-97.61268824995405, 19.380848320158073], [-97.61249788022032, 19.38116248988525]]]}, "properties": {"CVEGEO": "2110800010171034", "CVE_LOC": "0001", "AGEB": "0171", "MZA": "034", "SECCION": 877, "POBTOT": 11, "P18YMAS": 8, "P18YMAS_H": 4, "P18YMAS_M": 4, "P18A24": 3, "ITER_MATCH": true, "LN_total_sec": 3745, "LN_H_sec": 1798, "LN_M_sec": 1947, "LN_1839_sec": 2000, "LN_estimada": 12, "LN_H_est": 6, "LN_M_est": 6, "LN_1839_est": 6, "rank_seccion": 129, "pct_acum_sec": 95.83, "prioridad_50": false, "prioridad_80": false, "rank_municipal": 647, "pct_acum_LN_mun": 95.21}}, {"type": "Feature", "geometry": {"type": "Polygon", "coordinates": [[[-97.61273907968392, 19.38077512034707], [-97.61238295044402, 19.380596739666935], [-97.61271671007424, 19.380016079928314], [-97.61307203034285, 19.380188649910604], [-97.61273907968392, 19.38077512034707]]]}, "properties": {"CVEGEO": "2110800010171060", "CVE_LOC": "0001", "AGEB": "0171", "MZA": "060", "SECCION": 877, "POBTOT": 22, "P18YMAS": 9, "P18YMAS_H": 4, "P18YMAS_M": 5, "P18A24": 0, "ITER_MATCH": true, "LN_total_sec": 3745, "LN_H_sec": 1798, "LN_M_sec": 1947, "LN_1839_sec": 2000, "LN_estimada": 13, "LN_H_est": 7, "LN_M_est": 7, "LN_1839_est": 7, "rank_seccion": 122, "pct_acum_sec": 93.54, "prioridad_50": false, "prioridad_80": false, "rank_municipal": 570, "pct_acum_LN_mun": 88.51}}, {"type": "Feature", "geometry": {"type": "Polygon", "coordinates": [[[-97.61310350965802, 19.38012737990518], [-97.61275816961427, 19.379954799810644], [-97.61294054005359, 19.379640719734585], [-97.61327506027591, 19.379821859577007], [-97.61310350965802, 19.38012737990518]]]}, "properties": {"CVEGEO": "2110800010171033", "CVE_LOC": "0001", "AGEB": "0171", "MZA": "033", "SECCION": 877, "POBTOT": 32, "P18YMAS": 13, "P18YMAS_H": 6, "P18YMAS_M": 7, "P18A24": 0, "ITER_MATCH": true, "LN_total_sec": 3745, "LN_H_sec": 1798, "LN_M_sec": 1947, "LN_1839_sec": 2000, "LN_estimada": 20, "LN_H_est": 9, "LN_M_est": 10, "LN_1839_est": 10, "rank_seccion": 88, "pct_acum_sec": 78.53, "prioridad_50": false, "prioridad_80": true, "rank_municipal": 283, "pct_acum_LN_mun": 58.78}}, {"type": "Feature", "geometry": {"type": "Polygon", "coordinates": [[[-97.61185803018238, 19.3813486803694], [-97.61150563002988, 19.381174509924968], [-97.61169594991814, 19.38083963001152], [-97.6120509702697, 19.38101063031069], [-97.61185803018238, 19.3813486803694]]]}, "properties": {"CVEGEO": "2110800010171019", "CVE_LOC": "0001", "AGEB": "0171", "MZA": "019", "SECCION": 877, "POBTOT": 4, "P18YMAS": 0, "P18YMAS_H": 0, "P18YMAS_M": 0, "P18A24": 0, "ITER_MATCH": true, "LN_total_sec": 3745, "LN_H_sec": 1798, "LN_M_sec": 1947, "LN_1839_sec": 2000, "LN_estimada": 0, "LN_H_est": 0, "LN_M_est": 0, "LN_1839_est": 0, "rank_seccion": 162, "pct_acum_sec": 100.0, "prioridad_50": false, "prioridad_80": false, "rank_municipal": 846, "pct_acum_LN_mun": 100.0}}, {"type": "Feature", "geometry": {"type": "Polygon", "coordinates": [[[-97.61207450968791, 19.38094743037422], [-97.61173571017065, 19.380779680251816], [-97.61190671964901, 19.38046038020662], [-97.61225781986039, 19.380631370342147], [-97.61207450968791, 19.38094743037422]]]}, "properties": {"CVEGEO": "2110800010171018", "CVE_LOC": "0001", "AGEB": "0171", "MZA": "018", "SECCION": 877, "POBTOT": 0, "P18YMAS": 0, "P18YMAS_H": 0, "P18YMAS_M": 0, "P18A24": 0, "ITER_MATCH": true, "LN_total_sec": 3745, "LN_H_sec": 1798, "LN_M_sec": 1947, "LN_1839_sec": 2000, "LN_estimada": 0, "LN_H_est": 0, "LN_M_est": 0, "LN_1839_est": 0, "rank_seccion": 163, "pct_acum_sec": 100.0, "prioridad_50": false, "prioridad_80": false, "rank_municipal": 847, "pct_acum_LN_mun": 100.0}}, {"type": "Feature", "geometry": {"type": "Polygon", "coordinates": [[[-97.61246083002592, 19.379369650006534], [-97.61227685025557, 19.37969350966694], [-97.61192751969527, 19.37952322005532], [-97.61210557999698, 19.379187379718104], [-97.61246083002592, 19.379369650006534]]]}, "properties": {"CVEGEO": "2110800010171016", "CVE_LOC": "0001", "AGEB": "0171", "MZA": "016", "SECCION": 877, "POBTOT": 33, "P18YMAS": 20, "P18YMAS_H": 10, "P18YMAS_M": 10, "P18A24": 5, "ITER_MATCH": true, "LN_total_sec": 3745, "LN_H_sec": 1798, "LN_M_sec": 1947, "LN_1839_sec": 2000, "LN_estimada": 30, "LN_H_est": 15, "LN_M_est": 16, "LN_1839_est": 16, "rank_seccion": 52, "pct_acum_sec": 54.71, "prioridad_50": false, "prioridad_80": true, "rank_municipal": 120, "pct_acum_LN_mun": 32.22}}, {"type": "Feature", "geometry": {"type": "Polygon", "coordinates": [[[-97.6115288200729, 19.379117939575988], [-97.6114298503013, 19.379272709609968], [-97.61108685971881, 19.379082139801582], [-97.6112862004005, 19.378751199587633], [-97.61162493967316, 19.378923250422993], [-97.6116302596537, 19.378940510151104], [-97.6115288200729, 19.379117939575988]]]}, "properties": {"CVEGEO": "2110800010171014", "CVE_LOC": "0001", "AGEB": "0171", "MZA": "014", "SECCION": 877, "POBTOT": 8, "P18YMAS": 6, "P18YMAS_H": 3, "P18YMAS_M": 3, "P18A24": 0, "ITER_MATCH": true, "LN_total_sec": 3745, "LN_H_sec": 1798, "LN_M_sec": 1947, "LN_1839_sec": 2000, "LN_estimada": 9, "LN_H_est": 4, "LN_M_est": 5, "LN_1839_est": 5, "rank_seccion": 141, "pct_acum_sec": 99.15, "prioridad_50": false, "prioridad_80": false, "rank_municipal": 700, "pct_acum_LN_mun": 99.19}}, {"type": "Feature", "geometry": {"type": "Polygon", "coordinates": [[[-97.61101231975273, 19.379043030320705], [-97.61065604983607, 19.37886077955272], [-97.6108527099781, 19.378538940093538], [-97.61120154977365, 19.378707419598022], [-97.61101231975273, 19.379043030320705]]]}, "properties": {"CVEGEO": "2110800010171013", "CVE_LOC": "0001", "AGEB": "0171", "MZA": "013", "SECCION": 877, "POBTOT": 14, "P18YMAS": 8, "P18YMAS_H": 4, "P18YMAS_M": 4, "P18A24": 0, "ITER_MATCH": true, "LN_total_sec": 3745, "LN_H_sec": 1798, "LN_M_sec": 1947, "LN_1839_sec": 2000, "LN_estimada": 12, "LN_H_est": 6, "LN_M_est": 6, "LN_1839_est": 6, "rank_seccion": 130, "pct_acum_sec": 96.15, "prioridad_50": false, "prioridad_80": false, "rank_municipal": 648, "pct_acum_LN_mun": 95.3}}, {"type": "Feature", "geometry": {"type": "Polygon", "coordinates": [[[-97.61362366015378, 19.379324950184206], [-97.61374442044588, 19.379081659917762], [-97.61419441977377, 19.379146629593194], [-97.61403851028382, 19.379423720206706], [-97.61399205999385, 19.379511050110988], [-97.61362366015378, 19.379324950184206]]]}, "properties": {"CVEGEO": "2110800010167038", "CVE_LOC": "0001", "AGEB": "0167", "MZA": "038", "SECCION": 877, "POBTOT": 3, "P18YMAS": 0, "P18YMAS_H": 0, "P18YMAS_M": 0, "P18A24": 0, "ITER_MATCH": true, "LN_total_sec": 3745, "LN_H_sec": 1798, "LN_M_sec": 1947, "LN_1839_sec": 2000, "LN_estimada": 0, "LN_H_est": 0, "LN_M_est": 0, "LN_1839_est": 0, "rank_seccion": 164, "pct_acum_sec": 100.0, "prioridad_50": false, "prioridad_80": false, "rank_municipal": 848, "pct_acum_LN_mun": 100.0}}, {"type": "Feature", "geometry": {"type": "Polygon", "coordinates": [[[-97.62267506038305, 19.375309540126764], [-97.62270528042737, 19.375220980189386], [-97.62274844970558, 19.375094490278524], [-97.62280455032952, 19.374930089823426], [-97.62294752029267, 19.375006780043876], [-97.62280482974153, 19.375376080035064], [-97.62267506038305, 19.375309540126764]]]}, "properties": {"CVEGEO": "2110800010152026", "CVE_LOC": "0001", "AGEB": "0152", "MZA": "026", "SECCION": 2747, "POBTOT": 8, "P18YMAS": 0, "P18YMAS_H": 0, "P18YMAS_M": 0, "P18A24": 0, "ITER_MATCH": true, "LN_total_sec": 923, "LN_H_sec": 421, "LN_M_sec": 502, "LN_1839_sec": 436, "LN_estimada": 0, "LN_H_est": 0, "LN_M_est": 0, "LN_1839_est": 0, "rank_seccion": 52, "pct_acum_sec": 100.0, "prioridad_50": false, "prioridad_80": false, "rank_municipal": 849, "pct_acum_LN_mun": 100.0}}, {"type": "Feature", "geometry": {"type": "Polygon", "coordinates": [[[-97.62101545037052, 19.37494957983178], [-97.6211024204448, 19.374558419973063], [-97.62130629030398, 19.374665850048412], [-97.62110678026104, 19.374998170217406], [-97.62101545037052, 19.37494957983178]]]}, "properties": {"CVEGEO": "2110800010152025", "CVE_LOC": "0001", "AGEB": "0152", "MZA": "025", "SECCION": 878, "POBTOT": 10, "P18YMAS": 0, "P18YMAS_H": 0, "P18YMAS_M": 0, "P18A24": 0, "ITER_MATCH": true, "LN_total_sec": 1218, "LN_H_sec": 568, "LN_M_sec": 650, "LN_1839_sec": 631, "LN_estimada": 0, "LN_H_est": 0, "LN_M_est": 0, "LN_1839_est": 0, "rank_seccion": 60, "pct_acum_sec": 100.0, "prioridad_50": false, "prioridad_80": false, "rank_municipal": 850, "pct_acum_LN_mun": 100.0}}, {"type": "Feature", "geometry": {"type": "Polygon", "coordinates": [[[-97.62081531994522, 19.375903479818362], [-97.6208411997911, 19.375822659868636], [-97.62092950981615, 19.375547059582793], [-97.62101657002128, 19.37559193976082], [-97.62106005957902, 19.375614319741718], [-97.62110350964365, 19.375636740258816], [-97.62114700018417, 19.375659120243476], [-97.62127728978277, 19.375726280226232], [-97.62123125000198, 19.375818460131192], [-97.62111065960922, 19.376059919989746], [-97.62081531994522, 19.375903479818362]]]}, "properties": {"CVEGEO": "2110800010152012", "CVE_LOC": "0001", "AGEB": "0152", "MZA": "012", "SECCION": 2747, "POBTOT": 25, "P18YMAS": 17, "P18YMAS_H": 8, "P18YMAS_M": 9, "P18A24": 0, "ITER_MATCH": true, "LN_total_sec": 923, "LN_H_sec": 421, "LN_M_sec": 502, "LN_1839_sec": 436, "LN_estimada": 22, "LN_H_est": 10, "LN_M_est": 12, "LN_1839_est": 10, "rank_seccion": 17, "pct_acum_sec": 59.7, "prioridad_50": false, "prioridad_80": true, "rank_municipal": 235, "pct_acum_LN_mun": 51.86}}, {"type": "Feature", "geometry": {"type": "Polygon", "coordinates": [[[-97.62069097010833, 19.37634457015229], [-97.62077219983067, 19.37596345010216], [-97.62104134042862, 19.376108369598615], [-97.62094208042123, 19.376274199759873], [-97.62084591034355, 19.37643487970294], [-97.62069097010833, 19.37634457015229]]]}, "properties": {"CVEGEO": "2110800010152011", "CVE_LOC": "0001", "AGEB": "0152", "MZA": "011", "SECCION": 2747, "POBTOT": 8, "P18YMAS": 0, "P18YMAS_H": 0, "P18YMAS_M": 0, "P18A24": 0, "ITER_MATCH": true, "LN_total_sec": 923, "LN_H_sec": 421, "LN_M_sec": 502, "LN_1839_sec": 436, "LN_estimada": 0, "LN_H_est": 0, "LN_M_est": 0, "LN_1839_est": 0, "rank_seccion": 53, "pct_acum_sec": 100.0, "prioridad_50": false, "prioridad_80": false, "rank_municipal": 851, "pct_acum_LN_mun": 100.0}}, {"type": "Feature", "geometry": {"type": "Polygon", "coordinates": [[[-97.62068502977155, 19.376466939920675], [-97.62079614998169, 19.376526260155043], [-97.62062616995982, 19.37682853993152], [-97.62068502977155, 19.376466939920675]]]}, "properties": {"CVEGEO": "2110800010152010", "CVE_LOC": "0001", "AGEB": "0152", "MZA": "010", "SECCION": 2747, "POBTOT": 4, "P18YMAS": 0, "P18YMAS_H": 0, "P18YMAS_M": 0, "P18A24": 0, "ITER_MATCH": true, "LN_total_sec": 923, "LN_H_sec": 421, "LN_M_sec": 502, "LN_1839_sec": 436, "LN_estimada": 0, "LN_H_est": 0, "LN_M_est": 0, "LN_1839_est": 0, "rank_seccion": 54, "pct_acum_sec": 100.0, "prioridad_50": false, "prioridad_80": false, "rank_municipal": 852, "pct_acum_LN_mun": 100.0}}, {"type": "Feature", "geometry": {"type": "Polygon", "coordinates": [[[-97.62111020038763, 19.377072339945137], [-97.62113205993548, 19.377038779584865], [-97.62117637042962, 19.376970820381768], [-97.62122067995455, 19.37690286023775], [-97.62133167974532, 19.376732549919254], [-97.6215777504284, 19.376870149812273], [-97.62165791035751, 19.376914970167082], [-97.62144822025608, 19.37725774992843], [-97.62111020038763, 19.377072339945137]]]}, "properties": {"CVEGEO": "2110800010152008", "CVE_LOC": "0001", "AGEB": "0152", "MZA": "008", "SECCION": 2747, "POBTOT": 16, "P18YMAS": 10, "P18YMAS_H": 5, "P18YMAS_M": 5, "P18A24": 0, "ITER_MATCH": true, "LN_total_sec": 923, "LN_H_sec": 421, "LN_M_sec": 502, "LN_1839_sec": 436, "LN_estimada": 13, "LN_H_est": 6, "LN_M_est": 7, "LN_1839_est": 6, "rank_seccion": 33, "pct_acum_sec": 87.97, "prioridad_50": false, "prioridad_80": false, "rank_municipal": 571, "pct_acum_LN_mun": 88.6}}, {"type": "Feature", "geometry": {"type": "Polygon", "coordinates": [[[-97.62150594015934, 19.37729369012286], [-97.62171659998647, 19.37694041988168], [-97.62209371013329, 19.377157719995495], [-97.62193127980248, 19.377506020271035], [-97.62150594015934, 19.37729369012286]]]}, "properties": {"CVEGEO": "2110800010152007", "CVE_LOC": "0001", "AGEB": "0152", "MZA": "007", "SECCION": 2747, "POBTOT": 32, "P18YMAS": 19, "P18YMAS_H": 8, "P18YMAS_M": 11, "P18A24": 0, "ITER_MATCH": true, "LN_total_sec": 923, "LN_H_sec": 421, "LN_M_sec": 502, "LN_1839_sec": 436, "LN_estimada": 25, "LN_H_est": 11, "LN_M_est": 13, "LN_1839_est": 12, "rank_seccion": 14, "pct_acum_sec": 52.44, "prioridad_50": true, "prioridad_80": true, "rank_municipal": 175, "pct_acum_LN_mun": 42.49}}, {"type": "Feature", "geometry": {"type": "Polygon", "coordinates": [[[-97.62175071986081, 19.37690418020358], [-97.62193283034291, 19.37657846019261], [-97.62224562966661, 19.37674747978816], [-97.6221201499894, 19.377106259873976], [-97.62175071986081, 19.37690418020358]]]}, "properties": {"CVEGEO": "2110800010152006", "CVE_LOC": "0001", "AGEB": "0152", "MZA": "006", "SECCION": 2747, "POBTOT": 9, "P18YMAS": 0, "P18YMAS_H": 0, "P18YMAS_M": 0, "P18A24": 0, "ITER_MATCH": true, "LN_total_sec": 923, "LN_H_sec": 421, "LN_M_sec": 502, "LN_1839_sec": 436, "LN_estimada": 0, "LN_H_est": 0, "LN_M_est": 0, "LN_1839_est": 0, "rank_seccion": 55, "pct_acum_sec": 100.0, "prioridad_50": false, "prioridad_80": false, "rank_municipal": 853, "pct_acum_LN_mun": 100.0}}, {"type": "Feature", "geometry": {"type": "Polygon", "coordinates": [[[-97.62064167979842, 19.377865710144675], [-97.6206894004289, 19.37778148975344], [-97.62082794001788, 19.37753699969419], [-97.62118934980482, 19.377725339751613], [-97.62099655007509, 19.37805982964639], [-97.62064167979842, 19.377865710144675]]]}, "properties": {"CVEGEO": "2110800010148023", "CVE_LOC": "0001", "AGEB": "0148", "MZA": "023", "SECCION": 2747, "POBTOT": 20, "P18YMAS": 15, "P18YMAS_H": 5, "P18YMAS_M": 10, "P18A24": 0, "ITER_MATCH": true, "LN_total_sec": 923, "LN_H_sec": 421, "LN_M_sec": 502, "LN_1839_sec": 436, "LN_estimada": 19, "LN_H_est": 9, "LN_M_est": 11, "LN_1839_est": 9, "rank_seccion": 19, "pct_acum_sec": 63.81, "prioridad_50": false, "prioridad_80": true, "rank_municipal": 296, "pct_acum_LN_mun": 60.51}}, {"type": "Feature", "geometry": {"type": "Polygon", "coordinates": [[[-97.62037858023233, 19.377747780019714], [-97.6203972296199, 19.377653049562962], [-97.6204569396284, 19.37734975030082], [-97.62075917956648, 19.377506369612803], [-97.62065854988337, 19.377683110126316], [-97.62063177028213, 19.37773011985665], [-97.62060497980904, 19.377777170057055], [-97.6205782202088, 19.37782418036372], [-97.62057171024706, 19.377835579684064], [-97.62037858023233, 19.377747780019714]]]}, "properties": {"CVEGEO": "2110800010148022", "CVE_LOC": "0001", "AGEB": "0148", "MZA": "022", "SECCION": 2747, "POBTOT": 15, "P18YMAS": 0, "P18YMAS_H": 0, "P18YMAS_M": 0, "P18A24": 0, "ITER_MATCH": true, "LN_total_sec": 923, "LN_H_sec": 421, "LN_M_sec": 502, "LN_1839_sec": 436, "LN_estimada": 0, "LN_H_est": 0, "LN_M_est": 0, "LN_1839_est": 0, "rank_seccion": 56, "pct_acum_sec": 100.0, "prioridad_50": false, "prioridad_80": false, "rank_municipal": 854, "pct_acum_LN_mun": 100.0}}, {"type": "Feature", "geometry": {"type": "Polygon", "coordinates": [[[-97.62001731988121, 19.378069950124242], [-97.62019637988675, 19.37773431985827], [-97.62025486002442, 19.377768179798586], [-97.62023547959204, 19.37788273962449], [-97.62020951982323, 19.378036279632145], [-97.62018993958047, 19.378152030114883], [-97.62001731988121, 19.378069950124242]]]}, "properties": {"CVEGEO": "2110800010148021", "CVE_LOC": "0001", "AGEB": "0148", "MZA": "021", "SECCION": 2747, "POBTOT": 6, "P18YMAS": 0, "P18YMAS_H": 0, "P18YMAS_M": 0, "P18A24": 0, "ITER_MATCH": true, "LN_total_sec": 923, "LN_H_sec": 421, "LN_M_sec": 502, "LN_1839_sec": 436, "LN_estimada": 0, "LN_H_est": 0, "LN_M_est": 0, "LN_1839_est": 0, "rank_seccion": 57, "pct_acum_sec": 100.0, "prioridad_50": false, "prioridad_80": false, "rank_municipal": 855, "pct_acum_LN_mun": 100.0}}, {"type": "Feature", "geometry": {"type": "Polygon", "coordinates": [[[-97.61932498018474, 19.37925733988383], [-97.61940754996799, 19.37912017983095], [-97.61953248019672, 19.37891272023157], [-97.61976932035753, 19.379037620203412], [-97.61986620044205, 19.379088709963245], [-97.61967322957902, 19.379434049574673], [-97.61932498018474, 19.37925733988383]]]}, "properties": {"CVEGEO": "2110800010148020", "CVE_LOC": "0001", "AGEB": "0148", "MZA": "020", "SECCION": 2747, "POBTOT": 33, "P18YMAS": 24, "P18YMAS_H": 13, "P18YMAS_M": 11, "P18A24": 0, "ITER_MATCH": true, "LN_total_sec": 923, "LN_H_sec": 421, "LN_M_sec": 502, "LN_1839_sec": 436, "LN_estimada": 31, "LN_H_est": 14, "LN_M_est": 17, "LN_1839_est": 15, "rank_seccion": 9, "pct_acum_sec": 37.59, "prioridad_50": true, "prioridad_80": true, "rank_municipal": 105, "pct_acum_LN_mun": 29.12}}, {"type": "Feature", "geometry": {"type": "Polygon", "coordinates": [[[-97.61952555025549, 19.37981878020317], [-97.61965739955458, 19.379595509752313], [-97.61970545020989, 19.37953635044504], [-97.61981411996634, 19.37958919965355], [-97.61975056963354, 19.37989790982326], [-97.6195910897787, 19.379888580048966], [-97.61952555025549, 19.37981878020317]]]}, "properties": {"CVEGEO": "2110800010148019", "CVE_LOC": "0001", "AGEB": "0148", "MZA": "019", "SECCION": 2747, "POBTOT": 4, "P18YMAS": 0, "P18YMAS_H": 0, "P18YMAS_M": 0, "P18A24": 0, "ITER_MATCH": true, "LN_total_sec": 923, "LN_H_sec": 421, "LN_M_sec": 502, "LN_1839_sec": 436, "LN_estimada": 0, "LN_H_est": 0, "LN_M_est": 0, "LN_1839_est": 0, "rank_seccion": 58, "pct_acum_sec": 100.0, "prioridad_50": false, "prioridad_80": false, "rank_municipal": 856, "pct_acum_LN_mun": 100.0}}, {"type": "Feature", "geometry": {"type": "Polygon", "coordinates": [[[-97.62102515042498, 19.380093859671085], [-97.62126120005485, 19.37946082043782], [-97.62133951010622, 19.37926213963757], [-97.62146215026439, 19.37900127993088], [-97.62129549008117, 19.380098680426045], [-97.62102515042498, 19.380093859671085]]]}, "properties": {"CVEGEO": "2110800010148017", "CVE_LOC": "0001", "AGEB": "0148", "MZA": "017", "SECCION": 2747, "POBTOT": 41, "P18YMAS": 30, "P18YMAS_H": 14, "P18YMAS_M": 16, "P18A24": 5, "ITER_MATCH": true, "LN_total_sec": 923, "LN_H_sec": 421, "LN_M_sec": 502, "LN_1839_sec": 436, "LN_estimada": 39, "LN_H_est": 18, "LN_M_est": 21, "LN_1839_est": 18, "rank_seccion": 4, "pct_acum_sec": 19.93, "prioridad_50": true, "prioridad_80": true, "rank_municipal": 48, "pct_acum_LN_mun": 15.93}}, {"type": "Feature", "geometry": {"type": "Polygon", "coordinates": [[[-97.62123368025281, 19.37870625976163], [-97.62142950988094, 19.378374379569816], [-97.62157559983109, 19.378473220235932], [-97.62143439965931, 19.378817109984553], [-97.62123368025281, 19.37870625976163]]]}, "properties": {"CVEGEO": "2110800010148016", "CVE_LOC": "0001", "AGEB": "0148", "MZA": "016", "SECCION": 2747, "POBTOT": 18, "P18YMAS": 11, "P18YMAS_H": 4, "P18YMAS_M": 7, "P18A24": 0, "ITER_MATCH": true, "LN_total_sec": 923, "LN_H_sec": 421, "LN_M_sec": 502, "LN_1839_sec": 436, "LN_estimada": 14, "LN_H_est": 7, "LN_M_est": 8, "LN_1839_est": 7, "rank_seccion": 28, "pct_acum_sec": 80.5, "prioridad_50": false, "prioridad_80": true, "rank_municipal": 470, "pct_acum_LN_mun": 79.64}}, {"type": "Feature", "geometry": {"type": "Polygon", "coordinates": [[[-97.62089688020446, 19.37904383003267], [-97.62060739970836, 19.378883049705056], [-97.62079731018271, 19.378552250340892], [-97.62112478032324, 19.378732980383795], [-97.62093781967884, 19.379066570345092], [-97.62089688020446, 19.37904383003267]]]}, "properties": {"CVEGEO": "2110800010148004", "CVE_LOC": "0001", "AGEB": "0148", "MZA": "004", "SECCION": 2747, "POBTOT": 12, "P18YMAS": 11, "P18YMAS_H": 5, "P18YMAS_M": 6, "P18A24": 0, "ITER_MATCH": true, "LN_total_sec": 923, "LN_H_sec": 421, "LN_M_sec": 502, "LN_1839_sec": 436, "LN_estimada": 14, "LN_H_est": 6, "LN_M_est": 8, "LN_1839_est": 7, "rank_seccion": 29, "pct_acum_sec": 82.02, "prioridad_50": false, "prioridad_80": false, "rank_municipal": 471, "pct_acum_LN_mun": 79.73}}, {"type": "Feature", "geometry": {"type": "Polygon", "coordinates": [[[-97.6203558503498, 19.378766649782353], [-97.62020245041467, 19.378692920169474], [-97.6201703800197, 19.3786775101509], [-97.62037023004947, 19.37834174978995], [-97.62072225031177, 19.37851382042862], [-97.62054325016975, 19.378856709804417], [-97.6203558503498, 19.378766649782353]]]}, "properties": {"CVEGEO": "2110800010148003", "CVE_LOC": "0001", "AGEB": "0148", "MZA": "003", "SECCION": 2747, "POBTOT": 20, "P18YMAS": 14, "P18YMAS_H": 6, "P18YMAS_M": 8, "P18A24": 0, "ITER_MATCH": true, "LN_total_sec": 923, "LN_H_sec": 421, "LN_M_sec": 502, "LN_1839_sec": 436, "LN_estimada": 18, "LN_H_est": 8, "LN_M_est": 10, "LN_1839_est": 9, "rank_seccion": 23, "pct_acum_sec": 71.94, "prioridad_50": false, "prioridad_80": true, "rank_municipal": 309, "pct_acum_LN_mun": 62.17}}, {"type": "Feature", "geometry": {"type": "Polygon", "coordinates": [[[-97.62022645963758, 19.379210400398634], [-97.6200502796443, 19.379124679579476], [-97.62007748039561, 19.379008970441543], [-97.62009556988725, 19.378932090169783], [-97.62011365013716, 19.37885519966517], [-97.62014069039202, 19.37874025994825], [-97.6204887202327, 19.37892113970186], [-97.62031572046637, 19.379253830343014], [-97.62022645963758, 19.379210400398634]]]}, "properties": {"CVEGEO": "2110800010148002", "CVE_LOC": "0001", "AGEB": "0148", "MZA": "002", "SECCION": 2747, "POBTOT": 13, "P18YMAS": 10, "P18YMAS_H": 6, "P18YMAS_M": 4, "P18A24": 0, "ITER_MATCH": true, "LN_total_sec": 923, "LN_H_sec": 421, "LN_M_sec": 502, "LN_1839_sec": 436, "LN_estimada": 13, "LN_H_est": 6, "LN_M_est": 7, "LN_1839_est": 6, "rank_seccion": 34, "pct_acum_sec": 89.38, "prioridad_50": false, "prioridad_80": false, "rank_municipal": 572, "pct_acum_LN_mun": 88.68}}, {"type": "Feature", "geometry": {"type": "Polygon", "coordinates": [[[-97.61560610987284, 19.37003144955739], [-97.61620677987352, 19.370122980385823], [-97.61611948023341, 19.37030127968597], [-97.61560610987284, 19.37003144955739]]]}, "properties": {"CVEGEO": "2110800010097052", "CVE_LOC": "0001", "AGEB": "0097", "MZA": "052", "SECCION": 879, "POBTOT": 5, "P18YMAS": 0, "P18YMAS_H": 0, "P18YMAS_M": 0, "P18A24": 0, "ITER_MATCH": true, "LN_total_sec": 1640, "LN_H_sec": 768, "LN_M_sec": 872, "LN_1839_sec": 820, "LN_estimada": 0, "LN_H_est": 0, "LN_M_est": 0, "LN_1839_est": 0, "rank_seccion": 125, "pct_acum_sec": 100.0, "prioridad_50": false, "prioridad_80": false, "rank_municipal": 857, "pct_acum_LN_mun": 100.0}}, {"type": "Feature", "geometry": {"type": "Polygon", "coordinates": [[[-97.61479634045702, 19.372744170052638], [-97.61497183013083, 19.37187527983457], [-97.61516455010744, 19.371978940305524], [-97.61497524968168, 19.37231664998464], [-97.61493236983006, 19.37241443016777], [-97.61488823034976, 19.37251511043614], [-97.61479634045702, 19.372744170052638]]]}, "properties": {"CVEGEO": "2110800010097050", "CVE_LOC": "0001", "AGEB": "0097", "MZA": "050", "SECCION": 878, "POBTOT": 7, "P18YMAS": 4, "P18YMAS_H": 0, "P18YMAS_M": 3, "P18A24": 0, "ITER_MATCH": true, "LN_total_sec": 1218, "LN_H_sec": 568, "LN_M_sec": 650, "LN_1839_sec": 631, "LN_estimada": 6, "LN_H_est": 3, "LN_M_est": 3, "LN_1839_est": 3, "rank_seccion": 52, "pct_acum_sec": 100.0, "prioridad_50": false, "prioridad_80": false, "rank_municipal": 715, "pct_acum_LN_mun": 100.0}}, {"type": "Feature", "geometry": {"type": "Polygon", "coordinates": [[[-97.61806326032716, 19.370877199670016], [-97.61832630994664, 19.370425919725832], [-97.61866857009153, 19.370628620212898], [-97.61840903014372, 19.37105616961764], [-97.61806326032716, 19.370877199670016]]]}, "properties": {"CVEGEO": "2110800010097049", "CVE_LOC": "0001", "AGEB": "0097", "MZA": "049", "SECCION": 879, "POBTOT": 20, "P18YMAS": 13, "P18YMAS_H": 6, "P18YMAS_M": 7, "P18A24": 0, "ITER_MATCH": true, "LN_total_sec": 1640, "LN_H_sec": 768, "LN_M_sec": 872, "LN_1839_sec": 820, "LN_estimada": 18, "LN_H_est": 8, "LN_M_est": 10, "LN_1839_est": 9, "rank_seccion": 44, "pct_acum_sec": 72.56, "prioridad_50": false, "prioridad_80": true, "rank_municipal": 310, "pct_acum_LN_mun": 62.29}}, {"type": "Feature", "geometry": {"type": "Polygon", "coordinates": [[[-97.61535596958734, 19.373567779706534], [-97.61540709017837, 19.373485780028087], [-97.61557448966241, 19.373217229911617], [-97.61596481980963, 19.373411799815152], [-97.61581987985126, 19.373653019712734], [-97.61575848963385, 19.37375518017957], [-97.61535596958734, 19.373567779706534]]]}, "properties": {"CVEGEO": "2110800010097037", "CVE_LOC": "0001", "AGEB": "0097", "MZA": "037", "SECCION": 878, "POBTOT": 25, "P18YMAS": 19, "P18YMAS_H": 8, "P18YMAS_M": 11, "P18A24": 3, "ITER_MATCH": true, "LN_total_sec": 1218, "LN_H_sec": 568, "LN_M_sec": 650, "LN_1839_sec": 631, "LN_estimada": 27, "LN_H_est": 12, "LN_M_est": 14, "LN_1839_est": 14, "rank_seccion": 18, "pct_acum_sec": 54.11, "prioridad_50": false, "prioridad_80": true, "rank_municipal": 150, "pct_acum_LN_mun": 38.07}}, {"type": "Feature", "geometry": {"type": "Polygon", "coordinates": [[[-97.61582172028808, 19.373797339708048], [-97.61602723011332, 19.37344861955867], [-97.61637135041384, 19.373636819819986], [-97.61619455014292, 19.373958650318592], [-97.61617453998771, 19.37399507963657], [-97.61582172028808, 19.373797339708048]]]}, "properties": {"CVEGEO": "2110800010097036", "CVE_LOC": "0001", "AGEB": "0097", "MZA": "036", "SECCION": 878, "POBTOT": 38, "P18YMAS": 23, "P18YMAS_H": 10, "P18YMAS_M": 13, "P18A24": 4, "ITER_MATCH": true, "LN_total_sec": 1218, "LN_H_sec": 568, "LN_M_sec": 650, "LN_1839_sec": 631, "LN_estimada": 32, "LN_H_est": 15, "LN_M_est": 17, "LN_1839_est": 17, "rank_seccion": 10, "pct_acum_sec": 34.24, "prioridad_50": true, "prioridad_80": true, "rank_municipal": 89, "pct_acum_LN_mun": 25.7}}, {"type": "Feature", "geometry": {"type": "Polygon", "coordinates": [[[-97.6162315204026, 19.374024600428825], [-97.61643639984412, 19.373675829638334], [-97.61679242025794, 19.373855549794445], [-97.61658580010953, 19.37421100044077], [-97.6162315204026, 19.374024600428825]]]}, "properties": {"CVEGEO": "2110800010097035", "CVE_LOC": "0001", "AGEB": "0097", "MZA": "035", "SECCION": 878, "POBTOT": 24, "P18YMAS": 16, "P18YMAS_H": 5, "P18YMAS_M": 11, "P18A24": 0, "ITER_MATCH": true, "LN_total_sec": 1218, "LN_H_sec": 568, "LN_M_sec": 650, "LN_1839_sec": 631, "LN_estimada": 23, "LN_H_est": 11, "LN_M_est": 12, "LN_1839_est": 12, "rank_seccion": 23, "pct_acum_sec": 64.53, "prioridad_50": false, "prioridad_80": true, "rank_municipal": 203, "pct_acum_LN_mun": 47.07}}, {"type": "Feature", "geometry": {"type": "Polygon", "coordinates": [[[-97.61763846037431, 19.371611860205803], [-97.61777668999409, 19.3713705098896], [-97.61783663005637, 19.371265849719283], [-97.6181869102157, 19.37145523021743], [-97.61798574012757, 19.371801280175905], [-97.61763846037431, 19.371611860205803]]]}, "properties": {"CVEGEO": "2110800010097034", "CVE_LOC": "0001", "AGEB": "0097", "MZA": "034", "SECCION": 879, "POBTOT": 36, "P18YMAS": 21, "P18YMAS_H": 10, "P18YMAS_M": 11, "P18A24": 4, "ITER_MATCH": true, "LN_total_sec": 1640, "LN_H_sec": 768, "LN_M_sec": 872, "LN_1839_sec": 820, "LN_estimada": 29, "LN_H_est": 14, "LN_M_est": 16, "LN_1839_est": 15, "rank_seccion": 13, "pct_acum_sec": 27.07, "prioridad_50": true, "prioridad_80": true, "rank_municipal": 134, "pct_acum_LN_mun": 35.02}}, {"type": "Feature", "geometry": {"type": "Polygon", "coordinates": [[[-97.61596020022117, 19.370732979653894], [-97.61614989034608, 19.37038211032795], [-97.61652517022512, 19.370577370065508], [-97.61643691985151, 19.3707288597109], [-97.61632236990486, 19.37092552015788], [-97.61596020022117, 19.370732979653894]]]}, "properties": {"CVEGEO": "2110800010097030", "CVE_LOC": "0001", "AGEB": "0097", "MZA": "030", "SECCION": 879, "POBTOT": 37, "P18YMAS": 24, "P18YMAS_H": 11, "P18YMAS_M": 13, "P18A24": 5, "ITER_MATCH": true, "LN_total_sec": 1640, "LN_H_sec": 768, "LN_M_sec": 872, "LN_1839_sec": 820, "LN_estimada": 33, "LN_H_est": 16, "LN_M_est": 18, "LN_1839_est": 17, "rank_seccion": 8, "pct_acum_sec": 17.68, "prioridad_50": true, "prioridad_80": true, "rank_municipal": 80, "pct_acum_LN_mun": 23.73}}, {"type": "Feature", "geometry": {"type": "Polygon", "coordinates": [[[-97.61717788016131, 19.372416579901763], [-97.61737305027155, 19.37207202979362], [-97.61757955027305, 19.37218085985737], [-97.61771644983168, 19.372253020120528], [-97.61752198035242, 19.37259428007247], [-97.61717788016131, 19.372416579901763]]]}, "properties": {"CVEGEO": "2110800010097018", "CVE_LOC": "0001", "AGEB": "0097", "MZA": "018", "SECCION": 879, "POBTOT": 31, "P18YMAS": 20, "P18YMAS_H": 9, "P18YMAS_M": 11, "P18A24": 0, "ITER_MATCH": true, "LN_total_sec": 1640, "LN_H_sec": 768, "LN_M_sec": 872, "LN_1839_sec": 820, "LN_estimada": 28, "LN_H_est": 13, "LN_M_est": 15, "LN_1839_est": 14, "rank_seccion": 18, "pct_acum_sec": 35.73, "prioridad_50": true, "prioridad_80": true, "rank_municipal": 143, "pct_acum_LN_mun": 36.76}}, {"type": "Feature", "geometry": {"type": "Polygon", "coordinates": [[[-97.61739809020274, 19.37202658019108], [-97.61761350967343, 19.3716600596216], [-97.61795323025943, 19.371856749740694], [-97.61779344972584, 19.372126370353936], [-97.61774494033311, 19.372208219807703], [-97.61739809020274, 19.37202658019108]]]}, "properties": {"CVEGEO": "2110800010097017", "CVE_LOC": "0001", "AGEB": "0097", "MZA": "017", "SECCION": 879, "POBTOT": 13, "P18YMAS": 10, "P18YMAS_H": 6, "P18YMAS_M": 4, "P18A24": 5, "ITER_MATCH": true, "LN_total_sec": 1640, "LN_H_sec": 768, "LN_M_sec": 872, "LN_1839_sec": 820, "LN_estimada": 14, "LN_H_est": 7, "LN_M_est": 7, "LN_1839_est": 7, "rank_seccion": 61, "pct_acum_sec": 89.02, "prioridad_50": false, "prioridad_80": false, "rank_municipal": 472, "pct_acum_LN_mun": 79.83}}, {"type": "Feature", "geometry": {"type": "Polygon", "coordinates": [[[-97.61698136972338, 19.371808290201326], [-97.61718683008962, 19.3714388003225], [-97.61755448993644, 19.3716331803311], [-97.61733717988339, 19.371995860048393], [-97.61698136972338, 19.371808290201326]]]}, "properties": {"CVEGEO": "2110800010097016", "CVE_LOC": "0001", "AGEB": "0097", "MZA": "016", "SECCION": 879, "POBTOT": 24, "P18YMAS": 16, "P18YMAS_H": 8, "P18YMAS_M": 8, "P18A24": 4, "ITER_MATCH": true, "LN_total_sec": 1640, "LN_H_sec": 768, "LN_M_sec": 872, "LN_1839_sec": 820, "LN_estimada": 22, "LN_H_est": 10, "LN_M_est": 12, "LN_1839_est": 11, "rank_seccion": 34, "pct_acum_sec": 60.3, "prioridad_50": false, "prioridad_80": true, "rank_municipal": 236, "pct_acum_LN_mun": 52.01}}, {"type": "Feature", "geometry": {"type": "Polygon", "coordinates": [[[-97.61657097985203, 19.37159340038098], [-97.61678310959202, 19.371236019784657], [-97.61686831046113, 19.371280800267687], [-97.61712862018496, 19.371417649966986], [-97.61692444971798, 19.371780120177338], [-97.61657097985203, 19.37159340038098]]]}, "properties": {"CVEGEO": "2110800010097015", "CVE_LOC": "0001", "AGEB": "0097", "MZA": "015", "SECCION": 879, "POBTOT": 27, "P18YMAS": 18, "P18YMAS_H": 9, "P18YMAS_M": 9, "P18A24": 6, "ITER_MATCH": true, "LN_total_sec": 1640, "LN_H_sec": 768, "LN_M_sec": 872, "LN_1839_sec": 820, "LN_estimada": 25, "LN_H_est": 12, "LN_M_est": 13, "LN_1839_est": 13, "rank_seccion": 25, "pct_acum_sec": 46.95, "prioridad_50": true, "prioridad_80": true, "rank_municipal": 176, "pct_acum_LN_mun": 42.66}}, {"type": "Feature", "geometry": {"type": "Polygon", "coordinates": [[[-97.56695817028279, 19.28183969039539], [-97.5666978896369, 19.28266086024594], [-97.56651111995389, 19.282567219753513], [-97.56624052004936, 19.282435889967573], [-97.56595199988041, 19.282296109764207], [-97.56605734990617, 19.281886059555863], [-97.56695817028279, 19.28183969039539]]]}, "properties": {"CVEGEO": "2110800350133021", "CVE_LOC": "0035", "AGEB": "0133", "MZA": "021", "SECCION": 882, "POBTOT": 0, "P18YMAS": 0, "P18YMAS_H": 0, "P18YMAS_M": 0, "P18A24": 0, "ITER_MATCH": false, "LN_total_sec": 2061, "LN_H_sec": 985, "LN_M_sec": 1076, "LN_1839_sec": 1194, "LN_estimada": 13, "LN_H_est": 6, "LN_M_est": 7, "LN_1839_est": 7, "rank_seccion": 80, "pct_acum_sec": 50.46, "prioridad_50": true, "prioridad_80": true, "rank_municipal": 573, "pct_acum_LN_mun": 88.77}}, {"type": "Feature", "geometry": {"type": "Polygon", "coordinates": [[[-97.56935310975081, 19.284003319853724], [-97.56859885957603, 19.2836500897237], [-97.56862036951898, 19.28358212038842], [-97.56952289038077, 19.283583340221618], [-97.56935310975081, 19.284003319853724]]]}, "properties": {"CVEGEO": "2110800350133020", "CVE_LOC": "0035", "AGEB": "0133", "MZA": "020", "SECCION": 882, "POBTOT": 0, "P18YMAS": 0, "P18YMAS_H": 0, "P18YMAS_M": 0, "P18A24": 0, "ITER_MATCH": false, "LN_total_sec": 2061, "LN_H_sec": 985, "LN_M_sec": 1076, "LN_1839_sec": 1194, "LN_estimada": 13, "LN_H_est": 6, "LN_M_est": 7, "LN_1839_est": 7, "rank_seccion": 81, "pct_acum_sec": 51.09, "prioridad_50": false, "prioridad_80": true, "rank_municipal": 574, "pct_acum_LN_mun": 88.86}}, {"type": "Feature", "geometry": {"type": "Polygon", "coordinates": [[[-97.56926448014005, 19.280830259877728], [-97.56902427974914, 19.28169745009241], [-97.56808745956657, 19.28172494997518], [-97.56831369017267, 19.280857920160425], [-97.56875991958344, 19.280844819895837], [-97.56926448014005, 19.280830259877728]]]}, "properties": {"CVEGEO": "2110800350133003", "CVE_LOC": "0035", "AGEB": "0133", "MZA": "003", "SECCION": 882, "POBTOT": 0, "P18YMAS": 0, "P18YMAS_H": 0, "P18YMAS_M": 0, "P18A24": 0, "ITER_MATCH": false, "LN_total_sec": 2061, "LN_H_sec": 985, "LN_M_sec": 1076, "LN_1839_sec": 1194, "LN_estimada": 13, "LN_H_est": 6, "LN_M_est": 7, "LN_1839_est": 7, "rank_seccion": 82, "pct_acum_sec": 51.72, "prioridad_50": false, "prioridad_80": true, "rank_municipal": 575, "pct_acum_LN_mun": 88.95}}, {"type": "Feature", "geometry": {"type": "Polygon", "coordinates": [[[-97.56879967992334, 19.28264554990266], [-97.56783318032363, 19.282682309698902], [-97.56807262961257, 19.281793739595987], [-97.56900415030272, 19.281766800232848], [-97.56879967992334, 19.28264554990266]]]}, "properties": {"CVEGEO": "2110800350133002", "CVE_LOC": "0035", "AGEB": "0133", "MZA": "002", "SECCION": 882, "POBTOT": 0, "P18YMAS": 0, "P18YMAS_H": 0, "P18YMAS_M": 0, "P18A24": 0, "ITER_MATCH": false, "LN_total_sec": 2061, "LN_H_sec": 985, "LN_M_sec": 1076, "LN_1839_sec": 1194, "LN_estimada": 13, "LN_H_est": 6, "LN_M_est": 7, "LN_1839_est": 7, "rank_seccion": 83, "pct_acum_sec": 52.35, "prioridad_50": false, "prioridad_80": true, "rank_municipal": 576, "pct_acum_LN_mun": 89.03}}, {"type": "Feature", "geometry": {"type": "Polygon", "coordinates": [[[-97.61523887965875, 19.371952179876658], [-97.61544122002594, 19.37156586002372], [-97.61580712028986, 19.371763539629946], [-97.61565131973029, 19.372037909662506], [-97.61559883039124, 19.372130310044568], [-97.61523887965875, 19.371952179876658]]]}, "properties": {"CVEGEO": "2110800010097011", "CVE_LOC": "0001", "AGEB": "0097", "MZA": "011", "SECCION": 878, "POBTOT": 37, "P18YMAS": 26, "P18YMAS_H": 13, "P18YMAS_M": 13, "P18A24": 6, "ITER_MATCH": true, "LN_total_sec": 1218, "LN_H_sec": 568, "LN_M_sec": 650, "LN_1839_sec": 631, "LN_estimada": 37, "LN_H_est": 17, "LN_M_est": 20, "LN_1839_est": 19, "rank_seccion": 7, "pct_acum_sec": 26.03, "prioridad_50": true, "prioridad_80": true, "rank_municipal": 58, "pct_acum_LN_mun": 18.52}}, {"type": "Feature", "geometry": {"type": "Polygon", "coordinates": [[[-97.5661195101035, 19.28138748024121], [-97.56597085026596, 19.281833340031376], [-97.56510143037917, 19.281842829805235], [-97.56514982954734, 19.281417000304337], [-97.56521148028213, 19.281007259839917], [-97.56625618012701, 19.280941489616975], [-97.5661195101035, 19.28138748024121]]]}, "properties": {"CVEGEO": "2110800350133028", "CVE_LOC": "0035", "AGEB": "0133", "MZA": "028", "SECCION": 882, "POBTOT": 0, "P18YMAS": 0, "P18YMAS_H": 0, "P18YMAS_M": 0, "P18A24": 0, "ITER_MATCH": false, "LN_total_sec": 2061, "LN_H_sec": 985, "LN_M_sec": 1076, "LN_1839_sec": 1194, "LN_estimada": 13, "LN_H_est": 6, "LN_M_est": 7, "LN_1839_est": 7, "rank_seccion": 84, "pct_acum_sec": 52.98, "prioridad_50": false, "prioridad_80": true, "rank_municipal": 577, "pct_acum_LN_mun": 89.12}}, {"type": "Feature", "geometry": {"type": "Polygon", "coordinates": [[[-97.56585841981018, 19.282251400445706], [-97.5651603503032, 19.281912619914696], [-97.56595530989884, 19.281906179666034], [-97.56585841981018, 19.282251400445706]]]}, "properties": {"CVEGEO": "2110800350133027", "CVE_LOC": "0035", "AGEB": "0133", "MZA": "027", "SECCION": 882, "POBTOT": 0, "P18YMAS": 0, "P18YMAS_H": 0, "P18YMAS_M": 0, "P18A24": 0, "ITER_MATCH": false, "LN_total_sec": 2061, "LN_H_sec": 985, "LN_M_sec": 1076, "LN_1839_sec": 1194, "LN_estimada": 13, "LN_H_est": 6, "LN_M_est": 7, "LN_1839_est": 7, "rank_seccion": 85, "pct_acum_sec": 53.61, "prioridad_50": false, "prioridad_80": true, "rank_municipal": 578, "pct_acum_LN_mun": 89.21}}, {"type": "Feature", "geometry": {"type": "Polygon", "coordinates": [[[-97.57082437027015, 19.282566739817497], [-97.56989549044238, 19.282580980349373], [-97.57014459989551, 19.281711799955982], [-97.57106511956086, 19.281683599832743], [-97.57082437027015, 19.282566739817497]]]}, "properties": {"CVEGEO": "2110800350133006", "CVE_LOC": "0035", "AGEB": "0133", "MZA": "006", "SECCION": 882, "POBTOT": 0, "P18YMAS": 0, "P18YMAS_H": 0, "P18YMAS_M": 0, "P18A24": 0, "ITER_MATCH": false, "LN_total_sec": 2061, "LN_H_sec": 985, "LN_M_sec": 1076, "LN_1839_sec": 1194, "LN_estimada": 13, "LN_H_est": 6, "LN_M_est": 7, "LN_1839_est": 7, "rank_seccion": 86, "pct_acum_sec": 54.25, "prioridad_50": false, "prioridad_80": true, "rank_municipal": 579, "pct_acum_LN_mun": 89.3}}, {"type": "Feature", "geometry": {"type": "Polygon", "coordinates": [[[-97.57042072005999, 19.280761970108152], [-97.57134350985173, 19.280747430295396], [-97.57121618036051, 19.28116649039368], [-97.57110002999927, 19.281610079997318], [-97.57017094984502, 19.28163554955998], [-97.57042072005999, 19.280761970108152]]]}, "properties": {"CVEGEO": "2110800350133005", "CVE_LOC": "0035", "AGEB": "0133", "MZA": "005", "SECCION": 882, "POBTOT": 0, "P18YMAS": 0, "P18YMAS_H": 0, "P18YMAS_M": 0, "P18A24": 0, "ITER_MATCH": false, "LN_total_sec": 2061, "LN_H_sec": 985, "LN_M_sec": 1076, "LN_1839_sec": 1194, "LN_estimada": 13, "LN_H_est": 6, "LN_M_est": 7, "LN_1839_est": 7, "rank_seccion": 87, "pct_acum_sec": 54.88, "prioridad_50": false, "prioridad_80": true, "rank_municipal": 580, "pct_acum_LN_mun": 89.38}}, {"type": "Feature", "geometry": {"type": "Polygon", "coordinates": [[[-97.57033489016621, 19.28075988978148], [-97.57007265967933, 19.28164554955807], [-97.56912555036006, 19.281690509950955], [-97.56934267974407, 19.280816000423457], [-97.57033489016621, 19.28075988978148]]]}, "properties": {"CVEGEO": "2110800350133004", "CVE_LOC": "0035", "AGEB": "0133", "MZA": "004", "SECCION": 882, "POBTOT": 0, "P18YMAS": 0, "P18YMAS_H": 0, "P18YMAS_M": 0, "P18A24": 0, "ITER_MATCH": false, "LN_total_sec": 2061, "LN_H_sec": 985, "LN_M_sec": 1076, "LN_1839_sec": 1194, "LN_estimada": 13, "LN_H_est": 6, "LN_M_est": 7, "LN_1839_est": 7, "rank_seccion": 88, "pct_acum_sec": 55.51, "prioridad_50": false, "prioridad_80": true, "rank_municipal": 581, "pct_acum_LN_mun": 89.47}}, {"type": "Feature", "geometry": {"type": "Polygon", "coordinates": [[[-97.61868128984432, 19.371648019558922], [-97.61885042983106, 19.371353080086404], [-97.61921742963087, 19.37154105960202], [-97.61903931963468, 19.371856879610437], [-97.61868128984432, 19.371648019558922]]]}, "properties": {"CVEGEO": "2110800010082028", "CVE_LOC": "0001", "AGEB": "0082", "MZA": "028", "SECCION": 879, "POBTOT": 33, "P18YMAS": 14, "P18YMAS_H": 7, "P18YMAS_M": 7, "P18A24": 5, "ITER_MATCH": true, "LN_total_sec": 1640, "LN_H_sec": 768, "LN_M_sec": 872, "LN_1839_sec": 820, "LN_estimada": 19, "LN_H_est": 9, "LN_M_est": 10, "LN_1839_est": 10, "rank_seccion": 40, "pct_acum_sec": 67.99, "prioridad_50": false, "prioridad_80": true, "rank_municipal": 297, "pct_acum_LN_mun": 60.64}}, {"type": "Feature", "geometry": {"type": "Polygon", "coordinates": [[[-97.64812885027298, 19.371032079680564], [-97.64805712029955, 19.37107922988663], [-97.64788426020019, 19.37110919964715], [-97.64752012027013, 19.37116415040235], [-97.64747671964751, 19.371156820108805], [-97.64744734958678, 19.371130999954577], [-97.64738177998869, 19.37108013992503], [-97.64726250969942, 19.370965799832668], [-97.64716990986332, 19.370880319974944], [-97.647411980098, 19.37043357030197], [-97.64770029001735, 19.37016347966385], [-97.6483670296584, 19.370715859738183], [-97.64812885027298, 19.371032079680564]]]}, "properties": {"CVEGEO": "211080008010A065", "CVE_LOC": "0008", "AGEB": "010A", "MZA": "065", "SECCION": 875, "POBTOT": 0, "P18YMAS": 0, "P18YMAS_H": 0, "P18YMAS_M": 0, "P18A24": 0, "ITER_MATCH": false, "LN_total_sec": 1680, "LN_H_sec": 825, "LN_M_sec": 855, "LN_1839_sec": 803, "LN_estimada": 0, "LN_H_est": 0, "LN_M_est": 0, "LN_1839_est": 0, "rank_seccion": 98, "pct_acum_sec": 100.0, "prioridad_50": false, "prioridad_80": false, "rank_municipal": 858, "pct_acum_LN_mun": 100.0}}, {"type": "Feature", "geometry": {"type": "Polygon", "coordinates": [[[-97.64723322959675, 19.369267219752583], [-97.64754293958299, 19.369498740342564], [-97.6472917701408, 19.369803170434302], [-97.6469750496443, 19.369548019574108], [-97.64723322959675, 19.369267219752583]]]}, "properties": {"CVEGEO": "211080008010A046", "CVE_LOC": "0008", "AGEB": "010A", "MZA": "046", "SECCION": 875, "POBTOT": 0, "P18YMAS": 0, "P18YMAS_H": 0, "P18YMAS_M": 0, "P18A24": 0, "ITER_MATCH": false, "LN_total_sec": 1680, "LN_H_sec": 825, "LN_M_sec": 855, "LN_1839_sec": 803, "LN_estimada": 0, "LN_H_est": 0, "LN_M_est": 0, "LN_1839_est": 0, "rank_seccion": 99, "pct_acum_sec": 100.0, "prioridad_50": false, "prioridad_80": false, "rank_municipal": 859, "pct_acum_LN_mun": 100.0}}, {"type": "Feature", "geometry": {"type": "Polygon", "coordinates": [[[-97.64972732043215, 19.370516259630467], [-97.64940487958792, 19.370286630018658], [-97.64964529028443, 19.369966140293997], [-97.64998526036689, 19.37022461967274], [-97.64972732043215, 19.370516259630467]]]}, "properties": {"CVEGEO": "211080008010A007", "CVE_LOC": "0008", "AGEB": "010A", "MZA": "007", "SECCION": 875, "POBTOT": 0, "P18YMAS": 0, "P18YMAS_H": 0, "P18YMAS_M": 0, "P18A24": 0, "ITER_MATCH": false, "LN_total_sec": 1680, "LN_H_sec": 825, "LN_M_sec": 855, "LN_1839_sec": 803, "LN_estimada": 0, "LN_H_est": 0, "LN_M_est": 0, "LN_1839_est": 0, "rank_seccion": 100, "pct_acum_sec": 100.0, "prioridad_50": false, "prioridad_80": false, "rank_municipal": 860, "pct_acum_LN_mun": 100.0}}, {"type": "Feature", "geometry": {"type": "Polygon", "coordinates": [[[-97.63884435039411, 19.409034849993738], [-97.63872611012708, 19.409166879761326], [-97.6386029799017, 19.409307179770646], [-97.63828153987937, 19.40904842996947], [-97.63852844989529, 19.4087721501211], [-97.63884435039411, 19.409034849993738]]]}, "properties": {"CVEGEO": "211080005010A039", "CVE_LOC": "0005", "AGEB": "010A", "MZA": "039", "SECCION": 876, "POBTOT": 0, "P18YMAS": 0, "P18YMAS_H": 0, "P18YMAS_M": 0, "P18A24": 0, "ITER_MATCH": false, "LN_total_sec": 1428, "LN_H_sec": 662, "LN_M_sec": 766, "LN_1839_sec": 812, "LN_estimada": 16, "LN_H_est": 7, "LN_M_est": 8, "LN_1839_est": 9, "rank_seccion": 56, "pct_acum_sec": 63.03, "prioridad_50": false, "prioridad_80": true, "rank_municipal": 402, "pct_acum_LN_mun": 72.52}}, {"type": "Feature", "geometry": {"type": "Polygon", "coordinates": [[[-97.63816972005878, 19.409058140299226], [-97.63802582013003, 19.40924101966165], [-97.63791140012017, 19.409365480056973], [-97.63759864955132, 19.40910991997351], [-97.63786779960445, 19.408820999826002], [-97.63816972005878, 19.409058140299226]]]}, "properties": {"CVEGEO": "211080005010A021", "CVE_LOC": "0005", "AGEB": "010A", "MZA": "021", "SECCION": 876, "POBTOT": 0, "P18YMAS": 0, "P18YMAS_H": 0, "P18YMAS_M": 0, "P18A24": 0, "ITER_MATCH": false, "LN_total_sec": 1428, "LN_H_sec": 662, "LN_M_sec": 766, "LN_1839_sec": 812, "LN_estimada": 16, "LN_H_est": 7, "LN_M_est": 8, "LN_1839_est": 9, "rank_seccion": 57, "pct_acum_sec": 64.15, "prioridad_50": false, "prioridad_80": true, "rank_municipal": 403, "pct_acum_LN_mun": 72.63}}, {"type": "Feature", "geometry": {"type": "Polygon", "coordinates": [[[-97.63646416958646, 19.40705687998576], [-97.6363541099796, 19.406973580162386], [-97.63667185968013, 19.406611019764593], [-97.63701153967212, 19.40685010995616], [-97.63667204975218, 19.40720311984333], [-97.63656974042692, 19.40712659998547], [-97.63646416958646, 19.40705687998576]]]}, "properties": {"CVEGEO": "211080005010A017", "CVE_LOC": "0005", "AGEB": "010A", "MZA": "017", "SECCION": 876, "POBTOT": 0, "P18YMAS": 0, "P18YMAS_H": 0, "P18YMAS_M": 0, "P18A24": 0, "ITER_MATCH": false, "LN_total_sec": 1428, "LN_H_sec": 662, "LN_M_sec": 766, "LN_1839_sec": 812, "LN_estimada": 16, "LN_H_est": 7, "LN_M_est": 8, "LN_1839_est": 9, "rank_seccion": 58, "pct_acum_sec": 65.27, "prioridad_50": false, "prioridad_80": true, "rank_municipal": 404, "pct_acum_LN_mun": 72.74}}, {"type": "Feature", "geometry": {"type": "Polygon", "coordinates": [[[-97.53590767986586, 19.34132694965808], [-97.53516985986533, 19.340804779691833], [-97.5356218204299, 19.34021165981118], [-97.53575624993834, 19.340305539877075], [-97.53640379962467, 19.34077582034805], [-97.53590767986586, 19.34132694965808]]]}, "properties": {"CVEGEO": "2110800030114043", "CVE_LOC": "0003", "AGEB": "0114", "MZA": "043", "SECCION": 881, "POBTOT": 0, "P18YMAS": 0, "P18YMAS_H": 0, "P18YMAS_M": 0, "P18A24": 0, "ITER_MATCH": false, "LN_total_sec": 1115, "LN_H_sec": 551, "LN_M_sec": 564, "LN_1839_sec": 548, "LN_estimada": 22, "LN_H_est": 11, "LN_M_est": 11, "LN_1839_est": 11, "rank_seccion": 25, "pct_acum_sec": 49.33, "prioridad_50": true, "prioridad_80": true, "rank_municipal": 237, "pct_acum_LN_mun": 52.16}}, {"type": "Feature", "geometry": {"type": "Polygon", "coordinates": [[[-97.62096922995039, 19.37547717017085], [-97.62115665018729, 19.375131459554165], [-97.62132982035122, 19.37522108960623], [-97.621527370001, 19.375323350286017], [-97.62148177014654, 19.375395250152497], [-97.62143454991033, 19.375469689842205], [-97.62141093975079, 19.3755069400468], [-97.62133840036685, 19.375621279577043], [-97.62131650956754, 19.375655819696586], [-97.62131488029226, 19.375658370144503], [-97.62096922995039, 19.37547717017085]]]}, "properties": {"CVEGEO": "2110800010152013", "CVE_LOC": "0001", "AGEB": "0152", "MZA": "013", "SECCION": 2747, "POBTOT": 23, "P18YMAS": 18, "P18YMAS_H": 6, "P18YMAS_M": 12, "P18A24": 3, "ITER_MATCH": true, "LN_total_sec": 923, "LN_H_sec": 421, "LN_M_sec": 502, "LN_1839_sec": 436, "LN_estimada": 23, "LN_H_est": 11, "LN_M_est": 13, "LN_1839_est": 11, "rank_seccion": 15, "pct_acum_sec": 54.93, "prioridad_50": false, "prioridad_80": true, "rank_municipal": 204, "pct_acum_LN_mun": 47.23}}, {"type": "Feature", "geometry": {"type": "Polygon", "coordinates": [[[-97.62100396997805, 19.379092920032782], [-97.62118417974307, 19.3787581200825], [-97.62139312008647, 19.37888699992822], [-97.62125174026136, 19.379217509969322], [-97.62100396997805, 19.379092920032782]]]}, "properties": {"CVEGEO": "2110800010148005", "CVE_LOC": "0001", "AGEB": "0148", "MZA": "005", "SECCION": 2747, "POBTOT": 15, "P18YMAS": 9, "P18YMAS_H": 0, "P18YMAS_M": 8, "P18A24": 0, "ITER_MATCH": true, "LN_total_sec": 923, "LN_H_sec": 421, "LN_M_sec": 502, "LN_1839_sec": 436, "LN_estimada": 12, "LN_H_est": 5, "LN_M_est": 6, "LN_1839_est": 6, "rank_seccion": 37, "pct_acum_sec": 93.5, "prioridad_50": false, "prioridad_80": false, "rank_municipal": 649, "pct_acum_LN_mun": 95.38}}, {"type": "Feature", "geometry": {"type": "Polygon", "coordinates": [[[-97.61495085965745, 19.37335249002036], [-97.61515720029387, 19.372998280020305], [-97.61550754034533, 19.373184289859974], [-97.6152941799491, 19.373537309616623], [-97.61495085965745, 19.37335249002036]]]}, "properties": {"CVEGEO": "2110800010097038", "CVE_LOC": "0001", "AGEB": "0097", "MZA": "038", "SECCION": 878, "POBTOT": 19, "P18YMAS": 9, "P18YMAS_H": 4, "P18YMAS_M": 5, "P18A24": 0, "ITER_MATCH": true, "LN_total_sec": 1218, "LN_H_sec": 568, "LN_M_sec": 650, "LN_1839_sec": 631, "LN_estimada": 13, "LN_H_est": 6, "LN_M_est": 7, "LN_1839_est": 7, "rank_seccion": 43, "pct_acum_sec": 92.28, "prioridad_50": false, "prioridad_80": false, "rank_municipal": 582, "pct_acum_LN_mun": 89.56}}, {"type": "Feature", "geometry": {"type": "Polygon", "coordinates": [[[-97.61694632000194, 19.372823629896846], [-97.61698742000452, 19.372752599835557], [-97.61715130961908, 19.372469249659353], [-97.61737657029123, 19.37258645989567], [-97.6174887699551, 19.372644860245263], [-97.61743223024338, 19.372738509703876], [-97.6172828200739, 19.37298601997615], [-97.6172709198375, 19.373005720081697], [-97.61694632000194, 19.372823629896846]]]}, "properties": {"CVEGEO": "2110800010097019", "CVE_LOC": "0001", "AGEB": "0097", "MZA": "019", "SECCION": 878, "POBTOT": 19, "P18YMAS": 13, "P18YMAS_H": 7, "P18YMAS_M": 6, "P18A24": 4, "ITER_MATCH": true, "LN_total_sec": 1218, "LN_H_sec": 568, "LN_M_sec": 650, "LN_1839_sec": 631, "LN_estimada": 18, "LN_H_est": 9, "LN_M_est": 10, "LN_1839_est": 9, "rank_seccion": 27, "pct_acum_sec": 71.51, "prioridad_50": false, "prioridad_80": true, "rank_municipal": 311, "pct_acum_LN_mun": 62.41}}, {"type": "Feature", "geometry": {"type": "Polygon", "coordinates": [[[-97.6199111998595, 19.37443479958999], [-97.61992751019089, 19.37440540021024], [-97.62009899987463, 19.374096320025075], [-97.62046969038572, 19.374290740276532], [-97.62027298010419, 19.374624599670234], [-97.6199111998595, 19.37443479958999]]]}, "properties": {"CVEGEO": "2110800010082055", "CVE_LOC": "0001", "AGEB": "0082", "MZA": "055", "SECCION": 878, "POBTOT": 11, "P18YMAS": 10, "P18YMAS_H": 5, "P18YMAS_M": 5, "P18A24": 0, "ITER_MATCH": true, "LN_total_sec": 1218, "LN_H_sec": 568, "LN_M_sec": 650, "LN_1839_sec": 631, "LN_estimada": 14, "LN_H_est": 7, "LN_M_est": 8, "LN_1839_est": 7, "rank_seccion": 40, "pct_acum_sec": 88.92, "prioridad_50": false, "prioridad_80": false, "rank_municipal": 473, "pct_acum_LN_mun": 79.92}}, {"type": "Feature", "geometry": {"type": "Polygon", "coordinates": [[[-97.62126530984163, 19.373001490136474], [-97.62139651983155, 19.37278793969786], [-97.62142434962263, 19.372794740126704], [-97.6213733098892, 19.373063579862333], [-97.62126530984163, 19.373001490136474]]]}, "properties": {"CVEGEO": "2110800010082036", "CVE_LOC": "0001", "AGEB": "0082", "MZA": "036", "SECCION": 879, "POBTOT": 4, "P18YMAS": 0, "P18YMAS_H": 0, "P18YMAS_M": 0, "P18A24": 0, "ITER_MATCH": true, "LN_total_sec": 1640, "LN_H_sec": 768, "LN_M_sec": 872, "LN_1839_sec": 820, "LN_estimada": 0, "LN_H_est": 0, "LN_M_est": 0, "LN_1839_est": 0, "rank_seccion": 126, "pct_acum_sec": 100.0, "prioridad_50": false, "prioridad_80": false, "rank_municipal": 861, "pct_acum_LN_mun": 100.0}}, {"type": "Feature", "geometry": {"type": "Polygon", "coordinates": [[[-97.62152341997269, 19.371577909869075], [-97.62170218007287, 19.37123637964698], [-97.62175480031937, 19.371259740006696], [-97.62171966022069, 19.37168576969715], [-97.62152341997269, 19.371577909869075]]]}, "properties": {"CVEGEO": "2110800010082035", "CVE_LOC": "0001", "AGEB": "0082", "MZA": "035", "SECCION": 879, "POBTOT": 7, "P18YMAS": 0, "P18YMAS_H": 0, "P18YMAS_M": 0, "P18A24": 0, "ITER_MATCH": true, "LN_total_sec": 1640, "LN_H_sec": 768, "LN_M_sec": 872, "LN_1839_sec": 820, "LN_estimada": 0, "LN_H_est": 0, "LN_M_est": 0, "LN_1839_est": 0, "rank_seccion": 127, "pct_acum_sec": 100.0, "prioridad_50": false, "prioridad_80": false, "rank_municipal": 862, "pct_acum_LN_mun": 100.0}}, {"type": "Feature", "geometry": {"type": "Polygon", "coordinates": [[[-97.6224870302545, 19.373686630121252], [-97.62257731977493, 19.373527680019954], [-97.62277068042779, 19.37342691980643], [-97.62303383001539, 19.373536889778926], [-97.62284468027433, 19.373878600002023], [-97.6224870302545, 19.373686630121252]]]}, "properties": {"CVEGEO": "2110800010078008", "CVE_LOC": "0001", "AGEB": "0078", "MZA": "008", "SECCION": 880, "POBTOT": 16, "P18YMAS": 13, "P18YMAS_H": 8, "P18YMAS_M": 5, "P18A24": 3, "ITER_MATCH": true, "LN_total_sec": 1026, "LN_H_sec": 513, "LN_M_sec": 513, "LN_1839_sec": 467, "LN_estimada": 17, "LN_H_est": 9, "LN_M_est": 9, "LN_1839_est": 8, "rank_seccion": 30, "pct_acum_sec": 78.65, "prioridad_50": false, "prioridad_80": true, "rank_municipal": 326, "pct_acum_LN_mun": 64.19}}, {"type": "Feature", "geometry": {"type": "Polygon", "coordinates": [[[-97.62557511988317, 19.371674679612365], [-97.62536259974263, 19.37156302980487], [-97.62537721980334, 19.371486999983173], [-97.6258120897649, 19.37155622006028], [-97.62571635018386, 19.371748860348372], [-97.62557511988317, 19.371674679612365]]]}, "properties": {"CVEGEO": "2110800010063035", "CVE_LOC": "0001", "AGEB": "0063", "MZA": "035", "SECCION": 880, "POBTOT": 11, "P18YMAS": 0, "P18YMAS_H": 0, "P18YMAS_M": 0, "P18A24": 0, "ITER_MATCH": true, "LN_total_sec": 1026, "LN_H_sec": 513, "LN_M_sec": 513, "LN_1839_sec": 467, "LN_estimada": 0, "LN_H_est": 0, "LN_M_est": 0, "LN_1839_est": 0, "rank_seccion": 54, "pct_acum_sec": 100.0, "prioridad_50": false, "prioridad_80": false, "rank_municipal": 863, "pct_acum_LN_mun": 100.0}}, {"type": "Feature", "geometry": {"type": "Polygon", "coordinates": [[[-97.53661025029233, 19.33989837963847], [-97.53694537007286, 19.34013475031516], [-97.53645276971206, 19.340716649575832], [-97.53565751005574, 19.34016374979612], [-97.53612262960227, 19.339536540221346], [-97.53655479999082, 19.33985262968126], [-97.53661025029233, 19.33989837963847]]]}, "properties": {"CVEGEO": "2110800030114010", "CVE_LOC": "0003", "AGEB": "0114", "MZA": "010", "SECCION": 881, "POBTOT": 0, "P18YMAS": 0, "P18YMAS_H": 0, "P18YMAS_M": 0, "P18A24": 0, "ITER_MATCH": false, "LN_total_sec": 1115, "LN_H_sec": 551, "LN_M_sec": 564, "LN_1839_sec": 548, "LN_estimada": 22, "LN_H_est": 11, "LN_M_est": 11, "LN_1839_est": 11, "rank_seccion": 26, "pct_acum_sec": 51.3, "prioridad_50": true, "prioridad_80": true, "rank_municipal": 238, "pct_acum_LN_mun": 52.31}}, {"type": "Feature", "geometry": {"type": "Polygon", "coordinates": [[[-97.53672160001007, 19.341953659902487], [-97.53597227986462, 19.341384080444886], [-97.53647833974055, 19.340805399593542], [-97.53725946033988, 19.341391380019502], [-97.53672160001007, 19.341953659902487]]]}, "properties": {"CVEGEO": "2110800030114009", "CVE_LOC": "0003", "AGEB": "0114", "MZA": "009", "SECCION": 881, "POBTOT": 0, "P18YMAS": 0, "P18YMAS_H": 0, "P18YMAS_M": 0, "P18A24": 0, "ITER_MATCH": false, "LN_total_sec": 1115, "LN_H_sec": 551, "LN_M_sec": 564, "LN_1839_sec": 548, "LN_estimada": 22, "LN_H_est": 11, "LN_M_est": 11, "LN_1839_est": 11, "rank_seccion": 27, "pct_acum_sec": 53.27, "prioridad_50": false, "prioridad_80": true, "rank_municipal": 239, "pct_acum_LN_mun": 52.45}}, {"type": "Feature", "geometry": {"type": "Polygon", "coordinates": [[[-97.53807706028664, 19.341991029860793], [-97.53760990994677, 19.342581219631043], [-97.53678594965291, 19.341988629806576], [-97.53732246046388, 19.341433489951708], [-97.53807706028664, 19.341991029860793]]]}, "properties": {"CVEGEO": "2110800030114008", "CVE_LOC": "0003", "AGEB": "0114", "MZA": "008", "SECCION": 881, "POBTOT": 0, "P18YMAS": 0, "P18YMAS_H": 0, "P18YMAS_M": 0, "P18A24": 0, "ITER_MATCH": false, "LN_total_sec": 1115, "LN_H_sec": 551, "LN_M_sec": 564, "LN_1839_sec": 548, "LN_estimada": 22, "LN_H_est": 11, "LN_M_est": 11, "LN_1839_est": 11, "rank_seccion": 28, "pct_acum_sec": 55.25, "prioridad_50": false, "prioridad_80": true, "rank_municipal": 240, "pct_acum_LN_mun": 52.6}}, {"type": "Feature", "geometry": {"type": "Polygon", "coordinates": [[[-97.53845945956868, 19.34319154976914], [-97.53765977990794, 19.34261974029476], [-97.53812808981384, 19.34203273962603], [-97.53895239974341, 19.342590490152954], [-97.53845945956868, 19.34319154976914]]]}, "properties": {"CVEGEO": "2110800030114007", "CVE_LOC": "0003", "AGEB": "0114", "MZA": "007", "SECCION": 881, "POBTOT": 0, "P18YMAS": 0, "P18YMAS_H": 0, "P18YMAS_M": 0, "P18A24": 0, "ITER_MATCH": false, "LN_total_sec": 1115, "LN_H_sec": 551, "LN_M_sec": 564, "LN_1839_sec": 548, "LN_estimada": 22, "LN_H_est": 11, "LN_M_est": 11, "LN_1839_est": 11, "rank_seccion": 29, "pct_acum_sec": 57.22, "prioridad_50": false, "prioridad_80": true, "rank_municipal": 241, "pct_acum_LN_mun": 52.75}}, {"type": "Feature", "geometry": {"type": "Polygon", "coordinates": [[[-97.53898208969935, 19.34254269026034], [-97.53817068016363, 19.341991600234177], [-97.53869777975366, 19.341406350405727], [-97.53947168015443, 19.34193951033469], [-97.53898208969935, 19.34254269026034]]]}, "properties": {"CVEGEO": "2110800030114006", "CVE_LOC": "0003", "AGEB": "0114", "MZA": "006", "SECCION": 881, "POBTOT": 0, "P18YMAS": 0, "P18YMAS_H": 0, "P18YMAS_M": 0, "P18A24": 0, "ITER_MATCH": false, "LN_total_sec": 1115, "LN_H_sec": 551, "LN_M_sec": 564, "LN_1839_sec": 548, "LN_estimada": 22, "LN_H_est": 11, "LN_M_est": 11, "LN_1839_est": 11, "rank_seccion": 30, "pct_acum_sec": 59.19, "prioridad_50": false, "prioridad_80": true, "rank_municipal": 242, "pct_acum_LN_mun": 52.9}}, {"type": "Feature", "geometry": {"type": "Polygon", "coordinates": [[[-97.61124257020542, 19.380525680428754], [-97.61089202006046, 19.380358350262764], [-97.61108500005666, 19.380039200085985], [-97.61143311019852, 19.380209020317114], [-97.61124257020542, 19.380525680428754]]]}, "properties": {"CVEGEO": "2110800010171004", "CVE_LOC": "0001", "AGEB": "0171", "MZA": "004", "SECCION": 877, "POBTOT": 37, "P18YMAS": 21, "P18YMAS_H": 10, "P18YMAS_M": 11, "P18A24": 6, "ITER_MATCH": true, "LN_total_sec": 3745, "LN_H_sec": 1798, "LN_M_sec": 1947, "LN_1839_sec": 2000, "LN_estimada": 32, "LN_H_est": 15, "LN_M_est": 16, "LN_1839_est": 17, "rank_seccion": 42, "pct_acum_sec": 46.44, "prioridad_50": true, "prioridad_80": true, "rank_municipal": 90, "pct_acum_LN_mun": 25.92}}, {"type": "Feature", "geometry": {"type": "Polygon", "coordinates": [[[-97.61353625002346, 19.379479400059665], [-97.6135917098774, 19.379375659919795], [-97.61396785971073, 19.379575350403673], [-97.61381194967716, 19.37986504958706], [-97.61353625002346, 19.379479400059665]]]}, "properties": {"CVEGEO": "2110800010171067", "CVE_LOC": "0001", "AGEB": "0171", "MZA": "067", "SECCION": 877, "POBTOT": 4, "P18YMAS": 0, "P18YMAS_H": 0, "P18YMAS_M": 0, "P18A24": 0, "ITER_MATCH": true, "LN_total_sec": 3745, "LN_H_sec": 1798, "LN_M_sec": 1947, "LN_1839_sec": 2000, "LN_estimada": 0, "LN_H_est": 0, "LN_M_est": 0, "LN_1839_est": 0, "rank_seccion": 165, "pct_acum_sec": 100.0, "prioridad_50": false, "prioridad_80": false, "rank_municipal": 864, "pct_acum_LN_mun": 100.0}}, {"type": "Feature", "geometry": {"type": "Polygon", "coordinates": [[[-97.61298349015175, 19.38138837038061], [-97.6131794202926, 19.381053800168388], [-97.61354554007598, 19.381226199618595], [-97.61334547995067, 19.381580820161172], [-97.61298349015175, 19.38138837038061]]]}, "properties": {"CVEGEO": "2110800010167027", "CVE_LOC": "0001", "AGEB": "0167", "MZA": "027", "SECCION": 877, "POBTOT": 16, "P18YMAS": 9, "P18YMAS_H": 4, "P18YMAS_M": 5, "P18A24": 0, "ITER_MATCH": true, "LN_total_sec": 3745, "LN_H_sec": 1798, "LN_M_sec": 1947, "LN_1839_sec": 2000, "LN_estimada": 13, "LN_H_est": 7, "LN_M_est": 7, "LN_1839_est": 7, "rank_seccion": 123, "pct_acum_sec": 93.89, "prioridad_50": false, "prioridad_80": false, "rank_municipal": 583, "pct_acum_LN_mun": 89.65}}, {"type": "Feature", "geometry": {"type": "Polygon", "coordinates": [[[-97.6127366198037, 19.381803910337826], [-97.61293984995311, 19.3814711800905], [-97.61329894965345, 19.38164893972383], [-97.61312625978584, 19.381991709935534], [-97.6127366198037, 19.381803910337826]]]}, "properties": {"CVEGEO": "2110800010167045", "CVE_LOC": "0001", "AGEB": "0167", "MZA": "045", "SECCION": 877, "POBTOT": 15, "P18YMAS": 7, "P18YMAS_H": 0, "P18YMAS_M": 5, "P18A24": 0, "ITER_MATCH": true, "LN_total_sec": 3745, "LN_H_sec": 1798, "LN_M_sec": 1947, "LN_1839_sec": 2000, "LN_estimada": 10, "LN_H_est": 5, "LN_M_est": 5, "LN_1839_est": 6, "rank_seccion": 134, "pct_acum_sec": 97.33, "prioridad_50": false, "prioridad_80": false, "rank_municipal": 687, "pct_acum_LN_mun": 98.34}}, {"type": "Feature", "geometry": {"type": "Polygon", "coordinates": [[[-97.6157206598711, 19.380445139617787], [-97.61628200045708, 19.379500000268482], [-97.61675612028536, 19.379572849735602], [-97.61611989044594, 19.38066650994111], [-97.6157206598711, 19.380445139617787]]]}, "properties": {"CVEGEO": "2110800010167016", "CVE_LOC": "0001", "AGEB": "0167", "MZA": "016", "SECCION": 877, "POBTOT": 47, "P18YMAS": 33, "P18YMAS_H": 16, "P18YMAS_M": 17, "P18A24": 10, "ITER_MATCH": true, "LN_total_sec": 3745, "LN_H_sec": 1798, "LN_M_sec": 1947, "LN_1839_sec": 2000, "LN_estimada": 50, "LN_H_est": 24, "LN_M_est": 26, "LN_1839_est": 27, "rank_seccion": 6, "pct_acum_sec": 9.27, "prioridad_50": true, "prioridad_80": true, "rank_municipal": 17, "pct_acum_LN_mun": 6.59}}, {"type": "Feature", "geometry": {"type": "Polygon", "coordinates": [[[-97.6154785098846, 19.38089776982933], [-97.6156883095935, 19.380552739909906], [-97.61605224988413, 19.380749169647792], [-97.61585726004783, 19.38109317968059], [-97.6154785098846, 19.38089776982933]]]}, "properties": {"CVEGEO": "2110800010167041", "CVE_LOC": "0001", "AGEB": "0167", "MZA": "041", "SECCION": 877, "POBTOT": 0, "P18YMAS": 0, "P18YMAS_H": 0, "P18YMAS_M": 0, "P18A24": 0, "ITER_MATCH": true, "LN_total_sec": 3745, "LN_H_sec": 1798, "LN_M_sec": 1947, "LN_1839_sec": 2000, "LN_estimada": 0, "LN_H_est": 0, "LN_M_est": 0, "LN_1839_est": 0, "rank_seccion": 166, "pct_acum_sec": 100.0, "prioridad_50": false, "prioridad_80": false, "rank_municipal": 865, "pct_acum_LN_mun": 100.0}}, {"type": "Feature", "geometry": {"type": "Polygon", "coordinates": [[[-97.6152611495351, 19.381273679958436], [-97.61544992003768, 19.380952449621883], [-97.61583322967901, 19.381142770200608], [-97.6156390496955, 19.381466829706078], [-97.6152611495351, 19.381273679958436]]]}, "properties": {"CVEGEO": "2110800010167017", "CVE_LOC": "0001", "AGEB": "0167", "MZA": "017", "SECCION": 877, "POBTOT": 19, "P18YMAS": 11, "P18YMAS_H": 4, "P18YMAS_M": 7, "P18A24": 4, "ITER_MATCH": true, "LN_total_sec": 3745, "LN_H_sec": 1798, "LN_M_sec": 1947, "LN_1839_sec": 2000, "LN_estimada": 17, "LN_H_est": 8, "LN_M_est": 9, "LN_1839_est": 9, "rank_seccion": 100, "pct_acum_sec": 84.57, "prioridad_50": false, "prioridad_80": false, "rank_municipal": 327, "pct_acum_LN_mun": 64.3}}, {"type": "Feature", "geometry": {"type": "Polygon", "coordinates": [[[-97.61522336983859, 19.38132425993791], [-97.61560790996414, 19.38152401966269], [-97.6153259997292, 19.381988999690304], [-97.61506381973801, 19.381600680157053], [-97.61522336983859, 19.38132425993791]]]}, "properties": {"CVEGEO": "2110800010167049", "CVE_LOC": "0001", "AGEB": "0167", "MZA": "049", "SECCION": 877, "POBTOT": 3, "P18YMAS": 0, "P18YMAS_H": 0, "P18YMAS_M": 0, "P18A24": 0, "ITER_MATCH": true, "LN_total_sec": 3745, "LN_H_sec": 1798, "LN_M_sec": 1947, "LN_1839_sec": 2000, "LN_estimada": 0, "LN_H_est": 0, "LN_M_est": 0, "LN_1839_est": 0, "rank_seccion": 167, "pct_acum_sec": 100.0, "prioridad_50": false, "prioridad_80": false, "rank_municipal": 866, "pct_acum_LN_mun": 100.0}}, {"type": "Feature", "geometry": {"type": "Polygon", "coordinates": [[[-97.6108421699575, 19.378467369794755], [-97.61052766004951, 19.378307910176765], [-97.61100401999438, 19.378191429559156], [-97.6108421699575, 19.378467369794755]]]}, "properties": {"CVEGEO": "2110800010171068", "CVE_LOC": "0001", "AGEB": "0171", "MZA": "068", "SECCION": 877, "POBTOT": 0, "P18YMAS": 0, "P18YMAS_H": 0, "P18YMAS_M": 0, "P18A24": 0, "ITER_MATCH": true, "LN_total_sec": 3745, "LN_H_sec": 1798, "LN_M_sec": 1947, "LN_1839_sec": 2000, "LN_estimada": 0, "LN_H_est": 0, "LN_M_est": 0, "LN_1839_est": 0, "rank_seccion": 168, "pct_acum_sec": 100.0, "prioridad_50": false, "prioridad_80": false, "rank_municipal": 867, "pct_acum_LN_mun": 100.0}}, {"type": "Feature", "geometry": {"type": "Polygon", "coordinates": [[[-97.6105477104495, 19.3789112596885], [-97.61019505970032, 19.379520289616913], [-97.609848679986, 19.37934723031835], [-97.61019342013076, 19.378731030375796], [-97.6105477104495, 19.3789112596885]]]}, "properties": {"CVEGEO": "2110800010171059", "CVE_LOC": "0001", "AGEB": "0171", "MZA": "059", "SECCION": 877, "POBTOT": 37, "P18YMAS": 22, "P18YMAS_H": 11, "P18YMAS_M": 11, "P18A24": 11, "ITER_MATCH": true, "LN_total_sec": 3745, "LN_H_sec": 1798, "LN_M_sec": 1947, "LN_1839_sec": 2000, "LN_estimada": 33, "LN_H_est": 16, "LN_M_est": 17, "LN_1839_est": 18, "rank_seccion": 35, "pct_acum_sec": 40.37, "prioridad_50": true, "prioridad_80": true, "rank_municipal": 81, "pct_acum_LN_mun": 23.95}}, {"type": "Feature", "geometry": {"type": "Polygon", "coordinates": [[[-97.60998347960434, 19.37991862966374], [-97.6096055703223, 19.379732849776676], [-97.60977961974106, 19.37940402042722], [-97.61015344966302, 19.379590849622645], [-97.60998347960434, 19.37991862966374]]]}, "properties": {"CVEGEO": "2110800010171029", "CVE_LOC": "0001", "AGEB": "0171", "MZA": "029", "SECCION": 877, "POBTOT": 1, "P18YMAS": 0, "P18YMAS_H": 0, "P18YMAS_M": 0, "P18A24": 0, "ITER_MATCH": true, "LN_total_sec": 3745, "LN_H_sec": 1798, "LN_M_sec": 1947, "LN_1839_sec": 2000, "LN_estimada": 0, "LN_H_est": 0, "LN_M_est": 0, "LN_1839_est": 0, "rank_seccion": 169, "pct_acum_sec": 100.0, "prioridad_50": false, "prioridad_80": false, "rank_municipal": 868, "pct_acum_LN_mun": 100.0}}, {"type": "Feature", "geometry": {"type": "Polygon", "coordinates": [[[-97.60973844972749, 19.38030974992707], [-97.60937815001945, 19.380128430231792], [-97.60956638022736, 19.379800890441274], [-97.60993732005942, 19.379968740009968], [-97.60973844972749, 19.38030974992707]]]}, "properties": {"CVEGEO": "2110800010171028", "CVE_LOC": "0001", "AGEB": "0171", "MZA": "028", "SECCION": 877, "POBTOT": 7, "P18YMAS": 0, "P18YMAS_H": 0, "P18YMAS_M": 0, "P18A24": 0, "ITER_MATCH": true, "LN_total_sec": 3745, "LN_H_sec": 1798, "LN_M_sec": 1947, "LN_1839_sec": 2000, "LN_estimada": 0, "LN_H_est": 0, "LN_M_est": 0, "LN_1839_est": 0, "rank_seccion": 170, "pct_acum_sec": 100.0, "prioridad_50": false, "prioridad_80": false, "rank_municipal": 869, "pct_acum_LN_mun": 100.0}}, {"type": "Feature", "geometry": {"type": "Polygon", "coordinates": [[[-97.60931565956318, 19.381007719821607], [-97.60895485966216, 19.380842450100463], [-97.60933091024862, 19.380197030020867], [-97.60969969044334, 19.38037154009532], [-97.60931565956318, 19.381007719821607]]]}, "properties": {"CVEGEO": "2110800010171026", "CVE_LOC": "0001", "AGEB": "0171", "MZA": "026", "SECCION": 877, "POBTOT": 22, "P18YMAS": 12, "P18YMAS_H": 4, "P18YMAS_M": 8, "P18A24": 0, "ITER_MATCH": true, "LN_total_sec": 3745, "LN_H_sec": 1798, "LN_M_sec": 1947, "LN_1839_sec": 2000, "LN_estimada": 18, "LN_H_est": 9, "LN_M_est": 9, "LN_1839_est": 10, "rank_seccion": 96, "pct_acum_sec": 82.7, "prioridad_50": false, "prioridad_80": false, "rank_municipal": 312, "pct_acum_LN_mun": 62.53}}, {"type": "Feature", "geometry": {"type": "Polygon", "coordinates": [[[-97.60971805957368, 19.382236230116174], [-97.6093633998951, 19.382043679883264], [-97.60953141955554, 19.38173304972655], [-97.6099089204402, 19.38190315045494], [-97.60971805957368, 19.382236230116174]]]}, "properties": {"CVEGEO": "2110800010171024", "CVE_LOC": "0001", "AGEB": "0171", "MZA": "024", "SECCION": 875, "POBTOT": 13, "P18YMAS": 8, "P18YMAS_H": 3, "P18YMAS_M": 5, "P18A24": 0, "ITER_MATCH": true, "LN_total_sec": 1680, "LN_H_sec": 825, "LN_M_sec": 855, "LN_1839_sec": 803, "LN_estimada": 15, "LN_H_est": 7, "LN_M_est": 8, "LN_1839_est": 7, "rank_seccion": 46, "pct_acum_sec": 96.25, "prioridad_50": false, "prioridad_80": false, "rank_municipal": 451, "pct_acum_LN_mun": 77.74}}, {"type": "Feature", "geometry": {"type": "Polygon", "coordinates": [[[-97.62238962976546, 19.37566821983463], [-97.6222681702094, 19.375604799893793], [-97.62201891032569, 19.37547461998152], [-97.62203657029755, 19.375442920107787], [-97.6220546800401, 19.375410450159727], [-97.6220742197268, 19.375375420354455], [-97.62209302995822, 19.375341660086782], [-97.6221118503558, 19.3753079100831], [-97.62213069017696, 19.375274149764916], [-97.62214950991482, 19.375240419680736], [-97.62220710980544, 19.375137079929136], [-97.62225486032531, 19.375161970413526], [-97.62234974047136, 19.37521142971097], [-97.62244461970312, 19.375260889829516], [-97.62249206029902, 19.375285619895156], [-97.62253949041624, 19.37531034964248], [-97.6227763996294, 19.37543384977093], [-97.62264534032664, 19.375801770141504], [-97.62238962976546, 19.37566821983463]]]}, "properties": {"CVEGEO": "2110800010152023", "CVE_LOC": "0001", "AGEB": "0152", "MZA": "023", "SECCION": 2747, "POBTOT": 21, "P18YMAS": 15, "P18YMAS_H": 7, "P18YMAS_M": 8, "P18A24": 0, "ITER_MATCH": true, "LN_total_sec": 923, "LN_H_sec": 421, "LN_M_sec": 502, "LN_1839_sec": 436, "LN_estimada": 19, "LN_H_est": 9, "LN_M_est": 11, "LN_1839_est": 9, "rank_seccion": 20, "pct_acum_sec": 65.87, "prioridad_50": false, "prioridad_80": true, "rank_municipal": 298, "pct_acum_LN_mun": 60.77}}, {"type": "Feature", "geometry": {"type": "Polygon", "coordinates": [[[-97.62177837986503, 19.375349049584766], [-97.62160527954111, 19.375258689720734], [-97.62179583025829, 19.37492266042507], [-97.62214933978429, 19.375105599789094], [-97.62210654023417, 19.375177480353692], [-97.62206274044993, 19.37525106038345], [-97.62201950985806, 19.37532368980127], [-97.62197669013324, 19.375395569766233], [-97.62195081960876, 19.375439050219857], [-97.62177837986503, 19.375349049584766]]]}, "properties": {"CVEGEO": "2110800010152022", "CVE_LOC": "0001", "AGEB": "0152", "MZA": "022", "SECCION": 2747, "POBTOT": 14, "P18YMAS": 11, "P18YMAS_H": 6, "P18YMAS_M": 5, "P18A24": 0, "ITER_MATCH": true, "LN_total_sec": 923, "LN_H_sec": 421, "LN_M_sec": 502, "LN_1839_sec": 436, "LN_estimada": 14, "LN_H_est": 6, "LN_M_est": 8, "LN_1839_est": 7, "rank_seccion": 30, "pct_acum_sec": 83.53, "prioridad_50": false, "prioridad_80": false, "rank_municipal": 474, "pct_acum_LN_mun": 80.01}}, {"type": "Feature", "geometry": {"type": "Polygon", "coordinates": [[[-97.62135533964975, 19.375128370285843], [-97.62116837965105, 19.37503101979912], [-97.62127732018648, 19.374842150244362], [-97.62136254975664, 19.37469439992533], [-97.62154587956913, 19.374790879955242], [-97.62160684984367, 19.374822949763338], [-97.62166781979731, 19.37485503041439], [-97.62172831968937, 19.374886879888752], [-97.62158414973291, 19.37514849038144], [-97.62155305022138, 19.375204909973426], [-97.62154174006018, 19.375225429695096], [-97.62135533964975, 19.375128370285843]]]}, "properties": {"CVEGEO": "2110800010152021", "CVE_LOC": "0001", "AGEB": "0152", "MZA": "021", "SECCION": 2747, "POBTOT": 11, "P18YMAS": 0, "P18YMAS_H": 0, "P18YMAS_M": 0, "P18A24": 0, "ITER_MATCH": true, "LN_total_sec": 923, "LN_H_sec": 421, "LN_M_sec": 502, "LN_1839_sec": 436, "LN_estimada": 0, "LN_H_est": 0, "LN_M_est": 0, "LN_1839_est": 0, "rank_seccion": 59, "pct_acum_sec": 100.0, "prioridad_50": false, "prioridad_80": false, "rank_municipal": 870, "pct_acum_LN_mun": 100.0}}, {"type": "Feature", "geometry": {"type": "Polygon", "coordinates": [[[-97.62048177038226, 19.377281480358402], [-97.62055870955369, 19.377082570378896], [-97.62065437041683, 19.376921030067752], [-97.6209916504488, 19.37710084994216], [-97.62091094031386, 19.377247620292437], [-97.62089045023951, 19.37728492015462], [-97.6208015704122, 19.37744655028603], [-97.62048177038226, 19.377281480358402]]]}, "properties": {"CVEGEO": "2110800010152020", "CVE_LOC": "0001", "AGEB": "0152", "MZA": "020", "SECCION": 2747, "POBTOT": 22, "P18YMAS": 13, "P18YMAS_H": 6, "P18YMAS_M": 7, "P18A24": 4, "ITER_MATCH": true, "LN_total_sec": 923, "LN_H_sec": 421, "LN_M_sec": 502, "LN_1839_sec": 436, "LN_estimada": 17, "LN_H_est": 8, "LN_M_est": 9, "LN_1839_est": 8, "rank_seccion": 24, "pct_acum_sec": 73.78, "prioridad_50": false, "prioridad_80": true, "rank_municipal": 328, "pct_acum_LN_mun": 64.42}}, {"type": "Feature", "geometry": {"type": "Polygon", "coordinates": [[[-97.62100137962713, 19.377548429576112], [-97.62086648040453, 19.377475980179632], [-97.62097483018121, 19.377291829848527], [-97.6210602300462, 19.37714670994269], [-97.62139809004347, 19.377334450241875], [-97.62122199986628, 19.377666910236393], [-97.62100137962713, 19.377548429576112]]]}, "properties": {"CVEGEO": "2110800010152019", "CVE_LOC": "0001", "AGEB": "0152", "MZA": "019", "SECCION": 2747, "POBTOT": 19, "P18YMAS": 10, "P18YMAS_H": 4, "P18YMAS_M": 6, "P18A24": 0, "ITER_MATCH": true, "LN_total_sec": 923, "LN_H_sec": 421, "LN_M_sec": 502, "LN_1839_sec": 436, "LN_estimada": 13, "LN_H_est": 6, "LN_M_est": 7, "LN_1839_est": 6, "rank_seccion": 35, "pct_acum_sec": 90.79, "prioridad_50": false, "prioridad_80": false, "rank_municipal": 584, "pct_acum_LN_mun": 89.73}}, {"type": "Feature", "geometry": {"type": "Polygon", "coordinates": [[[-97.62130294046158, 19.37769974031969], [-97.62140437031314, 19.377511879596103], [-97.62148428967173, 19.377363879644133], [-97.62181358028997, 19.377530950011824], [-97.62163277023541, 19.377871859864513], [-97.62130294046158, 19.37769974031969]]]}, "properties": {"CVEGEO": "2110800010152018", "CVE_LOC": "0001", "AGEB": "0152", "MZA": "018", "SECCION": 2747, "POBTOT": 13, "P18YMAS": 12, "P18YMAS_H": 6, "P18YMAS_M": 6, "P18A24": 3, "ITER_MATCH": true, "LN_total_sec": 923, "LN_H_sec": 421, "LN_M_sec": 502, "LN_1839_sec": 436, "LN_estimada": 16, "LN_H_est": 7, "LN_M_est": 8, "LN_1839_est": 7, "rank_seccion": 25, "pct_acum_sec": 75.51, "prioridad_50": false, "prioridad_80": true, "rank_municipal": 405, "pct_acum_LN_mun": 72.84}}, {"type": "Feature", "geometry": {"type": "Polygon", "coordinates": [[[-97.62106495011697, 19.378096089567922], [-97.6210950604179, 19.3780478203413], [-97.62114687963839, 19.377964680254937], [-97.62127224964401, 19.377763619580445], [-97.62159857007535, 19.377937090419543], [-97.62140417011625, 19.378279690100737], [-97.62106495011697, 19.378096089567922]]]}, "properties": {"CVEGEO": "2110800010148024", "CVE_LOC": "0001", "AGEB": "0148", "MZA": "024", "SECCION": 2747, "POBTOT": 37, "P18YMAS": 20, "P18YMAS_H": 9, "P18YMAS_M": 11, "P18A24": 3, "ITER_MATCH": true, "LN_total_sec": 923, "LN_H_sec": 421, "LN_M_sec": 502, "LN_1839_sec": 436, "LN_estimada": 26, "LN_H_est": 12, "LN_M_est": 14, "LN_1839_est": 12, "rank_seccion": 13, "pct_acum_sec": 49.73, "prioridad_50": true, "prioridad_80": true, "rank_municipal": 162, "pct_acum_LN_mun": 40.23}}, {"type": "Feature", "geometry": {"type": "Polygon", "coordinates": [[[-97.62082719953037, 19.3784800200793], [-97.62103448972687, 19.378147549968816], [-97.62136082005524, 19.37832102982326], [-97.62116640015691, 19.37866361973947], [-97.62082719953037, 19.3784800200793]]]}, "properties": {"CVEGEO": "2110800010148015", "CVE_LOC": "0001", "AGEB": "0148", "MZA": "015", "SECCION": 2747, "POBTOT": 1, "P18YMAS": 0, "P18YMAS_H": 0, "P18YMAS_M": 0, "P18A24": 0, "ITER_MATCH": true, "LN_total_sec": 923, "LN_H_sec": 421, "LN_M_sec": 502, "LN_1839_sec": 436, "LN_estimada": 0, "LN_H_est": 0, "LN_M_est": 0, "LN_1839_est": 0, "rank_seccion": 60, "pct_acum_sec": 100.0, "prioridad_50": false, "prioridad_80": false, "rank_municipal": 871, "pct_acum_LN_mun": 100.0}}, {"type": "Feature", "geometry": {"type": "Polygon", "coordinates": [[[-97.62042294030667, 19.378273910010698], [-97.62044714984977, 19.37823088000708], [-97.62054169010456, 19.37806285001348], [-97.62057220031893, 19.37800863033152], [-97.62058471965952, 19.37798637006508], [-97.62061735018243, 19.37792837968033], [-97.62096763029498, 19.378117459983446], [-97.62076685956067, 19.37844752038538], [-97.62042294030667, 19.378273910010698]]]}, "properties": {"CVEGEO": "2110800010148014", "CVE_LOC": "0001", "AGEB": "0148", "MZA": "014", "SECCION": 2747, "POBTOT": 16, "P18YMAS": 11, "P18YMAS_H": 3, "P18YMAS_M": 8, "P18A24": 0, "ITER_MATCH": true, "LN_total_sec": 923, "LN_H_sec": 421, "LN_M_sec": 502, "LN_1839_sec": 436, "LN_estimada": 14, "LN_H_est": 6, "LN_M_est": 8, "LN_1839_est": 7, "rank_seccion": 31, "pct_acum_sec": 85.05, "prioridad_50": false, "prioridad_80": false, "rank_municipal": 475, "pct_acum_LN_mun": 80.11}}, {"type": "Feature", "geometry": {"type": "Polygon", "coordinates": [[[-97.62032408013987, 19.378196490081677], [-97.62029848990272, 19.378188770036655], [-97.62036618022485, 19.377824429965578], [-97.62052562969033, 19.37790534011756], [-97.6203647100168, 19.378208750184694], [-97.62032408013987, 19.378196490081677]]]}, "properties": {"CVEGEO": "2110800010148013", "CVE_LOC": "0001", "AGEB": "0148", "MZA": "013", "SECCION": 2747, "POBTOT": 0, "P18YMAS": 0, "P18YMAS_H": 0, "P18YMAS_M": 0, "P18A24": 0, "ITER_MATCH": true, "LN_total_sec": 923, "LN_H_sec": 421, "LN_M_sec": 502, "LN_1839_sec": 436, "LN_estimada": 0, "LN_H_est": 0, "LN_M_est": 0, "LN_1839_est": 0, "rank_seccion": 61, "pct_acum_sec": 100.0, "prioridad_50": false, "prioridad_80": false, "rank_municipal": 872, "pct_acum_LN_mun": 100.0}}, {"type": "Feature", "geometry": {"type": "Polygon", "coordinates": [[[-97.61993949023152, 19.378542970010663], [-97.61979872022376, 19.378475250171192], [-97.6199789400888, 19.37814601999968], [-97.62016912048088, 19.378236569843622], [-97.62012302990017, 19.378435369976824], [-97.62011059964854, 19.378488949964765], [-97.62009818020383, 19.37854252029838], [-97.62008574961199, 19.378596110251664], [-97.62008214982727, 19.37861163003211], [-97.61993949023152, 19.378542970010663]]]}, "properties": {"CVEGEO": "2110800010148012", "CVE_LOC": "0001", "AGEB": "0148", "MZA": "012", "SECCION": 2747, "POBTOT": 35, "P18YMAS": 27, "P18YMAS_H": 12, "P18YMAS_M": 15, "P18A24": 3, "ITER_MATCH": true, "LN_total_sec": 923, "LN_H_sec": 421, "LN_M_sec": 502, "LN_1839_sec": 436, "LN_estimada": 35, "LN_H_est": 16, "LN_M_est": 19, "LN_1839_est": 17, "rank_seccion": 5, "pct_acum_sec": 23.73, "prioridad_50": true, "prioridad_80": true, "rank_municipal": 68, "pct_acum_LN_mun": 20.95}}, {"type": "Feature", "geometry": {"type": "Polygon", "coordinates": [[[-97.61704766036237, 19.370782379786363], [-97.61721245966555, 19.370495319679698], [-97.6175659197956, 19.370677919877583], [-97.61739458003079, 19.370960710195337], [-97.61704766036237, 19.370782379786363]]]}, "properties": {"CVEGEO": "2110800010097042", "CVE_LOC": "0001", "AGEB": "0097", "MZA": "042", "SECCION": 879, "POBTOT": 25, "P18YMAS": 13, "P18YMAS_H": 8, "P18YMAS_M": 5, "P18A24": 0, "ITER_MATCH": true, "LN_total_sec": 1640, "LN_H_sec": 768, "LN_M_sec": 872, "LN_1839_sec": 820, "LN_estimada": 18, "LN_H_est": 8, "LN_M_est": 10, "LN_1839_est": 9, "rank_seccion": 45, "pct_acum_sec": 73.66, "prioridad_50": false, "prioridad_80": true, "rank_municipal": 313, "pct_acum_LN_mun": 62.65}}, {"type": "Feature", "geometry": {"type": "Polygon", "coordinates": [[[-97.61660741992152, 19.370555909987086], [-97.61676190997927, 19.370263230002262], [-97.61715261996252, 19.37046468040538], [-97.61698464999915, 19.37075905984011], [-97.61660741992152, 19.370555909987086]]]}, "properties": {"CVEGEO": "2110800010097041", "CVE_LOC": "0001", "AGEB": "0097", "MZA": "041", "SECCION": 879, "POBTOT": 23, "P18YMAS": 17, "P18YMAS_H": 8, "P18YMAS_M": 9, "P18A24": 5, "ITER_MATCH": true, "LN_total_sec": 1640, "LN_H_sec": 768, "LN_M_sec": 872, "LN_1839_sec": 820, "LN_estimada": 24, "LN_H_est": 11, "LN_M_est": 13, "LN_1839_est": 12, "rank_seccion": 31, "pct_acum_sec": 56.04, "prioridad_50": false, "prioridad_80": true, "rank_municipal": 191, "pct_acum_LN_mun": 45.15}}, {"type": "Feature", "geometry": {"type": "Polygon", "coordinates": [[[-97.61617705971008, 19.370335220043337], [-97.61628680015721, 19.370130280179648], [-97.61660538018357, 19.3701800797596], [-97.6167064296741, 19.37023142002318], [-97.61654995001145, 19.37052964992579], [-97.61617705971008, 19.370335220043337]]]}, "properties": {"CVEGEO": "2110800010097040", "CVE_LOC": "0001", "AGEB": "0097", "MZA": "040", "SECCION": 879, "POBTOT": 6, "P18YMAS": 6, "P18YMAS_H": 3, "P18YMAS_M": 3, "P18A24": 0, "ITER_MATCH": true, "LN_total_sec": 1640, "LN_H_sec": 768, "LN_M_sec": 872, "LN_1839_sec": 820, "LN_estimada": 8, "LN_H_est": 4, "LN_M_est": 5, "LN_1839_est": 4, "rank_seccion": 74, "pct_acum_sec": 99.09, "prioridad_50": false, "prioridad_80": false, "rank_municipal": 708, "pct_acum_LN_mun": 99.66}}, {"type": "Feature", "geometry": {"type": "Polygon", "coordinates": [[[-97.61473890981543, 19.373211109671914], [-97.61474002032743, 19.37307817967017], [-97.61475877034997, 19.37293431966062], [-97.61474385981828, 19.372799350285497], [-97.61509660004276, 19.372970949615794], [-97.61489836995372, 19.37332002014919], [-97.61473890981543, 19.373211109671914]]]}, "properties": {"CVEGEO": "2110800010097039", "CVE_LOC": "0001", "AGEB": "0097", "MZA": "039", "SECCION": 878, "POBTOT": 22, "P18YMAS": 12, "P18YMAS_H": 7, "P18YMAS_M": 5, "P18A24": 0, "ITER_MATCH": true, "LN_total_sec": 1218, "LN_H_sec": 568, "LN_M_sec": 650, "LN_1839_sec": 631, "LN_estimada": 17, "LN_H_est": 8, "LN_M_est": 9, "LN_1839_est": 9, "rank_seccion": 30, "pct_acum_sec": 75.86, "prioridad_50": false, "prioridad_80": true, "rank_municipal": 329, "pct_acum_LN_mun": 64.53}}, {"type": "Feature", "geometry": {"type": "Polygon", "coordinates": [[[-97.61531810998788, 19.37039782966351], [-97.61540269025863, 19.369983659697308], [-97.61608595041933, 19.37035222991755], [-97.615901679762, 19.37070352018148], [-97.61531810998788, 19.37039782966351]]]}, "properties": {"CVEGEO": "2110800010097029", "CVE_LOC": "0001", "AGEB": "0097", "MZA": "029", "SECCION": 879, "POBTOT": 0, "P18YMAS": 0, "P18YMAS_H": 0, "P18YMAS_M": 0, "P18A24": 0, "ITER_MATCH": true, "LN_total_sec": 1640, "LN_H_sec": 768, "LN_M_sec": 872, "LN_1839_sec": 820, "LN_estimada": 0, "LN_H_est": 0, "LN_M_est": 0, "LN_1839_est": 0, "rank_seccion": 128, "pct_acum_sec": 100.0, "prioridad_50": false, "prioridad_80": false, "rank_municipal": 873, "pct_acum_LN_mun": 100.0}}, {"type": "Feature", "geometry": {"type": "Polygon", "coordinates": [[[-97.61522911026375, 19.370894450057342], [-97.61530391966066, 19.370450719631393], [-97.61586298006691, 19.370749880052973], [-97.61564582027302, 19.37111007978039], [-97.61522911026375, 19.370894450057342]]]}, "properties": {"CVEGEO": "2110800010097028", "CVE_LOC": "0001", "AGEB": "0097", "MZA": "028", "SECCION": 879, "POBTOT": 0, "P18YMAS": 0, "P18YMAS_H": 0, "P18YMAS_M": 0, "P18A24": 0, "ITER_MATCH": true, "LN_total_sec": 1640, "LN_H_sec": 768, "LN_M_sec": 872, "LN_1839_sec": 820, "LN_estimada": 0, "LN_H_est": 0, "LN_M_est": 0, "LN_1839_est": 0, "rank_seccion": 129, "pct_acum_sec": 100.0, "prioridad_50": false, "prioridad_80": false, "rank_municipal": 874, "pct_acum_LN_mun": 100.0}}, {"type": "Feature", "geometry": {"type": "Polygon", "coordinates": [[[-97.61510082030128, 19.371328049608067], [-97.61517249033679, 19.37093694966901], [-97.61562093982063, 19.371155220081263], [-97.61541778033337, 19.371499449677003], [-97.61510082030128, 19.371328049608067]]]}, "properties": {"CVEGEO": "2110800010097027", "CVE_LOC": "0001", "AGEB": "0097", "MZA": "027", "SECCION": 879, "POBTOT": 9, "P18YMAS": 0, "P18YMAS_H": 0, "P18YMAS_M": 0, "P18A24": 0, "ITER_MATCH": true, "LN_total_sec": 1640, "LN_H_sec": 768, "LN_M_sec": 872, "LN_1839_sec": 820, "LN_estimada": 0, "LN_H_est": 0, "LN_M_est": 0, "LN_1839_est": 0, "rank_seccion": 130, "pct_acum_sec": 100.0, "prioridad_50": false, "prioridad_80": false, "rank_municipal": 875, "pct_acum_LN_mun": 100.0}}, {"type": "Feature", "geometry": {"type": "Polygon", "coordinates": [[[-97.61676023005205, 19.372194479970243], [-97.61695031007856, 19.371864769642215], [-97.617216509911, 19.372003719799626], [-97.6173048201852, 19.37204983018093], [-97.61713563031401, 19.372369579671513], [-97.6171240896663, 19.372391400216966], [-97.61676023005205, 19.372194479970243]]]}, "properties": {"CVEGEO": "2110800010097005", "CVE_LOC": "0001", "AGEB": "0097", "MZA": "005", "SECCION": 879, "POBTOT": 42, "P18YMAS": 29, "P18YMAS_H": 16, "P18YMAS_M": 13, "P18A24": 6, "ITER_MATCH": true, "LN_total_sec": 1640, "LN_H_sec": 768, "LN_M_sec": 872, "LN_1839_sec": 820, "LN_estimada": 40, "LN_H_est": 19, "LN_M_est": 22, "LN_1839_est": 20, "rank_seccion": 1, "pct_acum_sec": 2.44, "prioridad_50": true, "prioridad_80": true, "rank_municipal": 47, "pct_acum_LN_mun": 15.67}}, {"type": "Feature", "geometry": {"type": "Polygon", "coordinates": [[[-97.61633033973298, 19.371974569726838], [-97.6165372902411, 19.371647349870013], [-97.61689605028984, 19.371835369798923], [-97.61669442960694, 19.37216225993334], [-97.61633033973298, 19.371974569726838]]]}, "properties": {"CVEGEO": "2110800010097004", "CVE_LOC": "0001", "AGEB": "0097", "MZA": "004", "SECCION": 879, "POBTOT": 2, "P18YMAS": 0, "P18YMAS_H": 0, "P18YMAS_M": 0, "P18A24": 0, "ITER_MATCH": true, "LN_total_sec": 1640, "LN_H_sec": 768, "LN_M_sec": 872, "LN_1839_sec": 820, "LN_estimada": 0, "LN_H_est": 0, "LN_M_est": 0, "LN_1839_est": 0, "rank_seccion": 131, "pct_acum_sec": 100.0, "prioridad_50": false, "prioridad_80": false, "rank_municipal": 876, "pct_acum_LN_mun": 100.0}}, {"type": "Feature", "geometry": {"type": "Polygon", "coordinates": [[[-97.61590251000455, 19.3717483698465], [-97.6161017095976, 19.37140851024731], [-97.61646973993938, 19.371603170160018], [-97.61626335035045, 19.3719451102554], [-97.61590251000455, 19.3717483698465]]]}, "properties": {"CVEGEO": "2110800010097003", "CVE_LOC": "0001", "AGEB": "0097", "MZA": "003", "SECCION": 879, "POBTOT": 23, "P18YMAS": 16, "P18YMAS_H": 8, "P18YMAS_M": 8, "P18A24": 0, "ITER_MATCH": true, "LN_total_sec": 1640, "LN_H_sec": 768, "LN_M_sec": 872, "LN_1839_sec": 820, "LN_estimada": 22, "LN_H_est": 10, "LN_M_est": 12, "LN_1839_est": 11, "rank_seccion": 35, "pct_acum_sec": 61.65, "prioridad_50": false, "prioridad_80": true, "rank_municipal": 243, "pct_acum_LN_mun": 53.05}}, {"type": "Feature", "geometry": {"type": "Polygon", "coordinates": [[[-97.61566014973205, 19.37216204975192], [-97.61586777028674, 19.37180034003169], [-97.61622549018945, 19.371999050167986], [-97.61601368962097, 19.372353689987637], [-97.61566014973205, 19.37216204975192]]]}, "properties": {"CVEGEO": "2110800010097002", "CVE_LOC": "0001", "AGEB": "0097", "MZA": "002", "SECCION": 878, "POBTOT": 25, "P18YMAS": 15, "P18YMAS_H": 6, "P18YMAS_M": 9, "P18A24": 3, "ITER_MATCH": true, "LN_total_sec": 1218, "LN_H_sec": 568, "LN_M_sec": 650, "LN_1839_sec": 631, "LN_estimada": 21, "LN_H_est": 10, "LN_M_est": 11, "LN_1839_est": 11, "rank_seccion": 26, "pct_acum_sec": 70.03, "prioridad_50": false, "prioridad_80": true, "rank_municipal": 267, "pct_acum_LN_mun": 56.54}}, {"type": "Feature", "geometry": {"type": "Polygon", "coordinates": [[[-97.61608854012353, 19.37238053984528], [-97.61629823018959, 19.37203597009775], [-97.61666523000096, 19.372220019633378], [-97.61657722968113, 19.372372049872066], [-97.61650971966203, 19.372488739690656], [-97.61646291955228, 19.37256961962612], [-97.61608854012353, 19.37238053984528]]]}, "properties": {"CVEGEO": "2110800010097001", "CVE_LOC": "0001", "AGEB": "0097", "MZA": "001", "SECCION": 878, "POBTOT": 13, "P18YMAS": 8, "P18YMAS_H": 3, "P18YMAS_M": 5, "P18A24": 0, "ITER_MATCH": true, "LN_total_sec": 1218, "LN_H_sec": 568, "LN_M_sec": 650, "LN_1839_sec": 631, "LN_estimada": 11, "LN_H_est": 5, "LN_M_est": 6, "LN_1839_est": 6, "rank_seccion": 45, "pct_acum_sec": 94.25, "prioridad_50": false, "prioridad_80": false, "rank_municipal": 678, "pct_acum_LN_mun": 97.69}}, {"type": "Feature", "geometry": {"type": "Polygon", "coordinates": [[[-97.61757442994296, 19.372628449998853], [-97.61777790968962, 19.37228067982833], [-97.61794548996494, 19.372369569599762], [-97.61813170981198, 19.37246833998987], [-97.61804606038251, 19.37261787967646], [-97.61793594011033, 19.37281014018323], [-97.61757442994296, 19.372628449998853]]]}, "properties": {"CVEGEO": "2110800010082046", "CVE_LOC": "0001", "AGEB": "0082", "MZA": "046", "SECCION": 879, "POBTOT": 19, "P18YMAS": 13, "P18YMAS_H": 8, "P18YMAS_M": 5, "P18A24": 3, "ITER_MATCH": true, "LN_total_sec": 1640, "LN_H_sec": 768, "LN_M_sec": 872, "LN_1839_sec": 820, "LN_estimada": 18, "LN_H_est": 8, "LN_M_est": 10, "LN_1839_est": 9, "rank_seccion": 46, "pct_acum_sec": 74.76, "prioridad_50": false, "prioridad_80": true, "rank_municipal": 314, "pct_acum_LN_mun": 62.77}}, {"type": "Feature", "geometry": {"type": "Polygon", "coordinates": [[[-97.61799133970922, 19.372836520067082], [-97.6181924201516, 19.37249852016416], [-97.61855840010931, 19.37268961971202], [-97.61834963000737, 19.373043970151812], [-97.61799133970922, 19.372836520067082]]]}, "properties": {"CVEGEO": "2110800010082045", "CVE_LOC": "0001", "AGEB": "0082", "MZA": "045", "SECCION": 879, "POBTOT": 28, "P18YMAS": 19, "P18YMAS_H": 8, "P18YMAS_M": 11, "P18A24": 4, "ITER_MATCH": true, "LN_total_sec": 1640, "LN_H_sec": 768, "LN_M_sec": 872, "LN_1839_sec": 820, "LN_estimada": 26, "LN_H_est": 12, "LN_M_est": 14, "LN_1839_est": 13, "rank_seccion": 23, "pct_acum_sec": 43.9, "prioridad_50": true, "prioridad_80": true, "rank_municipal": 163, "pct_acum_LN_mun": 40.41}}, {"type": "Feature", "geometry": {"type": "Polygon", "coordinates": [[[-97.61946982024797, 19.37310998012897], [-97.61968033980888, 19.37276411996304], [-97.62003644998664, 19.372952110014612], [-97.61983520000649, 19.37330184957136], [-97.61946982024797, 19.37310998012897]]]}, "properties": {"CVEGEO": "2110800010082023", "CVE_LOC": "0001", "AGEB": "0082", "MZA": "023", "SECCION": 879, "POBTOT": 8, "P18YMAS": 0, "P18YMAS_H": 0, "P18YMAS_M": 0, "P18A24": 0, "ITER_MATCH": true, "LN_total_sec": 1640, "LN_H_sec": 768, "LN_M_sec": 872, "LN_1839_sec": 820, "LN_estimada": 0, "LN_H_est": 0, "LN_M_est": 0, "LN_1839_est": 0, "rank_seccion": 132, "pct_acum_sec": 100.0, "prioridad_50": false, "prioridad_80": false, "rank_municipal": 877, "pct_acum_LN_mun": 100.0}}, {"type": "Feature", "geometry": {"type": "Polygon", "coordinates": [[[-97.61988977959176, 19.373331350094933], [-97.62009073977268, 19.372978979920426], [-97.62045941998375, 19.37317535027727], [-97.62024991998923, 19.37352183035122], [-97.61988977959176, 19.373331350094933]]]}, "properties": {"CVEGEO": "2110800010082022", "CVE_LOC": "0001", "AGEB": "0082", "MZA": "022", "SECCION": 879, "POBTOT": 15, "P18YMAS": 11, "P18YMAS_H": 0, "P18YMAS_M": 10, "P18A24": 4, "ITER_MATCH": true, "LN_total_sec": 1640, "LN_H_sec": 768, "LN_M_sec": 872, "LN_1839_sec": 820, "LN_estimada": 15, "LN_H_est": 7, "LN_M_est": 8, "LN_1839_est": 8, "rank_seccion": 55, "pct_acum_sec": 83.78, "prioridad_50": false, "prioridad_80": false, "rank_municipal": 452, "pct_acum_LN_mun": 77.84}}, {"type": "Feature", "geometry": {"type": "Polygon", "coordinates": [[[-97.62048242023866, 19.373686550346374], [-97.62035721959225, 19.37362113976133], [-97.62050224991387, 19.373379290258423], [-97.62056489014418, 19.3732748502841], [-97.62094022953185, 19.373473740095083], [-97.62073187980023, 19.373816849937914], [-97.62048242023866, 19.373686550346374]]]}, "properties": {"CVEGEO": "2110800010082021", "CVE_LOC": "0001", "AGEB": "0082", "MZA": "021", "SECCION": 879, "POBTOT": 22, "P18YMAS": 12, "P18YMAS_H": 6, "P18YMAS_M": 6, "P18A24": 0, "ITER_MATCH": true, "LN_total_sec": 1640, "LN_H_sec": 768, "LN_M_sec": 872, "LN_1839_sec": 820, "LN_estimada": 17, "LN_H_est": 8, "LN_M_est": 9, "LN_1839_est": 8, "rank_seccion": 48, "pct_acum_sec": 76.89, "prioridad_50": false, "prioridad_80": true, "rank_municipal": 330, "pct_acum_LN_mun": 64.65}}, {"type": "Feature", "geometry": {"type": "Polygon", "coordinates": [[[-97.6205839495616, 19.373170740365097], [-97.62069330975355, 19.372986259779218], [-97.62077938026697, 19.37284105964494], [-97.62115921971827, 19.37304215034363], [-97.62097434004347, 19.373376579573875], [-97.6205839495616, 19.373170740365097]]]}, "properties": {"CVEGEO": "2110800010082020", "CVE_LOC": "0001", "AGEB": "0082", "MZA": "020", "SECCION": 879, "POBTOT": 22, "P18YMAS": 14, "P18YMAS_H": 7, "P18YMAS_M": 7, "P18A24": 4, "ITER_MATCH": true, "LN_total_sec": 1640, "LN_H_sec": 768, "LN_M_sec": 872, "LN_1839_sec": 820, "LN_estimada": 19, "LN_H_est": 9, "LN_M_est": 10, "LN_1839_est": 10, "rank_seccion": 41, "pct_acum_sec": 69.15, "prioridad_50": false, "prioridad_80": true, "rank_municipal": 299, "pct_acum_LN_mun": 60.9}}, {"type": "Feature", "geometry": {"type": "Polygon", "coordinates": [[[-97.62110453972481, 19.3729355196703], [-97.62080605981348, 19.372776859751934], [-97.62080819971274, 19.37277327997987], [-97.62083135008484, 19.372734460426237], [-97.62091497012572, 19.372594320202385], [-97.62099631025123, 19.37245798045428], [-97.6213898001295, 19.372662400100715], [-97.62120321982493, 19.3729879801813], [-97.62110453972481, 19.3729355196703]]]}, "properties": {"CVEGEO": "2110800010082019", "CVE_LOC": "0001", "AGEB": "0082", "MZA": "019", "SECCION": 879, "POBTOT": 23, "P18YMAS": 17, "P18YMAS_H": 6, "P18YMAS_M": 11, "P18A24": 0, "ITER_MATCH": true, "LN_total_sec": 1640, "LN_H_sec": 768, "LN_M_sec": 872, "LN_1839_sec": 820, "LN_estimada": 24, "LN_H_est": 11, "LN_M_est": 13, "LN_1839_est": 12, "rank_seccion": 32, "pct_acum_sec": 57.5, "prioridad_50": false, "prioridad_80": true, "rank_municipal": 192, "pct_acum_LN_mun": 45.32}}, {"type": "Feature", "geometry": {"type": "Polygon", "coordinates": [[[-97.62101847959899, 19.372409459658723], [-97.62108702993396, 19.37229610998379], [-97.62124988995335, 19.372026750205876], [-97.62156569024684, 19.372198290342833], [-97.62141451046708, 19.372614570123925], [-97.62101847959899, 19.372409459658723]]]}, "properties": {"CVEGEO": "2110800010082018", "CVE_LOC": "0001", "AGEB": "0082", "MZA": "018", "SECCION": 879, "POBTOT": 18, "P18YMAS": 10, "P18YMAS_H": 4, "P18YMAS_M": 6, "P18A24": 0, "ITER_MATCH": true, "LN_total_sec": 1640, "LN_H_sec": 768, "LN_M_sec": 872, "LN_1839_sec": 820, "LN_estimada": 14, "LN_H_est": 7, "LN_M_est": 7, "LN_1839_est": 7, "rank_seccion": 62, "pct_acum_sec": 89.88, "prioridad_50": false, "prioridad_80": false, "rank_municipal": 476, "pct_acum_LN_mun": 80.2}}, {"type": "Feature", "geometry": {"type": "Polygon", "coordinates": [[[-97.61970607991903, 19.372707579956234], [-97.61990278037506, 19.372374399748885], [-97.62025308998697, 19.37256202980628], [-97.62006221971335, 19.372894320003674], [-97.61970607991903, 19.372707579956234]]]}, "properties": {"CVEGEO": "2110800010082008", "CVE_LOC": "0001", "AGEB": "0082", "MZA": "008", "SECCION": 879, "POBTOT": 12, "P18YMAS": 10, "P18YMAS_H": 6, "P18YMAS_M": 4, "P18A24": 0, "ITER_MATCH": true, "LN_total_sec": 1640, "LN_H_sec": 768, "LN_M_sec": 872, "LN_1839_sec": 820, "LN_estimada": 14, "LN_H_est": 7, "LN_M_est": 7, "LN_1839_est": 7, "rank_seccion": 63, "pct_acum_sec": 90.73, "prioridad_50": false, "prioridad_80": false, "rank_municipal": 477, "pct_acum_LN_mun": 80.3}}, {"type": "Feature", "geometry": {"type": "Polygon", "coordinates": [[[-97.6228171396888, 19.371247709829884], [-97.62289829009718, 19.371092630095866], [-97.62333325005079, 19.37115328026145], [-97.6231795998859, 19.37144368994003], [-97.6228171396888, 19.371247709829884]]]}, "properties": {"CVEGEO": "2110800010078037", "CVE_LOC": "0001", "AGEB": "0078", "MZA": "037", "SECCION": 879, "POBTOT": 15, "P18YMAS": 10, "P18YMAS_H": 4, "P18YMAS_M": 6, "P18A24": 0, "ITER_MATCH": true, "LN_total_sec": 1640, "LN_H_sec": 768, "LN_M_sec": 872, "LN_1839_sec": 820, "LN_estimada": 14, "LN_H_est": 7, "LN_M_est": 7, "LN_1839_est": 7, "rank_seccion": 64, "pct_acum_sec": 91.59, "prioridad_50": false, "prioridad_80": false, "rank_municipal": 478, "pct_acum_LN_mun": 80.39}}, {"type": "Feature", "geometry": {"type": "Polygon", "coordinates": [[[-97.62241308988604, 19.371028279614492], [-97.62283060039415, 19.371097619818276], [-97.62276342031016, 19.37121590960693], [-97.62241308988604, 19.371028279614492]]]}, "properties": {"CVEGEO": "2110800010078036", "CVE_LOC": "0001", "AGEB": "0078", "MZA": "036", "SECCION": 879, "POBTOT": 2, "P18YMAS": 0, "P18YMAS_H": 0, "P18YMAS_M": 0, "P18A24": 0, "ITER_MATCH": true, "LN_total_sec": 1640, "LN_H_sec": 768, "LN_M_sec": 872, "LN_1839_sec": 820, "LN_estimada": 0, "LN_H_est": 0, "LN_M_est": 0, "LN_1839_est": 0, "rank_seccion": 133, "pct_acum_sec": 100.0, "prioridad_50": false, "prioridad_80": false, "rank_municipal": 878, "pct_acum_LN_mun": 100.0}}, {"type": "Feature", "geometry": {"type": "Polygon", "coordinates": [[[-97.62499059975602, 19.373924940409573], [-97.6250186897414, 19.373860660042844], [-97.62512365960963, 19.373620399711097], [-97.62546237957272, 19.373791769775824], [-97.62530345045887, 19.374093620269665], [-97.62499059975602, 19.373924940409573]]]}, "properties": {"CVEGEO": "2110800010063011", "CVE_LOC": "0001", "AGEB": "0063", "MZA": "011", "SECCION": 880, "POBTOT": 25, "P18YMAS": 15, "P18YMAS_H": 6, "P18YMAS_M": 9, "P18A24": 0, "ITER_MATCH": true, "LN_total_sec": 1026, "LN_H_sec": 513, "LN_M_sec": 513, "LN_1839_sec": 467, "LN_estimada": 20, "LN_H_est": 10, "LN_M_est": 10, "LN_1839_est": 9, "rank_seccion": 24, "pct_acum_sec": 67.45, "prioridad_50": false, "prioridad_80": true, "rank_municipal": 284, "pct_acum_LN_mun": 58.92}}, {"type": "Feature", "geometry": {"type": "Polygon", "coordinates": [[[-97.617370980291, 19.37305637962336], [-97.61733908034662, 19.373039820187152], [-97.61755414959268, 19.37267806021226], [-97.61790693972885, 19.372862230229508], [-97.61770002982668, 19.373227319990423], [-97.617370980291, 19.37305637962336]]]}, "properties": {"CVEGEO": "2110800010059040", "CVE_LOC": "0001", "AGEB": "0059", "MZA": "040", "SECCION": 878, "POBTOT": 51, "P18YMAS": 31, "P18YMAS_H": 13, "P18YMAS_M": 18, "P18A24": 8, "ITER_MATCH": true, "LN_total_sec": 1218, "LN_H_sec": 568, "LN_M_sec": 650, "LN_1839_sec": 631, "LN_estimada": 44, "LN_H_est": 20, "LN_M_est": 23, "LN_1839_est": 23, "rank_seccion": 5, "pct_acum_sec": 19.87, "prioridad_50": true, "prioridad_80": true, "rank_municipal": 34, "pct_acum_LN_mun": 11.99}}, {"type": "Feature", "geometry": {"type": "Polygon", "coordinates": [[[-97.61496611012565, 19.37806475018189], [-97.6151078198508, 19.37781537010223], [-97.61548152012642, 19.377992370389627], [-97.61533555029463, 19.378250819706658], [-97.61496611012565, 19.37806475018189]]]}, "properties": {"CVEGEO": "2110800010044035", "CVE_LOC": "0001", "AGEB": "0044", "MZA": "035", "SECCION": 877, "POBTOT": 5, "P18YMAS": 0, "P18YMAS_H": 0, "P18YMAS_M": 0, "P18A24": 0, "ITER_MATCH": true, "LN_total_sec": 3745, "LN_H_sec": 1798, "LN_M_sec": 1947, "LN_1839_sec": 2000, "LN_estimada": 0, "LN_H_est": 0, "LN_M_est": 0, "LN_1839_est": 0, "rank_seccion": 171, "pct_acum_sec": 100.0, "prioridad_50": false, "prioridad_80": false, "rank_municipal": 879, "pct_acum_LN_mun": 100.0}}, {"type": "Feature", "geometry": {"type": "Polygon", "coordinates": [[[-97.61612080026946, 19.376074090287997], [-97.61623526007533, 19.375881200241885], [-97.61632152036915, 19.375735829835058], [-97.61655481995119, 19.375871059758012], [-97.61666850969202, 19.375936969917426], [-97.61650928040399, 19.37621783028455], [-97.61648317046205, 19.376263879778605], [-97.61612080026946, 19.376074090287997]]]}, "properties": {"CVEGEO": "2110800010044016", "CVE_LOC": "0001", "AGEB": "0044", "MZA": "016", "SECCION": 877, "POBTOT": 41, "P18YMAS": 30, "P18YMAS_H": 14, "P18YMAS_M": 16, "P18A24": 5, "ITER_MATCH": true, "LN_total_sec": 3745, "LN_H_sec": 1798, "LN_M_sec": 1947, "LN_1839_sec": 2000, "LN_estimada": 45, "LN_H_est": 22, "LN_M_est": 24, "LN_1839_est": 24, "rank_seccion": 13, "pct_acum_sec": 17.97, "prioridad_50": true, "prioridad_80": true, "rank_municipal": 33, "pct_acum_LN_mun": 11.69}}, {"type": "Feature", "geometry": {"type": "Polygon", "coordinates": [[[-97.61850598001283, 19.37677850980254], [-97.61869798013312, 19.376434020153194], [-97.61906639987376, 19.376643369842494], [-97.61899697031535, 19.376760680019327], [-97.6189484198129, 19.376842710400492], [-97.61887225015546, 19.376971379584738], [-97.61850598001283, 19.37677850980254]]]}, "properties": {"CVEGEO": "211080001003A047", "CVE_LOC": "0001", "AGEB": "003A", "MZA": "047", "SECCION": 877, "POBTOT": 13, "P18YMAS": 13, "P18YMAS_H": 6, "P18YMAS_M": 7, "P18A24": 0, "ITER_MATCH": true, "LN_total_sec": 3745, "LN_H_sec": 1798, "LN_M_sec": 1947, "LN_1839_sec": 2000, "LN_estimada": 20, "LN_H_est": 9, "LN_M_est": 10, "LN_1839_est": 10, "rank_seccion": 89, "pct_acum_sec": 79.07, "prioridad_50": false, "prioridad_80": true, "rank_municipal": 285, "pct_acum_LN_mun": 59.05}}, {"type": "Feature", "geometry": {"type": "Polygon", "coordinates": [[[-97.61627777020746, 19.377660820037384], [-97.61648168001004, 19.37735499986233], [-97.61682489027083, 19.377547019882183], [-97.61662371967951, 19.377849830206443], [-97.61627777020746, 19.377660820037384]]]}, "properties": {"CVEGEO": "211080001003A028", "CVE_LOC": "0001", "AGEB": "003A", "MZA": "028", "SECCION": 877, "POBTOT": 44, "P18YMAS": 28, "P18YMAS_H": 15, "P18YMAS_M": 13, "P18A24": 6, "ITER_MATCH": true, "LN_total_sec": 3745, "LN_H_sec": 1798, "LN_M_sec": 1947, "LN_1839_sec": 2000, "LN_estimada": 42, "LN_H_est": 20, "LN_M_est": 22, "LN_1839_est": 23, "rank_seccion": 16, "pct_acum_sec": 21.44, "prioridad_50": true, "prioridad_80": true, "rank_municipal": 39, "pct_acum_LN_mun": 13.45}}, {"type": "Feature", "geometry": {"type": "Polygon", "coordinates": [[[-97.62377011969319, 19.376925119836674], [-97.62388209043833, 19.37673518020545], [-97.62396462979864, 19.37659518039788], [-97.62439081975404, 19.376811020300508], [-97.6242757797238, 19.37701285006658], [-97.62420138005555, 19.37714342027658], [-97.62377011969319, 19.376925119836674]]]}, "properties": {"CVEGEO": "2110800010010025", "CVE_LOC": "0001", "AGEB": "0010", "MZA": "025", "SECCION": 875, "POBTOT": 18, "P18YMAS": 14, "P18YMAS_H": 7, "P18YMAS_M": 7, "P18A24": 0, "ITER_MATCH": true, "LN_total_sec": 1680, "LN_H_sec": 825, "LN_M_sec": 855, "LN_1839_sec": 803, "LN_estimada": 26, "LN_H_est": 13, "LN_M_est": 13, "LN_1839_est": 12, "rank_seccion": 33, "pct_acum_sec": 80.3, "prioridad_50": false, "prioridad_80": true, "rank_municipal": 164, "pct_acum_LN_mun": 40.58}}, {"type": "Feature", "geometry": {"type": "Polygon", "coordinates": [[[-97.62425969009745, 19.37717287958759], [-97.62435434996546, 19.37700969017087], [-97.62445176972965, 19.3768417496847], [-97.6248215395975, 19.377030020212096], [-97.62463607974111, 19.377363689865234], [-97.62425969009745, 19.37717287958759]]]}, "properties": {"CVEGEO": "2110800010010026", "CVE_LOC": "0001", "AGEB": "0010", "MZA": "026", "SECCION": 875, "POBTOT": 14, "P18YMAS": 9, "P18YMAS_H": 4, "P18YMAS_M": 5, "P18A24": 3, "ITER_MATCH": true, "LN_total_sec": 1680, "LN_H_sec": 825, "LN_M_sec": 855, "LN_1839_sec": 803, "LN_estimada": 17, "LN_H_est": 8, "LN_M_est": 9, "LN_1839_est": 8, "rank_seccion": 44, "pct_acum_sec": 94.35, "prioridad_50": false, "prioridad_80": false, "rank_municipal": 331, "pct_acum_LN_mun": 64.76}}, {"type": "Feature", "geometry": {"type": "Polygon", "coordinates": [[[-97.63723903021125, 19.40950850976238], [-97.63755164992962, 19.40975665976701], [-97.63726593996472, 19.41005166038117], [-97.63695923012132, 19.40981221960265], [-97.63707761992663, 19.409688020379697], [-97.6371427099779, 19.40961584991687], [-97.63723903021125, 19.40950850976238]]]}, "properties": {"CVEGEO": "211080005010A023", "CVE_LOC": "0005", "AGEB": "010A", "MZA": "023", "SECCION": 876, "POBTOT": 0, "P18YMAS": 0, "P18YMAS_H": 0, "P18YMAS_M": 0, "P18A24": 0, "ITER_MATCH": false, "LN_total_sec": 1428, "LN_H_sec": 662, "LN_M_sec": 766, "LN_1839_sec": 812, "LN_estimada": 16, "LN_H_est": 7, "LN_M_est": 8, "LN_1839_est": 9, "rank_seccion": 59, "pct_acum_sec": 66.39, "prioridad_50": false, "prioridad_80": true, "rank_municipal": 406, "pct_acum_LN_mun": 72.95}}, {"type": "Feature", "geometry": {"type": "Polygon", "coordinates": [[[-97.62358372036128, 19.37836969019472], [-97.6236567800711, 19.37824097014474], [-97.62377035036937, 19.378040889845252], [-97.62413707959524, 19.378227620331668], [-97.62393951958448, 19.378554749561378], [-97.62358372036128, 19.37836969019472]]]}, "properties": {"CVEGEO": "2110800010010002", "CVE_LOC": "0001", "AGEB": "0010", "MZA": "002", "SECCION": 875, "POBTOT": 25, "P18YMAS": 16, "P18YMAS_H": 7, "P18YMAS_M": 9, "P18A24": 5, "ITER_MATCH": true, "LN_total_sec": 1680, "LN_H_sec": 825, "LN_M_sec": 855, "LN_1839_sec": 803, "LN_estimada": 30, "LN_H_est": 15, "LN_M_est": 15, "LN_1839_est": 14, "rank_seccion": 27, "pct_acum_sec": 69.94, "prioridad_50": false, "prioridad_80": true, "rank_municipal": 121, "pct_acum_LN_mun": 32.42}}, {"type": "Feature", "geometry": {"type": "Polygon", "coordinates": [[[-97.57051084986793, 19.283578709701718], [-97.57030745988138, 19.28451045015502], [-97.56990499964131, 19.284259600398432], [-97.56945213966232, 19.284043229544086], [-97.56961985991768, 19.283596780080202], [-97.57051084986793, 19.283578709701718]]]}, "properties": {"CVEGEO": "2110800350133019", "CVE_LOC": "0035", "AGEB": "0133", "MZA": "019", "SECCION": 882, "POBTOT": 0, "P18YMAS": 0, "P18YMAS_H": 0, "P18YMAS_M": 0, "P18A24": 0, "ITER_MATCH": false, "LN_total_sec": 2061, "LN_H_sec": 985, "LN_M_sec": 1076, "LN_1839_sec": 1194, "LN_estimada": 13, "LN_H_est": 6, "LN_M_est": 7, "LN_1839_est": 7, "rank_seccion": 89, "pct_acum_sec": 56.14, "prioridad_50": false, "prioridad_80": true, "rank_municipal": 585, "pct_acum_LN_mun": 89.82}}, {"type": "Feature", "geometry": {"type": "Polygon", "coordinates": [[[-97.57005404962712, 19.28172929000761], [-97.5698002903458, 19.282590910453646], [-97.56888958030763, 19.282629020280208], [-97.56909728015052, 19.28176245969345], [-97.57005404962712, 19.28172929000761]]]}, "properties": {"CVEGEO": "2110800350133001", "CVE_LOC": "0035", "AGEB": "0133", "MZA": "001", "SECCION": 882, "POBTOT": 0, "P18YMAS": 0, "P18YMAS_H": 0, "P18YMAS_M": 0, "P18A24": 0, "ITER_MATCH": false, "LN_total_sec": 2061, "LN_H_sec": 985, "LN_M_sec": 1076, "LN_1839_sec": 1194, "LN_estimada": 13, "LN_H_est": 6, "LN_M_est": 7, "LN_1839_est": 7, "rank_seccion": 90, "pct_acum_sec": 56.77, "prioridad_50": false, "prioridad_80": true, "rank_municipal": 586, "pct_acum_LN_mun": 89.91}}, {"type": "Feature", "geometry": {"type": "Polygon", "coordinates": [[[-97.5364342896189, 19.266955650064013], [-97.53590011019622, 19.26691069011323], [-97.53592280023825, 19.26642352006994], [-97.53645125976583, 19.26644562040224], [-97.5364342896189, 19.266955650064013]]]}, "properties": {"CVEGEO": "2110800320133049", "CVE_LOC": "0032", "AGEB": "0133", "MZA": "049", "SECCION": 882, "POBTOT": 0, "P18YMAS": 0, "P18YMAS_H": 0, "P18YMAS_M": 0, "P18A24": 0, "ITER_MATCH": false, "LN_total_sec": 2061, "LN_H_sec": 985, "LN_M_sec": 1076, "LN_1839_sec": 1194, "LN_estimada": 13, "LN_H_est": 6, "LN_M_est": 7, "LN_1839_est": 7, "rank_seccion": 91, "pct_acum_sec": 57.4, "prioridad_50": false, "prioridad_80": true, "rank_municipal": 587, "pct_acum_LN_mun": 90.0}}, {"type": "Feature", "geometry": {"type": "Polygon", "coordinates": [[[-97.5387909997716, 19.344483459783476], [-97.53797919960847, 19.34389953978134], [-97.53846769009937, 19.3432974904453], [-97.53889686020106, 19.343623779841717], [-97.53908222981859, 19.343763139937245], [-97.53923657989925, 19.343869799577785], [-97.5387909997716, 19.344483459783476]]]}, "properties": {"CVEGEO": "2110800030114020", "CVE_LOC": "0003", "AGEB": "0114", "MZA": "020", "SECCION": 881, "POBTOT": 0, "P18YMAS": 0, "P18YMAS_H": 0, "P18YMAS_M": 0, "P18A24": 0, "ITER_MATCH": false, "LN_total_sec": 1115, "LN_H_sec": 551, "LN_M_sec": 564, "LN_1839_sec": 548, "LN_estimada": 22, "LN_H_est": 11, "LN_M_est": 11, "LN_1839_est": 11, "rank_seccion": 31, "pct_acum_sec": 61.17, "prioridad_50": false, "prioridad_80": true, "rank_municipal": 244, "pct_acum_LN_mun": 53.19}}, {"type": "Feature", "geometry": {"type": "Polygon", "coordinates": [[[-97.61358979960619, 19.382209370383546], [-97.61377088009203, 19.381874689733195], [-97.61413865966136, 19.382067630223705], [-97.61395096968708, 19.38240272042264], [-97.61358979960619, 19.382209370383546]]]}, "properties": {"CVEGEO": "2110800010167001", "CVE_LOC": "0001", "AGEB": "0167", "MZA": "001", "SECCION": 877, "POBTOT": 38, "P18YMAS": 21, "P18YMAS_H": 12, "P18YMAS_M": 9, "P18A24": 5, "ITER_MATCH": true, "LN_total_sec": 3745, "LN_H_sec": 1798, "LN_M_sec": 1947, "LN_1839_sec": 2000, "LN_estimada": 32, "LN_H_est": 15, "LN_M_est": 16, "LN_1839_est": 17, "rank_seccion": 43, "pct_acum_sec": 47.29, "prioridad_50": true, "prioridad_80": true, "rank_municipal": 91, "pct_acum_LN_mun": 26.13}}, {"type": "Feature", "geometry": {"type": "Polygon", "coordinates": [[[-97.61721597980699, 19.37139758040706], [-97.61741641955305, 19.371044419868543], [-97.6177724198556, 19.371237280038343], [-97.61758136993485, 19.37158815027712], [-97.61721597980699, 19.37139758040706]]]}, "properties": {"CVEGEO": "2110800010097033", "CVE_LOC": "0001", "AGEB": "0097", "MZA": "033", "SECCION": 879, "POBTOT": 32, "P18YMAS": 22, "P18YMAS_H": 10, "P18YMAS_M": 12, "P18A24": 7, "ITER_MATCH": true, "LN_total_sec": 1640, "LN_H_sec": 768, "LN_M_sec": 872, "LN_1839_sec": 820, "LN_estimada": 31, "LN_H_est": 14, "LN_M_est": 16, "LN_1839_est": 15, "rank_seccion": 10, "pct_acum_sec": 21.52, "prioridad_50": true, "prioridad_80": true, "rank_municipal": 106, "pct_acum_LN_mun": 29.33}}, {"type": "Feature", "geometry": {"type": "Polygon", "coordinates": [[[-97.61917628971845, 19.3740002297579], [-97.61908565008983, 19.37395328970957], [-97.61899481954077, 19.373906259778387], [-97.6192086295468, 19.373547799741328], [-97.6194394302803, 19.37367870970852], [-97.61955237969708, 19.37374276973893], [-97.61946282036476, 19.37390404969582], [-97.61935733967168, 19.374093999717957], [-97.61917628971845, 19.3740002297579]]]}, "properties": {"CVEGEO": "2110800010059017", "CVE_LOC": "0001", "AGEB": "0059", "MZA": "017", "SECCION": 878, "POBTOT": 20, "P18YMAS": 13, "P18YMAS_H": 7, "P18YMAS_M": 6, "P18A24": 0, "ITER_MATCH": true, "LN_total_sec": 1218, "LN_H_sec": 568, "LN_M_sec": 650, "LN_1839_sec": 631, "LN_estimada": 18, "LN_H_est": 9, "LN_M_est": 10, "LN_1839_est": 9, "rank_seccion": 28, "pct_acum_sec": 72.99, "prioridad_50": false, "prioridad_80": true, "rank_municipal": 315, "pct_acum_LN_mun": 62.89}}, {"type": "Feature", "geometry": {"type": "Polygon", "coordinates": [[[-97.62221183017132, 19.37612382968505], [-97.6223992797712, 19.375779449653944], [-97.62262977991243, 19.375901060364594], [-97.62253277968023, 19.376117450179496], [-97.62246907992325, 19.376259580300538], [-97.62221183017132, 19.37612382968505]]]}, "properties": {"CVEGEO": "2110800010152016", "CVE_LOC": "0001", "AGEB": "0152", "MZA": "016", "SECCION": 2747, "POBTOT": 6, "P18YMAS": 0, "P18YMAS_H": 0, "P18YMAS_M": 0, "P18A24": 0, "ITER_MATCH": true, "LN_total_sec": 923, "LN_H_sec": 421, "LN_M_sec": 502, "LN_1839_sec": 436, "LN_estimada": 0, "LN_H_est": 0, "LN_M_est": 0, "LN_1839_est": 0, "rank_seccion": 62, "pct_acum_sec": 100.0, "prioridad_50": false, "prioridad_80": false, "rank_municipal": 880, "pct_acum_LN_mun": 100.0}}, {"type": "Feature", "geometry": {"type": "Polygon", "coordinates": [[[-97.62164346035989, 19.375828629563575], [-97.62155757003497, 19.375783829875104], [-97.62147168007964, 19.375739050089386], [-97.62138548017778, 19.37569407999749], [-97.62139394044203, 19.375680180317094], [-97.62140419980862, 19.37566331999016], [-97.62141406004855, 19.375647109748638], [-97.62142434040193, 19.375630250029417], [-97.62143460040214, 19.37561336977973], [-97.62144487979624, 19.375596510032025], [-97.62146684973555, 19.37556039963148], [-97.62147711957999, 19.375543539606106], [-97.62148737953798, 19.375526660259993], [-97.62149765958927, 19.37550977968322], [-97.62150794024245, 19.37549291000006], [-97.62152847959531, 19.37545916999662], [-97.62153875006554, 19.375442290047367], [-97.6215490202127, 19.375425420058495], [-97.62155929035731, 19.37540855006929], [-97.62159092036964, 19.37535659975923], [-97.62162984952964, 19.37537710988334], [-97.62166832035827, 19.375397350210736], [-97.62170681952462, 19.375417630323845], [-97.62174528976416, 19.375437889648754], [-97.62178376952777, 19.375458150146343], [-97.62182224996565, 19.37547841971753], [-97.62186072021042, 19.375498679919996], [-97.62189920000839, 19.375518940389632], [-97.62193721990755, 19.37553895005206], [-97.6219039397898, 19.375592379864656], [-97.62189238007494, 19.37561095002876], [-97.62188081971593, 19.37562954011401], [-97.62186925013984, 19.37564809005128], [-97.62185767991959, 19.375666659909772], [-97.6218461195511, 19.375685249993523], [-97.62183455027872, 19.375703819878662], [-97.6218229698445, 19.375722380376178], [-97.62181141999154, 19.37574096985713], [-97.6217998503966, 19.375759519791462], [-97.62178828969915, 19.37577808992346], [-97.62177671976997, 19.375796679727788], [-97.62176515015814, 19.375815259570775], [-97.62175360026761, 19.37583382004464], [-97.62174202969534, 19.37585239985897], [-97.62173044986946, 19.375870970341047], [-97.62172902954232, 19.375873260375105], [-97.62164346035989, 19.375828629563575]]]}, "properties": {"CVEGEO": "2110800010152014", "CVE_LOC": "0001", "AGEB": "0152", "MZA": "014", "SECCION": 2747, "POBTOT": 0, "P18YMAS": 0, "P18YMAS_H": 0, "P18YMAS_M": 0, "P18A24": 0, "ITER_MATCH": true, "LN_total_sec": 923, "LN_H_sec": 421, "LN_M_sec": 502, "LN_1839_sec": 436, "LN_estimada": 0, "LN_H_est": 0, "LN_M_est": 0, "LN_1839_est": 0, "rank_seccion": 63, "pct_acum_sec": 100.0, "prioridad_50": false, "prioridad_80": false, "rank_municipal": 881, "pct_acum_LN_mun": 100.0}}, {"type": "Feature", "geometry": {"type": "Polygon", "coordinates": [[[-97.62198476974098, 19.376525419663768], [-97.62208705005446, 19.37633357000131], [-97.622167080105, 19.376183450405428], [-97.62228533997504, 19.37624614962151], [-97.62241004957677, 19.37631229042562], [-97.62227537974805, 19.376675029669066], [-97.62198476974098, 19.376525419663768]]]}, "properties": {"CVEGEO": "2110800010152005", "CVE_LOC": "0001", "AGEB": "0152", "MZA": "005", "SECCION": 2747, "POBTOT": 38, "P18YMAS": 26, "P18YMAS_H": 12, "P18YMAS_M": 14, "P18A24": 7, "ITER_MATCH": true, "LN_total_sec": 923, "LN_H_sec": 421, "LN_M_sec": 502, "LN_1839_sec": 436, "LN_estimada": 34, "LN_H_est": 15, "LN_M_est": 18, "LN_1839_est": 16, "rank_seccion": 6, "pct_acum_sec": 27.41, "prioridad_50": true, "prioridad_80": true, "rank_municipal": 75, "pct_acum_LN_mun": 22.59}}, {"type": "Feature", "geometry": {"type": "Polygon", "coordinates": [[[-97.62158530990861, 19.376311419827275], [-97.62167642010999, 19.376161689574552], [-97.62170451006163, 19.37611548996839], [-97.62178205971924, 19.375987999785245], [-97.62201437024204, 19.37611041985067], [-97.62210662034327, 19.37615902998485], [-97.62193067979402, 19.376495459994995], [-97.62158530990861, 19.376311419827275]]]}, "properties": {"CVEGEO": "2110800010152004", "CVE_LOC": "0001", "AGEB": "0152", "MZA": "004", "SECCION": 2747, "POBTOT": 33, "P18YMAS": 23, "P18YMAS_H": 10, "P18YMAS_M": 13, "P18A24": 0, "ITER_MATCH": true, "LN_total_sec": 923, "LN_H_sec": 421, "LN_M_sec": 502, "LN_1839_sec": 436, "LN_estimada": 30, "LN_H_est": 14, "LN_M_est": 16, "LN_1839_est": 14, "rank_seccion": 10, "pct_acum_sec": 40.85, "prioridad_50": true, "prioridad_80": true, "rank_municipal": 122, "pct_acum_LN_mun": 32.62}}, {"type": "Feature", "geometry": {"type": "Polygon", "coordinates": [[[-97.6172426895683, 19.370451660382393], [-97.61727372026594, 19.370388949758425], [-97.61732442024442, 19.37028643007016], [-97.61774775018439, 19.37034953975182], [-97.61759419971746, 19.370631909913364], [-97.6172426895683, 19.370451660382393]]]}, "properties": {"CVEGEO": "2110800010097047", "CVE_LOC": "0001", "AGEB": "0097", "MZA": "047", "SECCION": 879, "POBTOT": 46, "P18YMAS": 22, "P18YMAS_H": 10, "P18YMAS_M": 12, "P18A24": 3, "ITER_MATCH": true, "LN_total_sec": 1640, "LN_H_sec": 768, "LN_M_sec": 872, "LN_1839_sec": 820, "LN_estimada": 31, "LN_H_est": 14, "LN_M_est": 16, "LN_1839_est": 15, "rank_seccion": 11, "pct_acum_sec": 23.41, "prioridad_50": true, "prioridad_80": true, "rank_municipal": 107, "pct_acum_LN_mun": 29.54}}, {"type": "Feature", "geometry": {"type": "Polygon", "coordinates": [[[-97.61678896967746, 19.37021775037588], [-97.61680302973336, 19.370201349687566], [-97.6172491195737, 19.370274889983836], [-97.61717220001944, 19.37041528027736], [-97.61678896967746, 19.37021775037588]]]}, "properties": {"CVEGEO": "2110800010097046", "CVE_LOC": "0001", "AGEB": "0097", "MZA": "046", "SECCION": 879, "POBTOT": 6, "P18YMAS": 0, "P18YMAS_H": 0, "P18YMAS_M": 0, "P18A24": 0, "ITER_MATCH": true, "LN_total_sec": 1640, "LN_H_sec": 768, "LN_M_sec": 872, "LN_1839_sec": 820, "LN_estimada": 0, "LN_H_est": 0, "LN_M_est": 0, "LN_1839_est": 0, "rank_seccion": 134, "pct_acum_sec": 100.0, "prioridad_50": false, "prioridad_80": false, "rank_municipal": 882, "pct_acum_LN_mun": 100.0}}, {"type": "Feature", "geometry": {"type": "Polygon", "coordinates": [[[-97.6159720204537, 19.374435320216882], [-97.61620198011238, 19.374070979832254], [-97.61655558044443, 19.37425677015945], [-97.61634494989313, 19.374626089670546], [-97.6159720204537, 19.374435320216882]]]}, "properties": {"CVEGEO": "2110800010097045", "CVE_LOC": "0001", "AGEB": "0097", "MZA": "045", "SECCION": 878, "POBTOT": 32, "P18YMAS": 22, "P18YMAS_H": 11, "P18YMAS_M": 11, "P18A24": 3, "ITER_MATCH": true, "LN_total_sec": 1218, "LN_H_sec": 568, "LN_M_sec": 650, "LN_1839_sec": 631, "LN_estimada": 31, "LN_H_est": 14, "LN_M_est": 17, "LN_1839_est": 16, "rank_seccion": 13, "pct_acum_sec": 42.04, "prioridad_50": true, "prioridad_80": true, "rank_municipal": 108, "pct_acum_LN_mun": 29.75}}, {"type": "Feature", "geometry": {"type": "Polygon", "coordinates": [[[-97.61785955016327, 19.371228119793077], [-97.61803166015046, 19.370921599786655], [-97.61838689041114, 19.37110534976657], [-97.61821570953522, 19.371418090405253], [-97.61785955016327, 19.371228119793077]]]}, "properties": {"CVEGEO": "2110800010097044", "CVE_LOC": "0001", "AGEB": "0097", "MZA": "044", "SECCION": 879, "POBTOT": 10, "P18YMAS": 0, "P18YMAS_H": 0, "P18YMAS_M": 0, "P18A24": 0, "ITER_MATCH": true, "LN_total_sec": 1640, "LN_H_sec": 768, "LN_M_sec": 872, "LN_1839_sec": 820, "LN_estimada": 0, "LN_H_est": 0, "LN_M_est": 0, "LN_1839_est": 0, "rank_seccion": 135, "pct_acum_sec": 100.0, "prioridad_50": false, "prioridad_80": false, "rank_municipal": 883, "pct_acum_LN_mun": 100.0}}, {"type": "Feature", "geometry": {"type": "Polygon", "coordinates": [[[-97.61500973966903, 19.371815110357065], [-97.61502591987976, 19.37169402013573], [-97.6150851799898, 19.371379430115343], [-97.61538568981956, 19.37153899957812], [-97.61519794969965, 19.371917739848524], [-97.61500973966903, 19.371815110357065]]]}, "properties": {"CVEGEO": "2110800010097026", "CVE_LOC": "0001", "AGEB": "0097", "MZA": "026", "SECCION": 878, "POBTOT": 13, "P18YMAS": 11, "P18YMAS_H": 6, "P18YMAS_M": 5, "P18A24": 0, "ITER_MATCH": true, "LN_total_sec": 1218, "LN_H_sec": 568, "LN_M_sec": 650, "LN_1839_sec": 631, "LN_estimada": 16, "LN_H_est": 7, "LN_M_est": 8, "LN_1839_est": 8, "rank_seccion": 37, "pct_acum_sec": 85.3, "prioridad_50": false, "prioridad_80": false, "rank_municipal": 407, "pct_acum_LN_mun": 73.06}}, {"type": "Feature", "geometry": {"type": "Polygon", "coordinates": [[[-97.6148814300797, 19.372797480182825], [-97.61493357956655, 19.37256293997985], [-97.61501039984991, 19.372385139696096], [-97.61533279959495, 19.372571319573392], [-97.6151312798012, 19.372916650215462], [-97.6148814300797, 19.372797480182825]]]}, "properties": {"CVEGEO": "2110800010097025", "CVE_LOC": "0001", "AGEB": "0097", "MZA": "025", "SECCION": 878, "POBTOT": 4, "P18YMAS": 0, "P18YMAS_H": 0, "P18YMAS_M": 0, "P18A24": 0, "ITER_MATCH": true, "LN_total_sec": 1218, "LN_H_sec": 568, "LN_M_sec": 650, "LN_1839_sec": 631, "LN_estimada": 0, "LN_H_est": 0, "LN_M_est": 0, "LN_1839_est": 0, "rank_seccion": 61, "pct_acum_sec": 100.0, "prioridad_50": false, "prioridad_80": false, "rank_municipal": 884, "pct_acum_LN_mun": 100.0}}, {"type": "Feature", "geometry": {"type": "Polygon", "coordinates": [[[-97.61520146018957, 19.372943740215636], [-97.61539295036476, 19.37261049036973], [-97.61574964952298, 19.372795220353776], [-97.61554833984323, 19.37313186016026], [-97.61520146018957, 19.372943740215636]]]}, "properties": {"CVEGEO": "2110800010097024", "CVE_LOC": "0001", "AGEB": "0097", "MZA": "024", "SECCION": 878, "POBTOT": 19, "P18YMAS": 8, "P18YMAS_H": 4, "P18YMAS_M": 4, "P18A24": 0, "ITER_MATCH": true, "LN_total_sec": 1218, "LN_H_sec": 568, "LN_M_sec": 650, "LN_1839_sec": 631, "LN_estimada": 11, "LN_H_est": 5, "LN_M_est": 6, "LN_1839_est": 6, "rank_seccion": 46, "pct_acum_sec": 95.16, "prioridad_50": false, "prioridad_80": false, "rank_municipal": 679, "pct_acum_LN_mun": 97.77}}, {"type": "Feature", "geometry": {"type": "Polygon", "coordinates": [[[-97.6156027497936, 19.37317121957803], [-97.61580847958106, 19.372823219684385], [-97.61618585977955, 19.37301692007604], [-97.61609461953563, 19.373179749884322], [-97.61599154045963, 19.373363709919133], [-97.6156027497936, 19.37317121957803]]]}, "properties": {"CVEGEO": "2110800010097023", "CVE_LOC": "0001", "AGEB": "0097", "MZA": "023", "SECCION": 878, "POBTOT": 35, "P18YMAS": 24, "P18YMAS_H": 10, "P18YMAS_M": 14, "P18A24": 4, "ITER_MATCH": true, "LN_total_sec": 1218, "LN_H_sec": 568, "LN_M_sec": 650, "LN_1839_sec": 631, "LN_estimada": 34, "LN_H_est": 16, "LN_M_est": 18, "LN_1839_est": 17, "rank_seccion": 8, "pct_acum_sec": 28.82, "prioridad_50": true, "prioridad_80": true, "rank_municipal": 76, "pct_acum_LN_mun": 22.82}}, {"type": "Feature", "geometry": {"type": "Polygon", "coordinates": [[[-97.6196420195759, 19.373717080036307], [-97.6198591704199, 19.3733768299348], [-97.6202136199417, 19.3735704499229], [-97.62012752039136, 19.373722749568916], [-97.62009457027713, 19.373781050231845], [-97.62006158037292, 19.37383936967895], [-97.62002862956867, 19.37389766034676], [-97.62001585985517, 19.373920260337528], [-97.6196420195759, 19.373717080036307]]]}, "properties": {"CVEGEO": "2110800010082041", "CVE_LOC": "0001", "AGEB": "0082", "MZA": "041", "SECCION": 879, "POBTOT": 16, "P18YMAS": 0, "P18YMAS_H": 0, "P18YMAS_M": 0, "P18A24": 0, "ITER_MATCH": true, "LN_total_sec": 1640, "LN_H_sec": 768, "LN_M_sec": 872, "LN_1839_sec": 820, "LN_estimada": 0, "LN_H_est": 0, "LN_M_est": 0, "LN_1839_est": 0, "rank_seccion": 136, "pct_acum_sec": 100.0, "prioridad_50": false, "prioridad_80": false, "rank_municipal": 885, "pct_acum_LN_mun": 100.0}}, {"type": "Feature", "geometry": {"type": "Polygon", "coordinates": [[[-97.62011606024902, 19.37403255005454], [-97.62016269016193, 19.373954649560204], [-97.62031919982077, 19.373693219910955], [-97.62056828035603, 19.373823600333367], [-97.62069225965034, 19.373888510376876], [-97.62048807973667, 19.374226979776047], [-97.62011606024902, 19.37403255005454]]]}, "properties": {"CVEGEO": "2110800010082040", "CVE_LOC": "0001", "AGEB": "0082", "MZA": "040", "SECCION": 879, "POBTOT": 26, "P18YMAS": 18, "P18YMAS_H": 5, "P18YMAS_M": 13, "P18A24": 3, "ITER_MATCH": true, "LN_total_sec": 1640, "LN_H_sec": 768, "LN_M_sec": 872, "LN_1839_sec": 820, "LN_estimada": 25, "LN_H_est": 12, "LN_M_est": 13, "LN_1839_est": 13, "rank_seccion": 26, "pct_acum_sec": 48.48, "prioridad_50": true, "prioridad_80": true, "rank_municipal": 177, "pct_acum_LN_mun": 42.83}}, {"type": "Feature", "geometry": {"type": "Polygon", "coordinates": [[[-97.62079025021944, 19.374384800320673], [-97.6206662301347, 19.374320400347557], [-97.6205419800332, 19.374255910219762], [-97.62057142000371, 19.374205539956012], [-97.62060225991634, 19.374152800225673], [-97.62067173978723, 19.374034020152582], [-97.62074258003335, 19.373912850421405], [-97.62112441956403, 19.374115510268105], [-97.62091400019787, 19.374449050063404], [-97.62079025021944, 19.374384800320673]]]}, "properties": {"CVEGEO": "2110800010082039", "CVE_LOC": "0001", "AGEB": "0082", "MZA": "039", "SECCION": 879, "POBTOT": 15, "P18YMAS": 11, "P18YMAS_H": 5, "P18YMAS_M": 6, "P18A24": 3, "ITER_MATCH": true, "LN_total_sec": 1640, "LN_H_sec": 768, "LN_M_sec": 872, "LN_1839_sec": 820, "LN_estimada": 15, "LN_H_est": 7, "LN_M_est": 8, "LN_1839_est": 8, "rank_seccion": 56, "pct_acum_sec": 84.7, "prioridad_50": false, "prioridad_80": false, "rank_municipal": 453, "pct_acum_LN_mun": 77.95}}, {"type": "Feature", "geometry": {"type": "Polygon", "coordinates": [[[-97.62078748024787, 19.373845000235615], [-97.62083746038523, 19.373766910261978], [-97.62100377026938, 19.373507020311983], [-97.62123278046566, 19.373627230241283], [-97.6211726598435, 19.3739748798536], [-97.62116139983169, 19.374040049806364], [-97.62078748024787, 19.373845000235615]]]}, "properties": {"CVEGEO": "2110800010082038", "CVE_LOC": "0001", "AGEB": "0082", "MZA": "038", "SECCION": 879, "POBTOT": 17, "P18YMAS": 12, "P18YMAS_H": 8, "P18YMAS_M": 4, "P18A24": 0, "ITER_MATCH": true, "LN_total_sec": 1640, "LN_H_sec": 768, "LN_M_sec": 872, "LN_1839_sec": 820, "LN_estimada": 17, "LN_H_est": 8, "LN_M_est": 9, "LN_1839_est": 8, "rank_seccion": 49, "pct_acum_sec": 77.93, "prioridad_50": false, "prioridad_80": true, "rank_municipal": 332, "pct_acum_LN_mun": 64.88}}, {"type": "Feature", "geometry": {"type": "Polygon", "coordinates": [[[-97.62104318004276, 19.373412419793695], [-97.62123428000221, 19.373078340250824], [-97.62134139952005, 19.373129420160257], [-97.621256339929, 19.373524950087283], [-97.62104318004276, 19.373412419793695]]]}, "properties": {"CVEGEO": "2110800010082037", "CVE_LOC": "0001", "AGEB": "0082", "MZA": "037", "SECCION": 879, "POBTOT": 2, "P18YMAS": 0, "P18YMAS_H": 0, "P18YMAS_M": 0, "P18A24": 0, "ITER_MATCH": true, "LN_total_sec": 1640, "LN_H_sec": 768, "LN_M_sec": 872, "LN_1839_sec": 820, "LN_estimada": 0, "LN_H_est": 0, "LN_M_est": 0, "LN_1839_est": 0, "rank_seccion": 137, "pct_acum_sec": 100.0, "prioridad_50": false, "prioridad_80": false, "rank_municipal": 886, "pct_acum_LN_mun": 100.0}}, {"type": "Feature", "geometry": {"type": "Polygon", "coordinates": [[[-97.61845171992947, 19.372046830319743], [-97.61865161955693, 19.371707050258678], [-97.61902057956017, 19.37190268979832], [-97.61882087960107, 19.37224142027228], [-97.61845171992947, 19.372046830319743]]]}, "properties": {"CVEGEO": "2110800010082027", "CVE_LOC": "0001", "AGEB": "0082", "MZA": "027", "SECCION": 879, "POBTOT": 7, "P18YMAS": 0, "P18YMAS_H": 0, "P18YMAS_M": 0, "P18A24": 0, "ITER_MATCH": true, "LN_total_sec": 1640, "LN_H_sec": 768, "LN_M_sec": 872, "LN_1839_sec": 820, "LN_estimada": 0, "LN_H_est": 0, "LN_M_est": 0, "LN_1839_est": 0, "rank_seccion": 138, "pct_acum_sec": 100.0, "prioridad_50": false, "prioridad_80": false, "rank_municipal": 887, "pct_acum_LN_mun": 100.0}}, {"type": "Feature", "geometry": {"type": "Polygon", "coordinates": [[[-97.61821687985899, 19.372448780037118], [-97.61842968026043, 19.37208844976693], [-97.61879212045373, 19.372282799593282], [-97.61858356951095, 19.372647970436557], [-97.61821687985899, 19.372448780037118]]]}, "properties": {"CVEGEO": "2110800010082026", "CVE_LOC": "0001", "AGEB": "0082", "MZA": "026", "SECCION": 879, "POBTOT": 16, "P18YMAS": 11, "P18YMAS_H": 6, "P18YMAS_M": 5, "P18A24": 0, "ITER_MATCH": true, "LN_total_sec": 1640, "LN_H_sec": 768, "LN_M_sec": 872, "LN_1839_sec": 820, "LN_estimada": 15, "LN_H_est": 7, "LN_M_est": 8, "LN_1839_est": 8, "rank_seccion": 57, "pct_acum_sec": 85.61, "prioridad_50": false, "prioridad_80": false, "rank_municipal": 454, "pct_acum_LN_mun": 78.05}}, {"type": "Feature", "geometry": {"type": "Polygon", "coordinates": [[[-97.62364537044017, 19.371692419876346], [-97.62383854984128, 19.37133310956763], [-97.62396068995261, 19.371406570376834], [-97.62419735033296, 19.371548889606984], [-97.6240001397104, 19.37188487969234], [-97.62364537044017, 19.371692419876346]]]}, "properties": {"CVEGEO": "2110800010078039", "CVE_LOC": "0001", "AGEB": "0078", "MZA": "039", "SECCION": 880, "POBTOT": 11, "P18YMAS": 6, "P18YMAS_H": 0, "P18YMAS_M": 5, "P18A24": 0, "ITER_MATCH": true, "LN_total_sec": 1026, "LN_H_sec": 513, "LN_M_sec": 513, "LN_1839_sec": 467, "LN_estimada": 8, "LN_H_est": 4, "LN_M_est": 4, "LN_1839_est": 4, "rank_seccion": 47, "pct_acum_sec": 99.22, "prioridad_50": false, "prioridad_80": false, "rank_municipal": 709, "pct_acum_LN_mun": 99.71}}, {"type": "Feature", "geometry": {"type": "Polygon", "coordinates": [[[-97.6232430200374, 19.37148319966874], [-97.62341168971521, 19.371173940208198], [-97.62359294039686, 19.37119536965117], [-97.62378545973803, 19.371317250136215], [-97.62363527976753, 19.371589969697165], [-97.62358983001337, 19.371672479609913], [-97.6232430200374, 19.37148319966874]]]}, "properties": {"CVEGEO": "2110800010078038", "CVE_LOC": "0001", "AGEB": "0078", "MZA": "038", "SECCION": 879, "POBTOT": 19, "P18YMAS": 12, "P18YMAS_H": 4, "P18YMAS_M": 8, "P18A24": 3, "ITER_MATCH": true, "LN_total_sec": 1640, "LN_H_sec": 768, "LN_M_sec": 872, "LN_1839_sec": 820, "LN_estimada": 17, "LN_H_est": 8, "LN_M_est": 9, "LN_1839_est": 8, "rank_seccion": 50, "pct_acum_sec": 78.96, "prioridad_50": false, "prioridad_80": true, "rank_municipal": 333, "pct_acum_LN_mun": 64.99}}, {"type": "Feature", "geometry": {"type": "Polygon", "coordinates": [[[-97.62272320006453, 19.37481262971336], [-97.6226124495571, 19.374754780062062], [-97.62247021970626, 19.374680480238695], [-97.62247743030862, 19.37466747968606], [-97.62249402014847, 19.37463747995927], [-97.62250449008506, 19.374618580000732], [-97.62255861976972, 19.37452084980339], [-97.62258567980105, 19.374471970060988], [-97.62265964955483, 19.3743383504213], [-97.62288900046399, 19.37445811999517], [-97.6231177097598, 19.374577539810904], [-97.62305532027703, 19.374737289681146], [-97.62297463013975, 19.37494396978197], [-97.62272320006453, 19.37481262971336]]]}, "properties": {"CVEGEO": "2110800010078030", "CVE_LOC": "0001", "AGEB": "0078", "MZA": "030", "SECCION": 880, "POBTOT": 0, "P18YMAS": 0, "P18YMAS_H": 0, "P18YMAS_M": 0, "P18A24": 0, "ITER_MATCH": true, "LN_total_sec": 1026, "LN_H_sec": 513, "LN_M_sec": 513, "LN_1839_sec": 467, "LN_estimada": 0, "LN_H_est": 0, "LN_M_est": 0, "LN_1839_est": 0, "rank_seccion": 55, "pct_acum_sec": 100.0, "prioridad_50": false, "prioridad_80": false, "rank_municipal": 888, "pct_acum_LN_mun": 100.0}}, {"type": "Feature", "geometry": {"type": "Polygon", "coordinates": [[[-97.62185803035685, 19.373846749951493], [-97.62210118030956, 19.373711180328577], [-97.62226005027271, 19.373638020006645], [-97.62238745030677, 19.373705449577944], [-97.62229678028604, 19.37387298008728], [-97.6222095497304, 19.374034200380095], [-97.62185803035685, 19.373846749951493]]]}, "properties": {"CVEGEO": "2110800010078020", "CVE_LOC": "0001", "AGEB": "0078", "MZA": "020", "SECCION": 880, "POBTOT": 21, "P18YMAS": 17, "P18YMAS_H": 9, "P18YMAS_M": 8, "P18A24": 4, "ITER_MATCH": true, "LN_total_sec": 1026, "LN_H_sec": 513, "LN_M_sec": 513, "LN_1839_sec": 467, "LN_estimada": 23, "LN_H_est": 11, "LN_M_est": 11, "LN_1839_est": 10, "rank_seccion": 19, "pct_acum_sec": 57.21, "prioridad_50": false, "prioridad_80": true, "rank_municipal": 205, "pct_acum_LN_mun": 47.38}}, {"type": "Feature", "geometry": {"type": "Polygon", "coordinates": [[[-97.62226383016534, 19.374061090088933], [-97.62244373997243, 19.373735340426347], [-97.62282449033506, 19.37393064989174], [-97.6227258801217, 19.374106739730877], [-97.62269969031259, 19.374153510180772], [-97.6226411497644, 19.37425805992547], [-97.62226383016534, 19.374061090088933]]]}, "properties": {"CVEGEO": "2110800010078019", "CVE_LOC": "0001", "AGEB": "0078", "MZA": "019", "SECCION": 880, "POBTOT": 8, "P18YMAS": 7, "P18YMAS_H": 0, "P18YMAS_M": 5, "P18A24": 0, "ITER_MATCH": true, "LN_total_sec": 1026, "LN_H_sec": 513, "LN_M_sec": 513, "LN_1839_sec": 467, "LN_estimada": 9, "LN_H_est": 5, "LN_M_est": 5, "LN_1839_est": 4, "rank_seccion": 45, "pct_acum_sec": 97.56, "prioridad_50": false, "prioridad_80": false, "rank_municipal": 701, "pct_acum_LN_mun": 99.25}}, {"type": "Feature", "geometry": {"type": "Polygon", "coordinates": [[[-97.62268802964114, 19.374283109928214], [-97.62280634999541, 19.374075740306616], [-97.62287292030473, 19.37395911010283], [-97.62310064981654, 19.374075650065723], [-97.62329870967616, 19.374177030311085], [-97.62314742953343, 19.374523549853873], [-97.62268802964114, 19.374283109928214]]]}, "properties": {"CVEGEO": "2110800010078018", "CVE_LOC": "0001", "AGEB": "0078", "MZA": "018", "SECCION": 880, "POBTOT": 17, "P18YMAS": 15, "P18YMAS_H": 8, "P18YMAS_M": 7, "P18A24": 0, "ITER_MATCH": true, "LN_total_sec": 1026, "LN_H_sec": 513, "LN_M_sec": 513, "LN_1839_sec": 467, "LN_estimada": 20, "LN_H_est": 10, "LN_M_est": 10, "LN_1839_est": 9, "rank_seccion": 25, "pct_acum_sec": 69.4, "prioridad_50": false, "prioridad_80": true, "rank_municipal": 286, "pct_acum_LN_mun": 59.19}}, {"type": "Feature", "geometry": {"type": "Polygon", "coordinates": [[[-97.6253872296372, 19.37212338017456], [-97.6251779999099, 19.372012000275806], [-97.62516814010816, 19.371907649879123], [-97.62530257967221, 19.371613709856888], [-97.62548822002475, 19.371710370447584], [-97.62567325973968, 19.371806709787887], [-97.62562073980196, 19.371892169747653], [-97.62555871964275, 19.371993120012714], [-97.6254966799883, 19.372094079672173], [-97.62545612046358, 19.372160059994766], [-97.6253872296372, 19.37212338017456]]]}, "properties": {"CVEGEO": "2110800010063023", "CVE_LOC": "0001", "AGEB": "0063", "MZA": "023", "SECCION": 880, "POBTOT": 22, "P18YMAS": 13, "P18YMAS_H": 5, "P18YMAS_M": 8, "P18A24": 3, "ITER_MATCH": true, "LN_total_sec": 1026, "LN_H_sec": 513, "LN_M_sec": 513, "LN_1839_sec": 467, "LN_estimada": 17, "LN_H_est": 9, "LN_M_est": 9, "LN_1839_est": 8, "rank_seccion": 31, "pct_acum_sec": 80.31, "prioridad_50": false, "prioridad_80": true, "rank_municipal": 334, "pct_acum_LN_mun": 65.11}}, {"type": "Feature", "geometry": {"type": "Polygon", "coordinates": [[[-97.62519271987262, 19.37209344968296], [-97.62542047963615, 19.372214000219202], [-97.62536971031001, 19.372272120321327], [-97.6253227500843, 19.37232585964758], [-97.62519271987262, 19.37209344968296]]]}, "properties": {"CVEGEO": "2110800010063022", "CVE_LOC": "0001", "AGEB": "0063", "MZA": "022", "SECCION": 880, "POBTOT": 1, "P18YMAS": 0, "P18YMAS_H": 0, "P18YMAS_M": 0, "P18A24": 0, "ITER_MATCH": true, "LN_total_sec": 1026, "LN_H_sec": 513, "LN_M_sec": 513, "LN_1839_sec": 467, "LN_estimada": 0, "LN_H_est": 0, "LN_M_est": 0, "LN_1839_est": 0, "rank_seccion": 56, "pct_acum_sec": 100.0, "prioridad_50": false, "prioridad_80": false, "rank_municipal": 889, "pct_acum_LN_mun": 100.0}}, {"type": "Feature", "geometry": {"type": "Polygon", "coordinates": [[[-97.62491421999498, 19.374948629906953], [-97.625039919763, 19.374738150308836], [-97.62512387959524, 19.374597620375475], [-97.62557099961144, 19.374824280223518], [-97.6253675801763, 19.375180519634903], [-97.62491421999498, 19.374948629906953]]]}, "properties": {"CVEGEO": "2110800010063020", "CVE_LOC": "0001", "AGEB": "0063", "MZA": "020", "SECCION": 880, "POBTOT": 9, "P18YMAS": 9, "P18YMAS_H": 4, "P18YMAS_M": 5, "P18A24": 0, "ITER_MATCH": true, "LN_total_sec": 1026, "LN_H_sec": 513, "LN_M_sec": 513, "LN_1839_sec": 467, "LN_estimada": 12, "LN_H_est": 6, "LN_M_est": 6, "LN_1839_est": 5, "rank_seccion": 39, "pct_acum_sec": 91.62, "prioridad_50": false, "prioridad_80": false, "rank_municipal": 650, "pct_acum_LN_mun": 95.46}}, {"type": "Feature", "geometry": {"type": "Polygon", "coordinates": [[[-97.62541010967145, 19.37519825981555], [-97.6254950604034, 19.375060829996617], [-97.6256254000848, 19.3748500201965], [-97.62601716965484, 19.37506588998113], [-97.62582801954683, 19.375412179739126], [-97.62541010967145, 19.37519825981555]]]}, "properties": {"CVEGEO": "2110800010063019", "CVE_LOC": "0001", "AGEB": "0063", "MZA": "019", "SECCION": 880, "POBTOT": 27, "P18YMAS": 18, "P18YMAS_H": 9, "P18YMAS_M": 9, "P18A24": 5, "ITER_MATCH": true, "LN_total_sec": 1026, "LN_H_sec": 513, "LN_M_sec": 513, "LN_1839_sec": 467, "LN_estimada": 24, "LN_H_est": 12, "LN_M_est": 12, "LN_1839_est": 11, "rank_seccion": 17, "pct_acum_sec": 52.63, "prioridad_50": false, "prioridad_80": true, "rank_municipal": 193, "pct_acum_LN_mun": 45.48}}, {"type": "Feature", "geometry": {"type": "Polygon", "coordinates": [[[-97.62587752045523, 19.375436060193664], [-97.62607631993345, 19.375076800372366], [-97.62648855024258, 19.375290169684675], [-97.62628547965583, 19.37564806019936], [-97.62587752045523, 19.375436060193664]]]}, "properties": {"CVEGEO": "2110800010063018", "CVE_LOC": "0001", "AGEB": "0063", "MZA": "018", "SECCION": 880, "POBTOT": 36, "P18YMAS": 24, "P18YMAS_H": 12, "P18YMAS_M": 12, "P18A24": 0, "ITER_MATCH": true, "LN_total_sec": 1026, "LN_H_sec": 513, "LN_M_sec": 513, "LN_1839_sec": 467, "LN_estimada": 32, "LN_H_est": 16, "LN_M_est": 16, "LN_1839_est": 15, "rank_seccion": 5, "pct_acum_sec": 21.35, "prioridad_50": true, "prioridad_80": true, "rank_municipal": 92, "pct_acum_LN_mun": 26.35}}, {"type": "Feature", "geometry": {"type": "Polygon", "coordinates": [[[-97.62699018026387, 19.37346854005714], [-97.62718450962309, 19.373138089871134], [-97.62763248039563, 19.373375019870732], [-97.62743274960297, 19.373701739637532], [-97.62699018026387, 19.37346854005714]]]}, "properties": {"CVEGEO": "2110800010063017", "CVE_LOC": "0001", "AGEB": "0063", "MZA": "017", "SECCION": 880, "POBTOT": 20, "P18YMAS": 13, "P18YMAS_H": 6, "P18YMAS_M": 7, "P18A24": 0, "ITER_MATCH": true, "LN_total_sec": 1026, "LN_H_sec": 513, "LN_M_sec": 513, "LN_1839_sec": 467, "LN_estimada": 17, "LN_H_est": 9, "LN_M_est": 9, "LN_1839_est": 8, "rank_seccion": 32, "pct_acum_sec": 81.97, "prioridad_50": false, "prioridad_80": false, "rank_municipal": 335, "pct_acum_LN_mun": 65.22}}, {"type": "Feature", "geometry": {"type": "Polygon", "coordinates": [[[-97.626736319931, 19.373335199657436], [-97.6265249997689, 19.373224199726284], [-97.62671357998354, 19.372891480095458], [-97.62714098012786, 19.37311777981059], [-97.62694678036937, 19.373445740259456], [-97.626736319931, 19.373335199657436]]]}, "properties": {"CVEGEO": "2110800010063016", "CVE_LOC": "0001", "AGEB": "0063", "MZA": "016", "SECCION": 880, "POBTOT": 17, "P18YMAS": 16, "P18YMAS_H": 7, "P18YMAS_M": 9, "P18A24": 3, "ITER_MATCH": true, "LN_total_sec": 1026, "LN_H_sec": 513, "LN_M_sec": 513, "LN_1839_sec": 467, "LN_estimada": 21, "LN_H_est": 11, "LN_M_est": 11, "LN_1839_est": 10, "rank_seccion": 22, "pct_acum_sec": 63.55, "prioridad_50": false, "prioridad_80": true, "rank_municipal": 268, "pct_acum_LN_mun": 56.69}}, {"type": "Feature", "geometry": {"type": "Polygon", "coordinates": [[[-97.62600093955145, 19.37295053977459], [-97.62618135015907, 19.37261322017884], [-97.62666572018469, 19.372867940226318], [-97.62647265980398, 19.37319848985127], [-97.62600093955145, 19.37295053977459]]]}, "properties": {"CVEGEO": "2110800010063015", "CVE_LOC": "0001", "AGEB": "0063", "MZA": "015", "SECCION": 880, "POBTOT": 23, "P18YMAS": 18, "P18YMAS_H": 9, "P18YMAS_M": 9, "P18A24": 3, "ITER_MATCH": true, "LN_total_sec": 1026, "LN_H_sec": 513, "LN_M_sec": 513, "LN_1839_sec": 467, "LN_estimada": 24, "LN_H_est": 12, "LN_M_est": 12, "LN_1839_est": 11, "rank_seccion": 18, "pct_acum_sec": 54.97, "prioridad_50": false, "prioridad_80": true, "rank_municipal": 194, "pct_acum_LN_mun": 45.64}}, {"type": "Feature", "geometry": {"type": "Polygon", "coordinates": [[[-97.61741621980948, 19.375685570235408], [-97.61762285009644, 19.375331139634735], [-97.61798513975242, 19.37551305025029], [-97.61780089008666, 19.375837769725766], [-97.61778012008489, 19.37587434043683], [-97.61741621980948, 19.375685570235408]]]}, "properties": {"CVEGEO": "2110800010059026", "CVE_LOC": "0001", "AGEB": "0059", "MZA": "026", "SECCION": 877, "POBTOT": 23, "P18YMAS": 17, "P18YMAS_H": 9, "P18YMAS_M": 8, "P18A24": 10, "ITER_MATCH": true, "LN_total_sec": 3745, "LN_H_sec": 1798, "LN_M_sec": 1947, "LN_1839_sec": 2000, "LN_estimada": 26, "LN_H_est": 12, "LN_M_est": 13, "LN_1839_est": 14, "rank_seccion": 65, "pct_acum_sec": 64.46, "prioridad_50": false, "prioridad_80": true, "rank_municipal": 165, "pct_acum_LN_mun": 40.76}}, {"type": "Feature", "geometry": {"type": "Polygon", "coordinates": [[[-97.61784471965325, 19.375911379791788], [-97.61794325033638, 19.375746480358394], [-97.61804403040884, 19.37557780039221], [-97.61839873964468, 19.37575892005264], [-97.61819918019421, 19.376113290453254], [-97.61784471965325, 19.375911379791788]]]}, "properties": {"CVEGEO": "2110800010059025", "CVE_LOC": "0001", "AGEB": "0059", "MZA": "025", "SECCION": 877, "POBTOT": 16, "P18YMAS": 13, "P18YMAS_H": 5, "P18YMAS_M": 8, "P18A24": 4, "ITER_MATCH": true, "LN_total_sec": 3745, "LN_H_sec": 1798, "LN_M_sec": 1947, "LN_1839_sec": 2000, "LN_estimada": 20, "LN_H_est": 9, "LN_M_est": 10, "LN_1839_est": 10, "rank_seccion": 90, "pct_acum_sec": 79.6, "prioridad_50": false, "prioridad_80": true, "rank_municipal": 287, "pct_acum_LN_mun": 59.32}}, {"type": "Feature", "geometry": {"type": "Polygon", "coordinates": [[[-97.61877975032743, 19.375857850165243], [-97.61872177001723, 19.375828910397438], [-97.61867247955328, 19.375804310371773], [-97.61849024977676, 19.375713370296122], [-97.61867367986412, 19.375362229957254], [-97.61882292041098, 19.37544124959966], [-97.61889728975108, 19.375480620211974], [-97.61893237994174, 19.375499179776266], [-97.61904545980842, 19.375559050267366], [-97.61883810974174, 19.375886970397023], [-97.61877975032743, 19.375857850165243]]]}, "properties": {"CVEGEO": "2110800010059008", "CVE_LOC": "0001", "AGEB": "0059", "MZA": "008", "SECCION": 878, "POBTOT": 12, "P18YMAS": 10, "P18YMAS_H": 4, "P18YMAS_M": 6, "P18A24": 0, "ITER_MATCH": true, "LN_total_sec": 1218, "LN_H_sec": 568, "LN_M_sec": 650, "LN_1839_sec": 631, "LN_estimada": 14, "LN_H_est": 7, "LN_M_est": 8, "LN_1839_est": 7, "rank_seccion": 41, "pct_acum_sec": 90.07, "prioridad_50": false, "prioridad_80": false, "rank_municipal": 479, "pct_acum_LN_mun": 80.49}}, {"type": "Feature", "geometry": {"type": "Polygon", "coordinates": [[[-97.61917131975827, 19.374509579959522], [-97.61937917959982, 19.374177720244315], [-97.61974762022376, 19.374367660311687], [-97.61960648988712, 19.374611199600864], [-97.619546710397, 19.37471439992357], [-97.61917131975827, 19.374509579959522]]]}, "properties": {"CVEGEO": "2110800010059006", "CVE_LOC": "0001", "AGEB": "0059", "MZA": "006", "SECCION": 878, "POBTOT": 14, "P18YMAS": 9, "P18YMAS_H": 4, "P18YMAS_M": 5, "P18A24": 0, "ITER_MATCH": true, "LN_total_sec": 1218, "LN_H_sec": 568, "LN_M_sec": 650, "LN_1839_sec": 631, "LN_estimada": 13, "LN_H_est": 6, "LN_M_est": 7, "LN_1839_est": 6, "rank_seccion": 44, "pct_acum_sec": 93.35, "prioridad_50": false, "prioridad_80": false, "rank_municipal": 588, "pct_acum_LN_mun": 90.08}}, {"type": "Feature", "geometry": {"type": "Polygon", "coordinates": [[[-97.6190454201631, 19.374445880042572], [-97.61899197955695, 19.374417599563024], [-97.61877065025168, 19.37430045034103], [-97.61896955016248, 19.37395462976271], [-97.61931729004914, 19.37413869003134], [-97.61911342990886, 19.374481880195496], [-97.6190454201631, 19.374445880042572]]]}, "properties": {"CVEGEO": "2110800010059005", "CVE_LOC": "0001", "AGEB": "0059", "MZA": "005", "SECCION": 878, "POBTOT": 36, "P18YMAS": 20, "P18YMAS_H": 8, "P18YMAS_M": 12, "P18A24": 3, "ITER_MATCH": true, "LN_total_sec": 1218, "LN_H_sec": 568, "LN_M_sec": 650, "LN_1839_sec": 631, "LN_estimada": 28, "LN_H_est": 13, "LN_M_est": 15, "LN_1839_est": 15, "rank_seccion": 17, "pct_acum_sec": 51.89, "prioridad_50": true, "prioridad_80": true, "rank_municipal": 144, "pct_acum_LN_mun": 36.95}}, {"type": "Feature", "geometry": {"type": "Polygon", "coordinates": [[[-97.6183526197614, 19.374085250112813], [-97.61857100005852, 19.373747779952538], [-97.61877639951314, 19.37385560040498], [-97.61884474005527, 19.373891459800507], [-97.61891267956335, 19.37392710994648], [-97.61875705024399, 19.374195719644113], [-97.61871008017737, 19.374276800322296], [-97.6183526197614, 19.374085250112813]]]}, "properties": {"CVEGEO": "2110800010059004", "CVE_LOC": "0001", "AGEB": "0059", "MZA": "004", "SECCION": 878, "POBTOT": 8, "P18YMAS": 7, "P18YMAS_H": 4, "P18YMAS_M": 3, "P18A24": 0, "ITER_MATCH": true, "LN_total_sec": 1218, "LN_H_sec": 568, "LN_M_sec": 650, "LN_1839_sec": 631, "LN_estimada": 10, "LN_H_est": 5, "LN_M_est": 5, "LN_1839_est": 5, "rank_seccion": 50, "pct_acum_sec": 98.69, "prioridad_50": false, "prioridad_80": false, "rank_municipal": 688, "pct_acum_LN_mun": 98.41}}, {"type": "Feature", "geometry": {"type": "Polygon", "coordinates": [[[-97.61473022023235, 19.37753737042353], [-97.61500055013298, 19.377086250003554], [-97.61534215003984, 19.377255339737122], [-97.61512568997584, 19.37763207985797], [-97.61508077969148, 19.377710250310596], [-97.61473022023235, 19.37753737042353]]]}, "properties": {"CVEGEO": "2110800010044023", "CVE_LOC": "0001", "AGEB": "0044", "MZA": "023", "SECCION": 877, "POBTOT": 20, "P18YMAS": 13, "P18YMAS_H": 5, "P18YMAS_M": 8, "P18A24": 0, "ITER_MATCH": true, "LN_total_sec": 3745, "LN_H_sec": 1798, "LN_M_sec": 1947, "LN_1839_sec": 2000, "LN_estimada": 20, "LN_H_est": 9, "LN_M_est": 10, "LN_1839_est": 10, "rank_seccion": 91, "pct_acum_sec": 80.13, "prioridad_50": false, "prioridad_80": true, "rank_municipal": 288, "pct_acum_LN_mun": 59.46}}, {"type": "Feature", "geometry": {"type": "Polygon", "coordinates": [[[-97.61516952039477, 19.377737230130908], [-97.61540043009286, 19.377305769788702], [-97.6157716898268, 19.377489150051357], [-97.61552220018376, 19.377915090361338], [-97.61516952039477, 19.377737230130908]]]}, "properties": {"CVEGEO": "2110800010044022", "CVE_LOC": "0001", "AGEB": "0044", "MZA": "022", "SECCION": 877, "POBTOT": 4, "P18YMAS": 0, "P18YMAS_H": 0, "P18YMAS_M": 0, "P18A24": 0, "ITER_MATCH": true, "LN_total_sec": 3745, "LN_H_sec": 1798, "LN_M_sec": 1947, "LN_1839_sec": 2000, "LN_estimada": 0, "LN_H_est": 0, "LN_M_est": 0, "LN_1839_est": 0, "rank_seccion": 172, "pct_acum_sec": 100.0, "prioridad_50": false, "prioridad_80": false, "rank_municipal": 890, "pct_acum_LN_mun": 100.0}}, {"type": "Feature", "geometry": {"type": "Polygon", "coordinates": [[[-97.61558437020534, 19.377962539792726], [-97.61573497983018, 19.377702049681943], [-97.61584110966913, 19.377518519951305], [-97.6161940504416, 19.37769143006123], [-97.61593986012181, 19.378117719645065], [-97.61558437020534, 19.377962539792726]]]}, "properties": {"CVEGEO": "2110800010044021", "CVE_LOC": "0001", "AGEB": "0044", "MZA": "021", "SECCION": 877, "POBTOT": 10, "P18YMAS": 0, "P18YMAS_H": 0, "P18YMAS_M": 0, "P18A24": 0, "ITER_MATCH": true, "LN_total_sec": 3745, "LN_H_sec": 1798, "LN_M_sec": 1947, "LN_1839_sec": 2000, "LN_estimada": 0, "LN_H_est": 0, "LN_M_est": 0, "LN_1839_est": 0, "rank_seccion": 173, "pct_acum_sec": 100.0, "prioridad_50": false, "prioridad_80": false, "rank_municipal": 891, "pct_acum_LN_mun": 100.0}}, {"type": "Feature", "geometry": {"type": "Polygon", "coordinates": [[[-97.6158661997959, 19.377464919774926], [-97.61604279991184, 19.377150770306567], [-97.6164158001381, 19.37732347972346], [-97.61621895010693, 19.377634429908184], [-97.6158661997959, 19.377464919774926]]]}, "properties": {"CVEGEO": "2110800010044020", "CVE_LOC": "0001", "AGEB": "0044", "MZA": "020", "SECCION": 877, "POBTOT": 29, "P18YMAS": 20, "P18YMAS_H": 10, "P18YMAS_M": 10, "P18A24": 0, "ITER_MATCH": true, "LN_total_sec": 3745, "LN_H_sec": 1798, "LN_M_sec": 1947, "LN_1839_sec": 2000, "LN_estimada": 30, "LN_H_est": 15, "LN_M_est": 16, "LN_1839_est": 16, "rank_seccion": 53, "pct_acum_sec": 55.51, "prioridad_50": false, "prioridad_80": true, "rank_municipal": 123, "pct_acum_LN_mun": 32.83}}, {"type": "Feature", "geometry": {"type": "Polygon", "coordinates": [[[-97.61608115037484, 19.37708159995195], [-97.61612657033186, 19.37700466042777], [-97.61627999956963, 19.376744749536524], [-97.61663974963894, 19.376949079850164], [-97.61646838028088, 19.377225370022845], [-97.61645263003385, 19.377250750214756], [-97.61608115037484, 19.37708159995195]]]}, "properties": {"CVEGEO": "2110800010044019", "CVE_LOC": "0001", "AGEB": "0044", "MZA": "019", "SECCION": 877, "POBTOT": 39, "P18YMAS": 31, "P18YMAS_H": 15, "P18YMAS_M": 16, "P18A24": 4, "ITER_MATCH": true, "LN_total_sec": 3745, "LN_H_sec": 1798, "LN_M_sec": 1947, "LN_1839_sec": 2000, "LN_estimada": 47, "LN_H_est": 22, "LN_M_est": 24, "LN_1839_est": 25, "rank_seccion": 9, "pct_acum_sec": 13.06, "prioridad_50": true, "prioridad_80": true, "rank_municipal": 28, "pct_acum_LN_mun": 10.14}}, {"type": "Feature", "geometry": {"type": "Polygon", "coordinates": [[[-97.61632551968333, 19.376658350323297], [-97.6164777097754, 19.37641837993384], [-97.61652798032371, 19.376339120288904], [-97.6167056200647, 19.376438200319054], [-97.61688051004298, 19.376535750164724], [-97.61676182989723, 19.376734429774846], [-97.61668528012625, 19.37686264999734], [-97.61632551968333, 19.376658350323297]]]}, "properties": {"CVEGEO": "2110800010044018", "CVE_LOC": "0001", "AGEB": "0044", "MZA": "018", "SECCION": 877, "POBTOT": 24, "P18YMAS": 17, "P18YMAS_H": 10, "P18YMAS_M": 7, "P18A24": 0, "ITER_MATCH": true, "LN_total_sec": 3745, "LN_H_sec": 1798, "LN_M_sec": 1947, "LN_1839_sec": 2000, "LN_estimada": 26, "LN_H_est": 12, "LN_M_est": 13, "LN_1839_est": 14, "rank_seccion": 66, "pct_acum_sec": 65.15, "prioridad_50": false, "prioridad_80": true, "rank_municipal": 166, "pct_acum_LN_mun": 40.93}}, {"type": "Feature", "geometry": {"type": "Polygon", "coordinates": [[[-97.61656003042098, 19.376287419667776], [-97.61675422967772, 19.375968780035617], [-97.61683829011787, 19.376005620380617], [-97.61711450998835, 19.376126660008445], [-97.61692354976708, 19.37646612021971], [-97.61691361961496, 19.376483800127282], [-97.61656003042098, 19.376287419667776]]]}, "properties": {"CVEGEO": "2110800010044017", "CVE_LOC": "0001", "AGEB": "0044", "MZA": "017", "SECCION": 877, "POBTOT": 27, "P18YMAS": 17, "P18YMAS_H": 9, "P18YMAS_M": 8, "P18A24": 0, "ITER_MATCH": true, "LN_total_sec": 3745, "LN_H_sec": 1798, "LN_M_sec": 1947, "LN_1839_sec": 2000, "LN_estimada": 26, "LN_H_est": 12, "LN_M_est": 13, "LN_1839_est": 14, "rank_seccion": 67, "pct_acum_sec": 65.85, "prioridad_50": false, "prioridad_80": true, "rank_municipal": 167, "pct_acum_LN_mun": 41.11}}, {"type": "Feature", "geometry": {"type": "Polygon", "coordinates": [[[-97.61673321962577, 19.37687439986925], [-97.61693344973526, 19.37656304981146], [-97.61726321986123, 19.376741339633817], [-97.61708517963336, 19.37707847954156], [-97.61673321962577, 19.37687439986925]]]}, "properties": {"CVEGEO": "211080001003A030", "CVE_LOC": "0001", "AGEB": "003A", "MZA": "030", "SECCION": 877, "POBTOT": 43, "P18YMAS": 31, "P18YMAS_H": 15, "P18YMAS_M": 16, "P18A24": 4, "ITER_MATCH": true, "LN_total_sec": 3745, "LN_H_sec": 1798, "LN_M_sec": 1947, "LN_1839_sec": 2000, "LN_estimada": 47, "LN_H_est": 22, "LN_M_est": 24, "LN_1839_est": 25, "rank_seccion": 10, "pct_acum_sec": 14.31, "prioridad_50": true, "prioridad_80": true, "rank_municipal": 29, "pct_acum_LN_mun": 10.46}}, {"type": "Feature", "geometry": {"type": "Polygon", "coordinates": [[[-97.61650063044522, 19.377275939877364], [-97.61668794992788, 19.376974970436954], [-97.61702835002053, 19.377162739970622], [-97.61685237013032, 19.377477719731342], [-97.61650063044522, 19.377275939877364]]]}, "properties": {"CVEGEO": "211080001003A029", "CVE_LOC": "0001", "AGEB": "003A", "MZA": "029", "SECCION": 877, "POBTOT": 14, "P18YMAS": 9, "P18YMAS_H": 3, "P18YMAS_M": 6, "P18A24": 0, "ITER_MATCH": true, "LN_total_sec": 3745, "LN_H_sec": 1798, "LN_M_sec": 1947, "LN_1839_sec": 2000, "LN_estimada": 13, "LN_H_est": 7, "LN_M_est": 7, "LN_1839_est": 7, "rank_seccion": 124, "pct_acum_sec": 94.23, "prioridad_50": false, "prioridad_80": false, "rank_municipal": 589, "pct_acum_LN_mun": 90.17}}, {"type": "Feature", "geometry": {"type": "Polygon", "coordinates": [[[-97.61847079978376, 19.37880911976842], [-97.61865122035842, 19.378492249796075], [-97.61883497042815, 19.378588980377636], [-97.61900244959895, 19.378677119581273], [-97.61882193962462, 19.379004199596718], [-97.61847079978376, 19.37880911976842]]]}, "properties": {"CVEGEO": "211080001003A019", "CVE_LOC": "0001", "AGEB": "003A", "MZA": "019", "SECCION": 877, "POBTOT": 7, "P18YMAS": 7, "P18YMAS_H": 3, "P18YMAS_M": 4, "P18A24": 0, "ITER_MATCH": true, "LN_total_sec": 3745, "LN_H_sec": 1798, "LN_M_sec": 1947, "LN_1839_sec": 2000, "LN_estimada": 10, "LN_H_est": 5, "LN_M_est": 5, "LN_1839_est": 6, "rank_seccion": 135, "pct_acum_sec": 97.6, "prioridad_50": false, "prioridad_80": false, "rank_municipal": 689, "pct_acum_LN_mun": 98.48}}, {"type": "Feature", "geometry": {"type": "Polygon", "coordinates": [[[-97.61642972037528, 19.378346890441797], [-97.61666611998896, 19.377969200398], [-97.61700917010907, 19.378149999913493], [-97.616936710082, 19.378280750100064], [-97.61680274997592, 19.378522510262115], [-97.61642972037528, 19.378346890441797]]]}, "properties": {"CVEGEO": "211080001003A010", "CVE_LOC": "0001", "AGEB": "003A", "MZA": "010", "SECCION": 877, "POBTOT": 50, "P18YMAS": 29, "P18YMAS_H": 13, "P18YMAS_M": 16, "P18A24": 6, "ITER_MATCH": true, "LN_total_sec": 3745, "LN_H_sec": 1798, "LN_M_sec": 1947, "LN_1839_sec": 2000, "LN_estimada": 44, "LN_H_est": 21, "LN_M_est": 23, "LN_1839_est": 23, "rank_seccion": 14, "pct_acum_sec": 19.15, "prioridad_50": true, "prioridad_80": true, "rank_municipal": 35, "pct_acum_LN_mun": 12.29}}, {"type": "Feature", "geometry": {"type": "Polygon", "coordinates": [[[-97.62564987957535, 19.376860199891667], [-97.6257314499848, 19.37672330987032], [-97.62570316953742, 19.376882749907626], [-97.62564987957535, 19.376860199891667]]]}, "properties": {"CVEGEO": "2110800010010054", "CVE_LOC": "0001", "AGEB": "0010", "MZA": "054", "SECCION": 875, "POBTOT": 0, "P18YMAS": 0, "P18YMAS_H": 0, "P18YMAS_M": 0, "P18A24": 0, "ITER_MATCH": true, "LN_total_sec": 1680, "LN_H_sec": 825, "LN_M_sec": 855, "LN_1839_sec": 803, "LN_estimada": 0, "LN_H_est": 0, "LN_M_est": 0, "LN_1839_est": 0, "rank_seccion": 101, "pct_acum_sec": 100.0, "prioridad_50": false, "prioridad_80": false, "rank_municipal": 892, "pct_acum_LN_mun": 100.0}}, {"type": "Feature", "geometry": {"type": "Polygon", "coordinates": [[[-97.62144014036275, 19.380197230386177], [-97.62188949026421, 19.380272199971206], [-97.62242913981555, 19.380352520122727], [-97.62281731008581, 19.380406650368], [-97.62341429017242, 19.38046880002459], [-97.62312226041233, 19.38089429007273], [-97.62293174964796, 19.381171860397156], [-97.62246669016086, 19.38109931017075], [-97.62118793989882, 19.380866199839044], [-97.62144014036275, 19.380197230386177]]]}, "properties": {"CVEGEO": "2110800010010053", "CVE_LOC": "0001", "AGEB": "0010", "MZA": "053", "SECCION": 875, "POBTOT": 13, "P18YMAS": 8, "P18YMAS_H": 4, "P18YMAS_M": 4, "P18A24": 0, "ITER_MATCH": true, "LN_total_sec": 1680, "LN_H_sec": 825, "LN_M_sec": 855, "LN_1839_sec": 803, "LN_estimada": 15, "LN_H_est": 7, "LN_M_est": 8, "LN_1839_est": 7, "rank_seccion": 47, "pct_acum_sec": 97.14, "prioridad_50": false, "prioridad_80": false, "rank_municipal": 455, "pct_acum_LN_mun": 78.15}}, {"type": "Feature", "geometry": {"type": "Polygon", "coordinates": [[[-97.62291851045465, 19.37852656989791], [-97.6231120601536, 19.378190429672813], [-97.62350033978149, 19.37839142977408], [-97.62331739973732, 19.378732709806922], [-97.62291851045465, 19.37852656989791]]]}, "properties": {"CVEGEO": "2110800010010010", "CVE_LOC": "0001", "AGEB": "0010", "MZA": "010", "SECCION": 875, "POBTOT": 21, "P18YMAS": 16, "P18YMAS_H": 8, "P18YMAS_M": 8, "P18A24": 0, "ITER_MATCH": true, "LN_total_sec": 1680, "LN_H_sec": 825, "LN_M_sec": 855, "LN_1839_sec": 803, "LN_estimada": 30, "LN_H_est": 15, "LN_M_est": 15, "LN_1839_est": 14, "rank_seccion": 28, "pct_acum_sec": 71.73, "prioridad_50": false, "prioridad_80": true, "rank_municipal": 124, "pct_acum_LN_mun": 33.03}}, {"type": "Feature", "geometry": {"type": "Polygon", "coordinates": [[[-97.62336245994597, 19.378755770036406], [-97.6235573195402, 19.378419619990833], [-97.6239210796977, 19.378609779983535], [-97.62375948004447, 19.37889900008663], [-97.62373168036224, 19.37894876978247], [-97.62336245994597, 19.378755770036406]]]}, "properties": {"CVEGEO": "2110800010010009", "CVE_LOC": "0001", "AGEB": "0010", "MZA": "009", "SECCION": 875, "POBTOT": 28, "P18YMAS": 17, "P18YMAS_H": 8, "P18YMAS_M": 9, "P18A24": 0, "ITER_MATCH": true, "LN_total_sec": 1680, "LN_H_sec": 825, "LN_M_sec": 855, "LN_1839_sec": 803, "LN_estimada": 31, "LN_H_est": 15, "LN_M_est": 16, "LN_1839_est": 15, "rank_seccion": 24, "pct_acum_sec": 64.46, "prioridad_50": false, "prioridad_80": true, "rank_municipal": 109, "pct_acum_LN_mun": 29.95}}, {"type": "Feature", "geometry": {"type": "Polygon", "coordinates": [[[-97.6237806901146, 19.37897437972991], [-97.62385658045434, 19.37883996967285], [-97.62397277005404, 19.37863414963381], [-97.62438622001453, 19.378850490064735], [-97.62418754006104, 19.379184369846595], [-97.6237806901146, 19.37897437972991]]]}, "properties": {"CVEGEO": "2110800010010008", "CVE_LOC": "0001", "AGEB": "0010", "MZA": "008", "SECCION": 875, "POBTOT": 44, "P18YMAS": 26, "P18YMAS_H": 11, "P18YMAS_M": 15, "P18A24": 5, "ITER_MATCH": true, "LN_total_sec": 1680, "LN_H_sec": 825, "LN_M_sec": 855, "LN_1839_sec": 803, "LN_estimada": 48, "LN_H_est": 24, "LN_M_est": 25, "LN_1839_est": 23, "rank_seccion": 12, "pct_acum_sec": 38.63, "prioridad_50": true, "prioridad_80": true, "rank_municipal": 23, "pct_acum_LN_mun": 8.55}}, {"type": "Feature", "geometry": {"type": "Polygon", "coordinates": [[[-97.62424133987514, 19.379214459932673], [-97.62444153955067, 19.378877779873374], [-97.62479951992874, 19.379064200165352], [-97.62460975001197, 19.379405229782805], [-97.62424133987514, 19.379214459932673]]]}, "properties": {"CVEGEO": "2110800010010007", "CVE_LOC": "0001", "AGEB": "0010", "MZA": "007", "SECCION": 875, "POBTOT": 22, "P18YMAS": 17, "P18YMAS_H": 9, "P18YMAS_M": 8, "P18A24": 6, "ITER_MATCH": true, "LN_total_sec": 1680, "LN_H_sec": 825, "LN_M_sec": 855, "LN_1839_sec": 803, "LN_estimada": 31, "LN_H_est": 15, "LN_M_est": 16, "LN_1839_est": 15, "rank_seccion": 25, "pct_acum_sec": 66.31, "prioridad_50": false, "prioridad_80": true, "rank_municipal": 110, "pct_acum_LN_mun": 30.16}}, {"type": "Feature", "geometry": {"type": "Polygon", "coordinates": [[[-97.62445908047475, 19.378823849967315], [-97.62465661952486, 19.378488910033465], [-97.62502174995211, 19.378674020438183], [-97.62481928013044, 19.379012950283677], [-97.62445908047475, 19.378823849967315]]]}, "properties": {"CVEGEO": "2110800010010006", "CVE_LOC": "0001", "AGEB": "0010", "MZA": "006", "SECCION": 875, "POBTOT": 31, "P18YMAS": 22, "P18YMAS_H": 9, "P18YMAS_M": 13, "P18A24": 3, "ITER_MATCH": true, "LN_total_sec": 1680, "LN_H_sec": 825, "LN_M_sec": 855, "LN_1839_sec": 803, "LN_estimada": 41, "LN_H_est": 20, "LN_M_est": 21, "LN_1839_est": 20, "rank_seccion": 15, "pct_acum_sec": 46.19, "prioridad_50": true, "prioridad_80": true, "rank_municipal": 44, "pct_acum_LN_mun": 14.85}}, {"type": "Feature", "geometry": {"type": "Polygon", "coordinates": [[[-97.60124017978855, 19.374777090356222], [-97.60100291952834, 19.375160460138538], [-97.5997310799099, 19.374608279853852], [-97.60014451969325, 19.373839370376196], [-97.60145525997248, 19.374429569911655], [-97.60124017978855, 19.374777090356222]]]}, "properties": {"CVEGEO": "2110800850114009", "CVE_LOC": "0085", "AGEB": "0114", "MZA": "009", "SECCION": 879, "POBTOT": 0, "P18YMAS": 0, "P18YMAS_H": 0, "P18YMAS_M": 0, "P18A24": 0, "ITER_MATCH": false, "LN_total_sec": 1640, "LN_H_sec": 768, "LN_M_sec": 872, "LN_1839_sec": 820, "LN_estimada": 0, "LN_H_est": 0, "LN_M_est": 0, "LN_1839_est": 0, "rank_seccion": 139, "pct_acum_sec": 100.0, "prioridad_50": false, "prioridad_80": false, "rank_municipal": 893, "pct_acum_LN_mun": 100.0}}, {"type": "Feature", "geometry": {"type": "Polygon", "coordinates": [[[-97.63859497018782, 19.406806139717098], [-97.63870240002645, 19.406686879651797], [-97.63879663029834, 19.40659721965699], [-97.63891753977292, 19.40644777012022], [-97.63899638041191, 19.406299460320817], [-97.63910835034523, 19.40617225957296], [-97.63929122187841, 19.406030050045928], [-97.6394099101819, 19.405874969925666], [-97.63965131015716, 19.40583105969443], [-97.63974658040438, 19.405945979692053], [-97.63960851006176, 19.40608383023128], [-97.639474430189, 19.40621448025483], [-97.63935017954628, 19.40635098005906], [-97.63922017970349, 19.406482029544815], [-97.63909549025375, 19.40661616985458], [-97.63896521969353, 19.40675091039258], [-97.63878385013281, 19.40695951990504], [-97.63859497018782, 19.406806139717098]]]}, "properties": {"CVEGEO": "211080005010A084", "CVE_LOC": "0005", "AGEB": "010A", "MZA": "084", "SECCION": 876, "POBTOT": 0, "P18YMAS": 0, "P18YMAS_H": 0, "P18YMAS_M": 0, "P18A24": 0, "ITER_MATCH": false, "LN_total_sec": 1428, "LN_H_sec": 662, "LN_M_sec": 766, "LN_1839_sec": 812, "LN_estimada": 16, "LN_H_est": 7, "LN_M_est": 8, "LN_1839_est": 9, "rank_seccion": 60, "pct_acum_sec": 67.51, "prioridad_50": false, "prioridad_80": true, "rank_municipal": 408, "pct_acum_LN_mun": 73.17}}, {"type": "Feature", "geometry": {"type": "Polygon", "coordinates": [[[-97.61866188003884, 19.37941782995831], [-97.61885250974167, 19.37910482036927], [-97.61920662040009, 19.379301229939557], [-97.6191211702112, 19.379453889768936], [-97.61903266027814, 19.379612049590115], [-97.61866188003884, 19.37941782995831]]]}, "properties": {"CVEGEO": "2110800010148027", "CVE_LOC": "0001", "AGEB": "0148", "MZA": "027", "SECCION": 2747, "POBTOT": 58, "P18YMAS": 37, "P18YMAS_H": 19, "P18YMAS_M": 18, "P18A24": 6, "ITER_MATCH": true, "LN_total_sec": 923, "LN_H_sec": 421, "LN_M_sec": 502, "LN_1839_sec": 436, "LN_estimada": 48, "LN_H_est": 22, "LN_M_est": 26, "LN_1839_est": 23, "rank_seccion": 2, "pct_acum_sec": 11.16, "prioridad_50": true, "prioridad_80": true, "rank_municipal": 24, "pct_acum_LN_mun": 8.87}}, {"type": "Feature", "geometry": {"type": "Polygon", "coordinates": [[[-97.59929517989144, 19.37439904955634], [-97.59968808037853, 19.373636250345225], [-97.60008665991829, 19.373816060027192], [-97.59967594979062, 19.374587380042914], [-97.59929517989144, 19.37439904955634]]]}, "properties": {"CVEGEO": "2110800850114010", "CVE_LOC": "0085", "AGEB": "0114", "MZA": "010", "SECCION": 879, "POBTOT": 0, "P18YMAS": 0, "P18YMAS_H": 0, "P18YMAS_M": 0, "P18A24": 0, "ITER_MATCH": false, "LN_total_sec": 1640, "LN_H_sec": 768, "LN_M_sec": 872, "LN_1839_sec": 820, "LN_estimada": 0, "LN_H_est": 0, "LN_M_est": 0, "LN_1839_est": 0, "rank_seccion": 140, "pct_acum_sec": 100.0, "prioridad_50": false, "prioridad_80": false, "rank_municipal": 894, "pct_acum_LN_mun": 100.0}}, {"type": "Feature", "geometry": {"type": "Polygon", "coordinates": [[[-97.59887600026909, 19.37524098023559], [-97.59905283006142, 19.37489480026857], [-97.5994141100726, 19.375068780440415], [-97.59924108006432, 19.375407819629054], [-97.59887600026909, 19.37524098023559]]]}, "properties": {"CVEGEO": "2110800850114047", "CVE_LOC": "0085", "AGEB": "0114", "MZA": "047", "SECCION": 879, "POBTOT": 0, "P18YMAS": 0, "P18YMAS_H": 0, "P18YMAS_M": 0, "P18A24": 0, "ITER_MATCH": false, "LN_total_sec": 1640, "LN_H_sec": 768, "LN_M_sec": 872, "LN_1839_sec": 820, "LN_estimada": 0, "LN_H_est": 0, "LN_M_est": 0, "LN_1839_est": 0, "rank_seccion": 141, "pct_acum_sec": 100.0, "prioridad_50": false, "prioridad_80": false, "rank_municipal": 895, "pct_acum_LN_mun": 100.0}}, {"type": "Feature", "geometry": {"type": "Polygon", "coordinates": [[[-97.56718265009006, 19.280747340399955], [-97.56726452019824, 19.28073616964907], [-97.56753559962996, 19.28072280025124], [-97.56768104994163, 19.280687779900823], [-97.56832462973017, 19.28055668006458], [-97.56847817018242, 19.280522889710827], [-97.56846957976914, 19.280507050371213], [-97.5684622203191, 19.28049025024664], [-97.56830728043244, 19.280517570315617], [-97.56766423004754, 19.280638599551928], [-97.56752823026483, 19.280677110103507], [-97.5672651403085, 19.280692119693384], [-97.5671028002761, 19.280699540380578], [-97.56704698001174, 19.280638450051953], [-97.56701249001809, 19.280518349631947], [-97.5669741500944, 19.28011422044834], [-97.56878005954938, 19.280107280367833], [-97.56944212034254, 19.280057180148283], [-97.56941825959365, 19.2803350203614], [-97.56953489028021, 19.280460820276566], [-97.56938562960175, 19.28056632023886], [-97.56927307972933, 19.280784029741888], [-97.56847683039548, 19.280816799657615], [-97.56836458020577, 19.280823350010866], [-97.56746492016849, 19.280833400249], [-97.56728870956857, 19.280846419900115], [-97.56718265009006, 19.280747340399955]]]}, "properties": {"CVEGEO": "2110800350133013", "CVE_LOC": "0035", "AGEB": "0133", "MZA": "013", "SECCION": 882, "POBTOT": 0, "P18YMAS": 0, "P18YMAS_H": 0, "P18YMAS_M": 0, "P18A24": 0, "ITER_MATCH": false, "LN_total_sec": 2061, "LN_H_sec": 985, "LN_M_sec": 1076, "LN_1839_sec": 1194, "LN_estimada": 13, "LN_H_est": 6, "LN_M_est": 7, "LN_1839_est": 7, "rank_seccion": 92, "pct_acum_sec": 58.03, "prioridad_50": false, "prioridad_80": true, "rank_municipal": 590, "pct_acum_LN_mun": 90.26}}, {"type": "Feature", "geometry": {"type": "Polygon", "coordinates": [[[-97.63496618027914, 19.40756896962476], [-97.63526427974097, 19.407244000148783], [-97.63568083002774, 19.40762002012555], [-97.63541010972253, 19.40794962000433], [-97.63496618027914, 19.40756896962476]]]}, "properties": {"CVEGEO": "211080005010A083", "CVE_LOC": "0005", "AGEB": "010A", "MZA": "083", "SECCION": 876, "POBTOT": 0, "P18YMAS": 0, "P18YMAS_H": 0, "P18YMAS_M": 0, "P18A24": 0, "ITER_MATCH": false, "LN_total_sec": 1428, "LN_H_sec": 662, "LN_M_sec": 766, "LN_1839_sec": 812, "LN_estimada": 16, "LN_H_est": 7, "LN_M_est": 8, "LN_1839_est": 9, "rank_seccion": 61, "pct_acum_sec": 68.63, "prioridad_50": false, "prioridad_80": true, "rank_municipal": 409, "pct_acum_LN_mun": 73.27}}, {"type": "Feature", "geometry": {"type": "Polygon", "coordinates": [[[-97.63855634017209, 19.40937605015251], [-97.63829165001225, 19.40966428013193], [-97.63796391998297, 19.409404489632752], [-97.6382224502023, 19.40909639990055], [-97.63855634017209, 19.40937605015251]]]}, "properties": {"CVEGEO": "211080005010A040", "CVE_LOC": "0005", "AGEB": "010A", "MZA": "040", "SECCION": 876, "POBTOT": 0, "P18YMAS": 0, "P18YMAS_H": 0, "P18YMAS_M": 0, "P18A24": 0, "ITER_MATCH": false, "LN_total_sec": 1428, "LN_H_sec": 662, "LN_M_sec": 766, "LN_1839_sec": 812, "LN_estimada": 16, "LN_H_est": 7, "LN_M_est": 8, "LN_1839_est": 9, "rank_seccion": 62, "pct_acum_sec": 69.75, "prioridad_50": false, "prioridad_80": true, "rank_municipal": 410, "pct_acum_LN_mun": 73.38}}, {"type": "Feature", "geometry": {"type": "Polygon", "coordinates": [[[-97.61308564970535, 19.379233150393766], [-97.61289587968207, 19.37954905042667], [-97.61255486020289, 19.379351000125418], [-97.61280513966634, 19.37891645968871], [-97.61290899977661, 19.37898328023595], [-97.61308564970535, 19.379233150393766]]]}, "properties": {"CVEGEO": "2110800010171063", "CVE_LOC": "0001", "AGEB": "0171", "MZA": "063", "SECCION": 877, "POBTOT": 13, "P18YMAS": 8, "P18YMAS_H": 4, "P18YMAS_M": 4, "P18A24": 4, "ITER_MATCH": true, "LN_total_sec": 3745, "LN_H_sec": 1798, "LN_M_sec": 1947, "LN_1839_sec": 2000, "LN_estimada": 12, "LN_H_est": 6, "LN_M_est": 6, "LN_1839_est": 6, "rank_seccion": 131, "pct_acum_sec": 96.48, "prioridad_50": false, "prioridad_80": false, "rank_municipal": 651, "pct_acum_LN_mun": 95.54}}, {"type": "Feature", "geometry": {"type": "Polygon", "coordinates": [[[-97.60977234008718, 19.38039708028462], [-97.61012585009864, 19.38058248986756], [-97.60975949024107, 19.381236749980634], [-97.60937949017625, 19.381060249769572], [-97.60977234008718, 19.38039708028462]]]}, "properties": {"CVEGEO": "2110800010171010", "CVE_LOC": "0001", "AGEB": "0171", "MZA": "010", "SECCION": 877, "POBTOT": 38, "P18YMAS": 20, "P18YMAS_H": 11, "P18YMAS_M": 9, "P18A24": 5, "ITER_MATCH": true, "LN_total_sec": 3745, "LN_H_sec": 1798, "LN_M_sec": 1947, "LN_1839_sec": 2000, "LN_estimada": 30, "LN_H_est": 15, "LN_M_est": 16, "LN_1839_est": 16, "rank_seccion": 54, "pct_acum_sec": 56.32, "prioridad_50": false, "prioridad_80": true, "rank_municipal": 125, "pct_acum_LN_mun": 33.23}}, {"type": "Feature", "geometry": {"type": "Polygon", "coordinates": [[[-97.610170829816, 19.381446149716098], [-97.6098249100659, 19.381266379945288], [-97.61019504955426, 19.380617549940624], [-97.61034422025082, 19.3806905099596], [-97.61054033960208, 19.380792140438054], [-97.610170829816, 19.381446149716098]]]}, "properties": {"CVEGEO": "2110800010171009", "CVE_LOC": "0001", "AGEB": "0171", "MZA": "009", "SECCION": 877, "POBTOT": 43, "P18YMAS": 26, "P18YMAS_H": 13, "P18YMAS_M": 13, "P18A24": 6, "ITER_MATCH": true, "LN_total_sec": 3745, "LN_H_sec": 1798, "LN_M_sec": 1947, "LN_1839_sec": 2000, "LN_estimada": 39, "LN_H_est": 19, "LN_M_est": 20, "LN_1839_est": 21, "rank_seccion": 20, "pct_acum_sec": 25.82, "prioridad_50": true, "prioridad_80": true, "rank_municipal": 49, "pct_acum_LN_mun": 16.2}}, {"type": "Feature", "geometry": {"type": "Polygon", "coordinates": [[[-97.6200983201611, 19.37605509008551], [-97.62027585985349, 19.375752510058756], [-97.62060802003305, 19.375921980067492], [-97.62042804954739, 19.37621562027269], [-97.6200983201611, 19.37605509008551]]]}, "properties": {"CVEGEO": "2110800010059043", "CVE_LOC": "0001", "AGEB": "0059", "MZA": "043", "SECCION": 878, "POBTOT": 10, "P18YMAS": 10, "P18YMAS_H": 4, "P18YMAS_M": 6, "P18A24": 4, "ITER_MATCH": true, "LN_total_sec": 1218, "LN_H_sec": 568, "LN_M_sec": 650, "LN_1839_sec": 631, "LN_estimada": 14, "LN_H_est": 7, "LN_M_est": 8, "LN_1839_est": 7, "rank_seccion": 42, "pct_acum_sec": 91.22, "prioridad_50": false, "prioridad_80": false, "rank_municipal": 480, "pct_acum_LN_mun": 80.58}}, {"type": "Feature", "geometry": {"type": "Polygon", "coordinates": [[[-97.53242260016921, 19.266636119663772], [-97.53246268971853, 19.2662339199158], [-97.53297032030096, 19.266277230196188], [-97.53296617021044, 19.266684510072558], [-97.53242260016921, 19.266636119663772]]]}, "properties": {"CVEGEO": "2110800320133009", "CVE_LOC": "0032", "AGEB": "0133", "MZA": "009", "SECCION": 882, "POBTOT": 0, "P18YMAS": 0, "P18YMAS_H": 0, "P18YMAS_M": 0, "P18A24": 0, "ITER_MATCH": false, "LN_total_sec": 2061, "LN_H_sec": 985, "LN_M_sec": 1076, "LN_1839_sec": 1194, "LN_estimada": 13, "LN_H_est": 6, "LN_M_est": 7, "LN_1839_est": 7, "rank_seccion": 93, "pct_acum_sec": 58.66, "prioridad_50": false, "prioridad_80": true, "rank_municipal": 591, "pct_acum_LN_mun": 90.35}}, {"type": "Feature", "geometry": {"type": "Polygon", "coordinates": [[[-97.64976233975064, 19.367692740251304], [-97.65007857020825, 19.367932920168595], [-97.64983842980352, 19.368221619613244], [-97.64950616970046, 19.36797894997279], [-97.64976233975064, 19.367692740251304]]]}, "properties": {"CVEGEO": "211080008010A032", "CVE_LOC": "0008", "AGEB": "010A", "MZA": "032", "SECCION": 875, "POBTOT": 0, "P18YMAS": 0, "P18YMAS_H": 0, "P18YMAS_M": 0, "P18A24": 0, "ITER_MATCH": false, "LN_total_sec": 1680, "LN_H_sec": 825, "LN_M_sec": 855, "LN_1839_sec": 803, "LN_estimada": 0, "LN_H_est": 0, "LN_M_est": 0, "LN_1839_est": 0, "rank_seccion": 102, "pct_acum_sec": 100.0, "prioridad_50": false, "prioridad_80": false, "rank_municipal": 896, "pct_acum_LN_mun": 100.0}}, {"type": "Feature", "geometry": {"type": "Polygon", "coordinates": [[[-97.5316719402869, 19.265653319771648], [-97.53167157975696, 19.265456679608455], [-97.53167134999559, 19.265331689977074], [-97.53171264985659, 19.265071999810683], [-97.53238057993879, 19.265148849747245], [-97.53237374984428, 19.26566483023747], [-97.5316719402869, 19.265653319771648]]]}, "properties": {"CVEGEO": "2110800320133012", "CVE_LOC": "0032", "AGEB": "0133", "MZA": "012", "SECCION": 882, "POBTOT": 0, "P18YMAS": 0, "P18YMAS_H": 0, "P18YMAS_M": 0, "P18A24": 0, "ITER_MATCH": false, "LN_total_sec": 2061, "LN_H_sec": 985, "LN_M_sec": 1076, "LN_1839_sec": 1194, "LN_estimada": 13, "LN_H_est": 6, "LN_M_est": 7, "LN_1839_est": 7, "rank_seccion": 94, "pct_acum_sec": 59.29, "prioridad_50": false, "prioridad_80": true, "rank_municipal": 592, "pct_acum_LN_mun": 90.44}}, {"type": "Feature", "geometry": {"type": "Polygon", "coordinates": [[[-97.55831253954773, 19.241956940108835], [-97.5595398903599, 19.241836679598038], [-97.55964448025973, 19.242925289639278], [-97.55842395010316, 19.243056619855007], [-97.55831253954773, 19.241956940108835]]]}, "properties": {"CVEGEO": "2110800250133022", "CVE_LOC": "0025", "AGEB": "0133", "MZA": "022", "SECCION": 882, "POBTOT": 0, "P18YMAS": 0, "P18YMAS_H": 0, "P18YMAS_M": 0, "P18A24": 0, "ITER_MATCH": false, "LN_total_sec": 2061, "LN_H_sec": 985, "LN_M_sec": 1076, "LN_1839_sec": 1194, "LN_estimada": 13, "LN_H_est": 6, "LN_M_est": 7, "LN_1839_est": 7, "rank_seccion": 95, "pct_acum_sec": 59.92, "prioridad_50": false, "prioridad_80": true, "rank_municipal": 593, "pct_acum_LN_mun": 90.52}}, {"type": "Feature", "geometry": {"type": "Polygon", "coordinates": [[[-97.55815883001773, 19.240740119941307], [-97.55942034978015, 19.240628139870747], [-97.55953381967952, 19.241773519616725], [-97.55829497009896, 19.24189348973336], [-97.55815883001773, 19.240740119941307]]]}, "properties": {"CVEGEO": "2110800250133021", "CVE_LOC": "0025", "AGEB": "0133", "MZA": "021", "SECCION": 882, "POBTOT": 0, "P18YMAS": 0, "P18YMAS_H": 0, "P18YMAS_M": 0, "P18A24": 0, "ITER_MATCH": false, "LN_total_sec": 2061, "LN_H_sec": 985, "LN_M_sec": 1076, "LN_1839_sec": 1194, "LN_estimada": 13, "LN_H_est": 6, "LN_M_est": 7, "LN_1839_est": 7, "rank_seccion": 96, "pct_acum_sec": 60.55, "prioridad_50": false, "prioridad_80": true, "rank_municipal": 594, "pct_acum_LN_mun": 90.61}}, {"type": "Feature", "geometry": {"type": "Polygon", "coordinates": [[[-97.65035391027732, 19.37216657983368], [-97.64987382982356, 19.37206594968375], [-97.65023963012798, 19.371568120318987], [-97.6505695996791, 19.37183714001656], [-97.65090314959822, 19.372111460114194], [-97.65035391027732, 19.37216657983368]]]}, "properties": {"CVEGEO": "211080008010A062", "CVE_LOC": "0008", "AGEB": "010A", "MZA": "062", "SECCION": 875, "POBTOT": 0, "P18YMAS": 0, "P18YMAS_H": 0, "P18YMAS_M": 0, "P18A24": 0, "ITER_MATCH": false, "LN_total_sec": 1680, "LN_H_sec": 825, "LN_M_sec": 855, "LN_1839_sec": 803, "LN_estimada": 0, "LN_H_est": 0, "LN_M_est": 0, "LN_1839_est": 0, "rank_seccion": 103, "pct_acum_sec": 100.0, "prioridad_50": false, "prioridad_80": false, "rank_municipal": 897, "pct_acum_LN_mun": 100.0}}, {"type": "Feature", "geometry": {"type": "Polygon", "coordinates": [[[-97.65028846024126, 19.37150428973627], [-97.65048948979346, 19.371252449877012], [-97.6508551803429, 19.371463460326883], [-97.650606259935, 19.37173542002526], [-97.65028846024126, 19.37150428973627]]]}, "properties": {"CVEGEO": "211080008010A061", "CVE_LOC": "0008", "AGEB": "010A", "MZA": "061", "SECCION": 875, "POBTOT": 0, "P18YMAS": 0, "P18YMAS_H": 0, "P18YMAS_M": 0, "P18A24": 0, "ITER_MATCH": false, "LN_total_sec": 1680, "LN_H_sec": 825, "LN_M_sec": 855, "LN_1839_sec": 803, "LN_estimada": 0, "LN_H_est": 0, "LN_M_est": 0, "LN_1839_est": 0, "rank_seccion": 104, "pct_acum_sec": 100.0, "prioridad_50": false, "prioridad_80": false, "rank_municipal": 898, "pct_acum_LN_mun": 100.0}}, {"type": "Feature", "geometry": {"type": "Polygon", "coordinates": [[[-97.65082190951998, 19.370851370097707], [-97.65117205037033, 19.37109830987584], [-97.6508996301428, 19.37142865033162], [-97.65053505960461, 19.371217080386696], [-97.65082190951998, 19.370851370097707]]]}, "properties": {"CVEGEO": "211080008010A060", "CVE_LOC": "0008", "AGEB": "010A", "MZA": "060", "SECCION": 875, "POBTOT": 0, "P18YMAS": 0, "P18YMAS_H": 0, "P18YMAS_M": 0, "P18A24": 0, "ITER_MATCH": false, "LN_total_sec": 1680, "LN_H_sec": 825, "LN_M_sec": 855, "LN_1839_sec": 803, "LN_estimada": 0, "LN_H_est": 0, "LN_M_est": 0, "LN_1839_est": 0, "rank_seccion": 105, "pct_acum_sec": 100.0, "prioridad_50": false, "prioridad_80": false, "rank_municipal": 899, "pct_acum_LN_mun": 100.0}}, {"type": "Feature", "geometry": {"type": "Polygon", "coordinates": [[[-97.64933365006051, 19.371163599628936], [-97.64934507991875, 19.37110104975241], [-97.64939614036633, 19.371024939937968], [-97.64947117988363, 19.370948279842562], [-97.64982782037713, 19.371230740087714], [-97.64943937985834, 19.371714490312627], [-97.64936151979354, 19.371635199824475], [-97.64925611023433, 19.371557280308156], [-97.6489598202403, 19.371454549591338], [-97.64915805967121, 19.37134097044038], [-97.64926154984846, 19.371261110049865], [-97.64933365006051, 19.371163599628936]]]}, "properties": {"CVEGEO": "211080008010A040", "CVE_LOC": "0008", "AGEB": "010A", "MZA": "040", "SECCION": 875, "POBTOT": 0, "P18YMAS": 0, "P18YMAS_H": 0, "P18YMAS_M": 0, "P18A24": 0, "ITER_MATCH": false, "LN_total_sec": 1680, "LN_H_sec": 825, "LN_M_sec": 855, "LN_1839_sec": 803, "LN_estimada": 0, "LN_H_est": 0, "LN_M_est": 0, "LN_1839_est": 0, "rank_seccion": 106, "pct_acum_sec": 100.0, "prioridad_50": false, "prioridad_80": false, "rank_municipal": 900, "pct_acum_LN_mun": 100.0}}, {"type": "Feature", "geometry": {"type": "Polygon", "coordinates": [[[-97.6500405799552, 19.370275489720232], [-97.65036022976534, 19.370530649608952], [-97.65014060043312, 19.370829650020855], [-97.64978811007317, 19.37056247994801], [-97.6500405799552, 19.370275489720232]]]}, "properties": {"CVEGEO": "211080008010A020", "CVE_LOC": "0008", "AGEB": "010A", "MZA": "020", "SECCION": 875, "POBTOT": 0, "P18YMAS": 0, "P18YMAS_H": 0, "P18YMAS_M": 0, "P18A24": 0, "ITER_MATCH": false, "LN_total_sec": 1680, "LN_H_sec": 825, "LN_M_sec": 855, "LN_1839_sec": 803, "LN_estimada": 0, "LN_H_est": 0, "LN_M_est": 0, "LN_1839_est": 0, "rank_seccion": 107, "pct_acum_sec": 100.0, "prioridad_50": false, "prioridad_80": false, "rank_municipal": 901, "pct_acum_LN_mun": 100.0}}, {"type": "Feature", "geometry": {"type": "Polygon", "coordinates": [[[-97.64989857026758, 19.368978059819], [-97.65020051035833, 19.369210619947236], [-97.64992950984097, 19.369520850337643], [-97.64965752035711, 19.36930627960526], [-97.64989857026758, 19.368978059819]]]}, "properties": {"CVEGEO": "211080008010A004", "CVE_LOC": "0008", "AGEB": "010A", "MZA": "004", "SECCION": 875, "POBTOT": 0, "P18YMAS": 0, "P18YMAS_H": 0, "P18YMAS_M": 0, "P18A24": 0, "ITER_MATCH": false, "LN_total_sec": 1680, "LN_H_sec": 825, "LN_M_sec": 855, "LN_1839_sec": 803, "LN_estimada": 0, "LN_H_est": 0, "LN_M_est": 0, "LN_1839_est": 0, "rank_seccion": 108, "pct_acum_sec": 100.0, "prioridad_50": false, "prioridad_80": false, "rank_municipal": 902, "pct_acum_LN_mun": 100.0}}, {"type": "Feature", "geometry": {"type": "Polygon", "coordinates": [[[-97.63812117969628, 19.40842022965905], [-97.6375290599056, 19.409053419650963], [-97.63723348963887, 19.40881236969405], [-97.63779708997394, 19.408150750444527], [-97.63812117969628, 19.40842022965905]]]}, "properties": {"CVEGEO": "211080005010A007", "CVE_LOC": "0005", "AGEB": "010A", "MZA": "007", "SECCION": 876, "POBTOT": 0, "P18YMAS": 0, "P18YMAS_H": 0, "P18YMAS_M": 0, "P18A24": 0, "ITER_MATCH": false, "LN_total_sec": 1428, "LN_H_sec": 662, "LN_M_sec": 766, "LN_1839_sec": 812, "LN_estimada": 16, "LN_H_est": 7, "LN_M_est": 8, "LN_1839_est": 9, "rank_seccion": 63, "pct_acum_sec": 70.87, "prioridad_50": false, "prioridad_80": true, "rank_municipal": 411, "pct_acum_LN_mun": 73.49}}, {"type": "Feature", "geometry": {"type": "Polygon", "coordinates": [[[-97.63701087990913, 19.41114063035994], [-97.63735968010204, 19.411402080387322], [-97.63704570991852, 19.41171602959153], [-97.63675317009397, 19.411445510357048], [-97.63701087990913, 19.41114063035994]]]}, "properties": {"CVEGEO": "211080005010A082", "CVE_LOC": "0005", "AGEB": "010A", "MZA": "082", "SECCION": 876, "POBTOT": 0, "P18YMAS": 0, "P18YMAS_H": 0, "P18YMAS_M": 0, "P18A24": 0, "ITER_MATCH": false, "LN_total_sec": 1428, "LN_H_sec": 662, "LN_M_sec": 766, "LN_1839_sec": 812, "LN_estimada": 16, "LN_H_est": 7, "LN_M_est": 8, "LN_1839_est": 9, "rank_seccion": 64, "pct_acum_sec": 71.99, "prioridad_50": false, "prioridad_80": true, "rank_municipal": 412, "pct_acum_LN_mun": 73.6}}, {"type": "Feature", "geometry": {"type": "Polygon", "coordinates": [[[-97.53840857965695, 19.343251219637796], [-97.53792298001112, 19.343867229586937], [-97.5371210598583, 19.343280090340574], [-97.53761817011605, 19.342669519847405], [-97.53840857965695, 19.343251219637796]]]}, "properties": {"CVEGEO": "2110800030114021", "CVE_LOC": "0003", "AGEB": "0114", "MZA": "021", "SECCION": 881, "POBTOT": 0, "P18YMAS": 0, "P18YMAS_H": 0, "P18YMAS_M": 0, "P18A24": 0, "ITER_MATCH": false, "LN_total_sec": 1115, "LN_H_sec": 551, "LN_M_sec": 564, "LN_1839_sec": 548, "LN_estimada": 22, "LN_H_est": 11, "LN_M_est": 11, "LN_1839_est": 11, "rank_seccion": 32, "pct_acum_sec": 63.14, "prioridad_50": false, "prioridad_80": true, "rank_municipal": 245, "pct_acum_LN_mun": 53.34}}, {"type": "Feature", "geometry": {"type": "Polygon", "coordinates": [[[-97.6114676500373, 19.380136420035726], [-97.61110568044708, 19.379967110002582], [-97.61144327961294, 19.37936540003032], [-97.61181830970965, 19.379554199552665], [-97.6114676500373, 19.380136420035726]]]}, "properties": {"CVEGEO": "2110800010171054", "CVE_LOC": "0001", "AGEB": "0171", "MZA": "054", "SECCION": 877, "POBTOT": 27, "P18YMAS": 15, "P18YMAS_H": 7, "P18YMAS_M": 8, "P18A24": 0, "ITER_MATCH": true, "LN_total_sec": 3745, "LN_H_sec": 1798, "LN_M_sec": 1947, "LN_1839_sec": 2000, "LN_estimada": 23, "LN_H_est": 11, "LN_M_est": 12, "LN_1839_est": 12, "rank_seccion": 78, "pct_acum_sec": 72.98, "prioridad_50": false, "prioridad_80": true, "rank_municipal": 206, "pct_acum_LN_mun": 47.54}}, {"type": "Feature", "geometry": {"type": "Polygon", "coordinates": [[[-97.61184984975293, 19.379476459954397], [-97.61149995009517, 19.37929388044697], [-97.61168207973664, 19.378973619906038], [-97.61204230980923, 19.379153539648534], [-97.61184984975293, 19.379476459954397]]]}, "properties": {"CVEGEO": "2110800010171015", "CVE_LOC": "0001", "AGEB": "0171", "MZA": "015", "SECCION": 877, "POBTOT": 13, "P18YMAS": 11, "P18YMAS_H": 6, "P18YMAS_M": 5, "P18A24": 0, "ITER_MATCH": true, "LN_total_sec": 3745, "LN_H_sec": 1798, "LN_M_sec": 1947, "LN_1839_sec": 2000, "LN_estimada": 17, "LN_H_est": 8, "LN_M_est": 9, "LN_1839_est": 9, "rank_seccion": 101, "pct_acum_sec": 85.02, "prioridad_50": false, "prioridad_80": false, "rank_municipal": 336, "pct_acum_LN_mun": 65.33}}, {"type": "Feature", "geometry": {"type": "Polygon", "coordinates": [[[-97.61294463046356, 19.3795974500885], [-97.61313031039613, 19.379302859848753], [-97.6134171801584, 19.379608170193002], [-97.61330985982534, 19.379778970375316], [-97.61294463046356, 19.3795974500885]]]}, "properties": {"CVEGEO": "2110800010171064", "CVE_LOC": "0001", "AGEB": "0171", "MZA": "064", "SECCION": 877, "POBTOT": 14, "P18YMAS": 10, "P18YMAS_H": 4, "P18YMAS_M": 6, "P18A24": 0, "ITER_MATCH": true, "LN_total_sec": 3745, "LN_H_sec": 1798, "LN_M_sec": 1947, "LN_1839_sec": 2000, "LN_estimada": 15, "LN_H_est": 7, "LN_M_est": 8, "LN_1839_est": 8, "rank_seccion": 112, "pct_acum_sec": 89.69, "prioridad_50": false, "prioridad_80": false, "rank_municipal": 456, "pct_acum_LN_mun": 78.25}}, {"type": "Feature", "geometry": {"type": "Polygon", "coordinates": [[[-97.614710489844, 19.383278550164142], [-97.61682756966523, 19.38319796993046], [-97.61661757954039, 19.38425417029771], [-97.61404123017377, 19.38447825992508], [-97.614710489844, 19.383278550164142]]]}, "properties": {"CVEGEO": "2110800010186003", "CVE_LOC": "0001", "AGEB": "0186", "MZA": "003", "SECCION": 875, "POBTOT": 7, "P18YMAS": 5, "P18YMAS_H": 3, "P18YMAS_M": 0, "P18A24": 0, "ITER_MATCH": true, "LN_total_sec": 1680, "LN_H_sec": 825, "LN_M_sec": 855, "LN_1839_sec": 803, "LN_estimada": 9, "LN_H_est": 5, "LN_M_est": 5, "LN_1839_est": 4, "rank_seccion": 51, "pct_acum_sec": 100.0, "prioridad_50": false, "prioridad_80": false, "rank_municipal": 702, "pct_acum_LN_mun": 99.31}}, {"type": "Feature", "geometry": {"type": "Polygon", "coordinates": [[[-97.61231982012205, 19.380553090351494], [-97.61195217025855, 19.380377949760632], [-97.612292379933, 19.379793619941417], [-97.6126520904134, 19.379980769734864], [-97.61231982012205, 19.380553090351494]]]}, "properties": {"CVEGEO": "2110800010171058", "CVE_LOC": "0001", "AGEB": "0171", "MZA": "058", "SECCION": 877, "POBTOT": 30, "P18YMAS": 21, "P18YMAS_H": 11, "P18YMAS_M": 10, "P18A24": 6, "ITER_MATCH": true, "LN_total_sec": 3745, "LN_H_sec": 1798, "LN_M_sec": 1947, "LN_1839_sec": 2000, "LN_estimada": 32, "LN_H_est": 15, "LN_M_est": 16, "LN_1839_est": 17, "rank_seccion": 44, "pct_acum_sec": 48.14, "prioridad_50": true, "prioridad_80": true, "rank_municipal": 93, "pct_acum_LN_mun": 26.56}}, {"type": "Feature", "geometry": {"type": "Polygon", "coordinates": [[[-97.61318069034289, 19.382978320419895], [-97.61356142996658, 19.382288650116514], [-97.61390947996621, 19.382466619614505], [-97.61354036996565, 19.38314891975054], [-97.61318069034289, 19.382978320419895]]]}, "properties": {"CVEGEO": "2110800010167008", "CVE_LOC": "0001", "AGEB": "0167", "MZA": "008", "SECCION": 877, "POBTOT": 38, "P18YMAS": 27, "P18YMAS_H": 14, "P18YMAS_M": 13, "P18A24": 8, "ITER_MATCH": true, "LN_total_sec": 3745, "LN_H_sec": 1798, "LN_M_sec": 1947, "LN_1839_sec": 2000, "LN_estimada": 41, "LN_H_est": 20, "LN_M_est": 21, "LN_1839_est": 22, "rank_seccion": 19, "pct_acum_sec": 24.78, "prioridad_50": true, "prioridad_80": true, "rank_municipal": 45, "pct_acum_LN_mun": 15.13}}, {"type": "Feature", "geometry": {"type": "Polygon", "coordinates": [[[-97.61988475039372, 19.379917049871057], [-97.61992009028671, 19.3797686297382], [-97.61994576957964, 19.379660819927814], [-97.62045485034257, 19.37991328959999], [-97.62039831975127, 19.379996419984234], [-97.61988475039372, 19.379917049871057]]]}, "properties": {"CVEGEO": "2110800010148018", "CVE_LOC": "0001", "AGEB": "0148", "MZA": "018", "SECCION": 2747, "POBTOT": 35, "P18YMAS": 22, "P18YMAS_H": 11, "P18YMAS_M": 11, "P18A24": 5, "ITER_MATCH": true, "LN_total_sec": 923, "LN_H_sec": 421, "LN_M_sec": 502, "LN_1839_sec": 436, "LN_estimada": 29, "LN_H_est": 13, "LN_M_est": 15, "LN_1839_est": 13, "rank_seccion": 11, "pct_acum_sec": 43.99, "prioridad_50": true, "prioridad_80": true, "rank_municipal": 135, "pct_acum_LN_mun": 35.22}}, {"type": "Feature", "geometry": {"type": "Polygon", "coordinates": [[[-97.62061047986212, 19.379399309643883], [-97.62038188974182, 19.37927777986297], [-97.62042432030621, 19.379200369754013], [-97.62056830994132, 19.378937709600457], [-97.62091337984137, 19.37912467955165], [-97.62072383000495, 19.379459570261595], [-97.62061047986212, 19.379399309643883]]]}, "properties": {"CVEGEO": "2110800010148001", "CVE_LOC": "0001", "AGEB": "0148", "MZA": "001", "SECCION": 2747, "POBTOT": 18, "P18YMAS": 10, "P18YMAS_H": 0, "P18YMAS_M": 8, "P18A24": 3, "ITER_MATCH": true, "LN_total_sec": 923, "LN_H_sec": 421, "LN_M_sec": 502, "LN_1839_sec": 436, "LN_estimada": 13, "LN_H_est": 6, "LN_M_est": 7, "LN_1839_est": 6, "rank_seccion": 36, "pct_acum_sec": 92.2, "prioridad_50": false, "prioridad_80": false, "rank_municipal": 595, "pct_acum_LN_mun": 90.7}}, {"type": "Feature", "geometry": {"type": "Polygon", "coordinates": [[[-97.61706762021639, 19.37131814988562], [-97.61681327985274, 19.371185119613422], [-97.61702093990621, 19.370841550086578], [-97.61735219968273, 19.371015859700186], [-97.61720204956706, 19.37128435031639], [-97.6171569997032, 19.371364910403155], [-97.61706762021639, 19.37131814988562]]]}, "properties": {"CVEGEO": "2110800010097032", "CVE_LOC": "0001", "AGEB": "0097", "MZA": "032", "SECCION": 879, "POBTOT": 34, "P18YMAS": 22, "P18YMAS_H": 13, "P18YMAS_M": 9, "P18A24": 4, "ITER_MATCH": true, "LN_total_sec": 1640, "LN_H_sec": 768, "LN_M_sec": 872, "LN_1839_sec": 820, "LN_estimada": 31, "LN_H_est": 14, "LN_M_est": 16, "LN_1839_est": 15, "rank_seccion": 12, "pct_acum_sec": 25.3, "prioridad_50": true, "prioridad_80": true, "rank_municipal": 111, "pct_acum_LN_mun": 30.37}}, {"type": "Feature", "geometry": {"type": "Polygon", "coordinates": [[[-97.61637797007123, 19.370954920110357], [-97.61657546006714, 19.37060416955951], [-97.61695524987654, 19.370810219829334], [-97.61675950963526, 19.371158289905097], [-97.61637797007123, 19.370954920110357]]]}, "properties": {"CVEGEO": "2110800010097031", "CVE_LOC": "0001", "AGEB": "0097", "MZA": "031", "SECCION": 879, "POBTOT": 22, "P18YMAS": 10, "P18YMAS_H": 5, "P18YMAS_M": 5, "P18A24": 0, "ITER_MATCH": true, "LN_total_sec": 1640, "LN_H_sec": 768, "LN_M_sec": 872, "LN_1839_sec": 820, "LN_estimada": 14, "LN_H_est": 7, "LN_M_est": 7, "LN_1839_est": 7, "rank_seccion": 65, "pct_acum_sec": 92.44, "prioridad_50": false, "prioridad_80": false, "rank_municipal": 481, "pct_acum_LN_mun": 80.68}}, {"type": "Feature", "geometry": {"type": "Polygon", "coordinates": [[[-97.61827106021967, 19.371440219674543], [-97.61843925025855, 19.37113668977293], [-97.6188007497095, 19.371317140155142], [-97.61863146022587, 19.37162724968826], [-97.61827106021967, 19.371440219674543]]]}, "properties": {"CVEGEO": "2110800010082049", "CVE_LOC": "0001", "AGEB": "0082", "MZA": "049", "SECCION": 879, "POBTOT": 30, "P18YMAS": 23, "P18YMAS_H": 13, "P18YMAS_M": 10, "P18A24": 8, "ITER_MATCH": true, "LN_total_sec": 1640, "LN_H_sec": 768, "LN_M_sec": 872, "LN_1839_sec": 820, "LN_estimada": 32, "LN_H_est": 15, "LN_M_est": 17, "LN_1839_est": 16, "rank_seccion": 9, "pct_acum_sec": 19.63, "prioridad_50": true, "prioridad_80": true, "rank_municipal": 94, "pct_acum_LN_mun": 26.78}}, {"type": "Feature", "geometry": {"type": "Polygon", "coordinates": [[[-97.6180833202631, 19.37186337000841], [-97.61803457997401, 19.37183934956144], [-97.61818772038012, 19.37158666027714], [-97.6182476195521, 19.371487800418322], [-97.61827660009051, 19.371503309681295], [-97.61836491031124, 19.37155048983831], [-97.6185973796492, 19.37167474035323], [-97.61840142032219, 19.37201998039228], [-97.6180833202631, 19.37186337000841]]]}, "properties": {"CVEGEO": "2110800010082048", "CVE_LOC": "0001", "AGEB": "0082", "MZA": "048", "SECCION": 879, "POBTOT": 40, "P18YMAS": 26, "P18YMAS_H": 12, "P18YMAS_M": 14, "P18A24": 8, "ITER_MATCH": true, "LN_total_sec": 1640, "LN_H_sec": 768, "LN_M_sec": 872, "LN_1839_sec": 820, "LN_estimada": 36, "LN_H_est": 17, "LN_M_est": 19, "LN_1839_est": 18, "rank_seccion": 4, "pct_acum_sec": 9.21, "prioridad_50": true, "prioridad_80": true, "rank_municipal": 65, "pct_acum_LN_mun": 20.23}}, {"type": "Feature", "geometry": {"type": "Polygon", "coordinates": [[[-97.61952234987682, 19.372611020033673], [-97.61929135013567, 19.372488599952995], [-97.61950148003847, 19.372149340068574], [-97.61984477017563, 19.372343549899195], [-97.61964611979094, 19.37267660006836], [-97.61952234987682, 19.372611020033673]]]}, "properties": {"CVEGEO": "2110800010082009", "CVE_LOC": "0001", "AGEB": "0082", "MZA": "009", "SECCION": 879, "POBTOT": 19, "P18YMAS": 10, "P18YMAS_H": 5, "P18YMAS_M": 5, "P18A24": 0, "ITER_MATCH": true, "LN_total_sec": 1640, "LN_H_sec": 768, "LN_M_sec": 872, "LN_1839_sec": 820, "LN_estimada": 14, "LN_H_est": 6, "LN_M_est": 7, "LN_1839_est": 7, "rank_seccion": 66, "pct_acum_sec": 93.29, "prioridad_50": false, "prioridad_80": false, "rank_municipal": 482, "pct_acum_LN_mun": 80.77}}, {"type": "Feature", "geometry": {"type": "Polygon", "coordinates": [[[-97.62171556984784, 19.372211889964856], [-97.62192691019082, 19.37185214004045], [-97.62210212046946, 19.37194728989103], [-97.62227546008481, 19.372041430019866], [-97.6220694598909, 19.37240151017181], [-97.62171556984784, 19.372211889964856]]]}, "properties": {"CVEGEO": "2110800010078022", "CVE_LOC": "0001", "AGEB": "0078", "MZA": "022", "SECCION": 879, "POBTOT": 23, "P18YMAS": 13, "P18YMAS_H": 7, "P18YMAS_M": 6, "P18A24": 0, "ITER_MATCH": true, "LN_total_sec": 1640, "LN_H_sec": 768, "LN_M_sec": 872, "LN_1839_sec": 820, "LN_estimada": 18, "LN_H_est": 8, "LN_M_est": 10, "LN_1839_est": 9, "rank_seccion": 47, "pct_acum_sec": 75.85, "prioridad_50": false, "prioridad_80": true, "rank_municipal": 316, "pct_acum_LN_mun": 63.02}}, {"type": "Feature", "geometry": {"type": "Polygon", "coordinates": [[[-97.62180594988241, 19.372738169748988], [-97.6217703095913, 19.37267869041571], [-97.62172551019414, 19.3725718496761], [-97.62169565020903, 19.372458460120473], [-97.6216887198939, 19.37236714993614], [-97.62169427970085, 19.372283849699986], [-97.62203154021998, 19.372463780236583], [-97.6219411202532, 19.372622719692703], [-97.62184162041707, 19.37279765992348], [-97.62180594988241, 19.372738169748988]]]}, "properties": {"CVEGEO": "2110800010078021", "CVE_LOC": "0001", "AGEB": "0078", "MZA": "021", "SECCION": 879, "POBTOT": 22, "P18YMAS": 12, "P18YMAS_H": 5, "P18YMAS_M": 7, "P18A24": 3, "ITER_MATCH": true, "LN_total_sec": 1640, "LN_H_sec": 768, "LN_M_sec": 872, "LN_1839_sec": 820, "LN_estimada": 17, "LN_H_est": 8, "LN_M_est": 9, "LN_1839_est": 8, "rank_seccion": 51, "pct_acum_sec": 80.0, "prioridad_50": false, "prioridad_80": true, "rank_municipal": 337, "pct_acum_LN_mun": 65.45}}, {"type": "Feature", "geometry": {"type": "Polygon", "coordinates": [[[-97.62513236986669, 19.374498829613216], [-97.62531165004219, 19.37418180028406], [-97.62576534998384, 19.374411350098455], [-97.62559039990185, 19.374731170140873], [-97.62513236986669, 19.374498829613216]]]}, "properties": {"CVEGEO": "2110800010063009", "CVE_LOC": "0001", "AGEB": "0063", "MZA": "009", "SECCION": 880, "POBTOT": 0, "P18YMAS": 0, "P18YMAS_H": 0, "P18YMAS_M": 0, "P18A24": 0, "ITER_MATCH": true, "LN_total_sec": 1026, "LN_H_sec": 513, "LN_M_sec": 513, "LN_1839_sec": 467, "LN_estimada": 0, "LN_H_est": 0, "LN_M_est": 0, "LN_1839_est": 0, "rank_seccion": 57, "pct_acum_sec": 100.0, "prioridad_50": false, "prioridad_80": false, "rank_municipal": 903, "pct_acum_LN_mun": 100.0}}, {"type": "Feature", "geometry": {"type": "Polygon", "coordinates": [[[-97.61987009048826, 19.374943049636006], [-97.61981705017192, 19.374915139972558], [-97.61976400032792, 19.37488725992491], [-97.61971094033045, 19.374859369594326], [-97.6196574299636, 19.374831229623627], [-97.61967636999724, 19.37479912030753], [-97.61971614034854, 19.374731659997405], [-97.61975590970633, 19.374664199654298], [-97.61979570955796, 19.374596740191162], [-97.6198563201909, 19.374493940033208], [-97.61998839993922, 19.37456323039944], [-97.62023268023077, 19.37469140032688], [-97.62007541995355, 19.374949879964927], [-97.6200287996703, 19.375026490134122], [-97.61987009048826, 19.374943049636006]]]}, "properties": {"CVEGEO": "2110800010059019", "CVE_LOC": "0001", "AGEB": "0059", "MZA": "019", "SECCION": 878, "POBTOT": 10, "P18YMAS": 0, "P18YMAS_H": 0, "P18YMAS_M": 0, "P18A24": 0, "ITER_MATCH": true, "LN_total_sec": 1218, "LN_H_sec": 568, "LN_M_sec": 650, "LN_1839_sec": 631, "LN_estimada": 0, "LN_H_est": 0, "LN_M_est": 0, "LN_1839_est": 0, "rank_seccion": 62, "pct_acum_sec": 100.0, "prioridad_50": false, "prioridad_80": false, "rank_municipal": 904, "pct_acum_LN_mun": 100.0}}, {"type": "Feature", "geometry": {"type": "Polygon", "coordinates": [[[-97.61940417021145, 19.374112849729535], [-97.619488259747, 19.3739784899682], [-97.61961590962926, 19.373774540225067], [-97.61973772018771, 19.373840319931904], [-97.61997880039291, 19.373970540091698], [-97.61977991978169, 19.374316850119374], [-97.61940417021145, 19.374112849729535]]]}, "properties": {"CVEGEO": "2110800010059018", "CVE_LOC": "0001", "AGEB": "0059", "MZA": "018", "SECCION": 878, "POBTOT": 26, "P18YMAS": 22, "P18YMAS_H": 10, "P18YMAS_M": 12, "P18A24": 0, "ITER_MATCH": true, "LN_total_sec": 1218, "LN_H_sec": 568, "LN_M_sec": 650, "LN_1839_sec": 631, "LN_estimada": 31, "LN_H_est": 14, "LN_M_est": 17, "LN_1839_est": 16, "rank_seccion": 14, "pct_acum_sec": 44.58, "prioridad_50": true, "prioridad_80": true, "rank_municipal": 112, "pct_acum_LN_mun": 30.58}}, {"type": "Feature", "geometry": {"type": "Polygon", "coordinates": [[[-97.61637249045546, 19.37566173972534], [-97.61652912033695, 19.375397550457254], [-97.61688237957136, 19.37557549014323], [-97.6167190799317, 19.375850799684077], [-97.61637249045546, 19.37566173972534]]]}, "properties": {"CVEGEO": "2110800010044032", "CVE_LOC": "0001", "AGEB": "0044", "MZA": "032", "SECCION": 877, "POBTOT": 42, "P18YMAS": 29, "P18YMAS_H": 15, "P18YMAS_M": 14, "P18A24": 6, "ITER_MATCH": true, "LN_total_sec": 3745, "LN_H_sec": 1798, "LN_M_sec": 1947, "LN_1839_sec": 2000, "LN_estimada": 44, "LN_H_est": 21, "LN_M_est": 23, "LN_1839_est": 23, "rank_seccion": 15, "pct_acum_sec": 20.32, "prioridad_50": true, "prioridad_80": true, "rank_municipal": 36, "pct_acum_LN_mun": 12.58}}, {"type": "Feature", "geometry": {"type": "Polygon", "coordinates": [[[-97.61596897035432, 19.37545446021551], [-97.6161146498034, 19.375195259575527], [-97.6164544899536, 19.375366630287612], [-97.61630434957753, 19.37563168030507], [-97.61596897035432, 19.37545446021551]]]}, "properties": {"CVEGEO": "2110800010044031", "CVE_LOC": "0001", "AGEB": "0044", "MZA": "031", "SECCION": 877, "POBTOT": 41, "P18YMAS": 26, "P18YMAS_H": 12, "P18YMAS_M": 14, "P18A24": 5, "ITER_MATCH": true, "LN_total_sec": 3745, "LN_H_sec": 1798, "LN_M_sec": 1947, "LN_1839_sec": 2000, "LN_estimada": 39, "LN_H_est": 19, "LN_M_est": 20, "LN_1839_est": 21, "rank_seccion": 21, "pct_acum_sec": 26.86, "prioridad_50": true, "prioridad_80": true, "rank_municipal": 50, "pct_acum_LN_mun": 16.46}}, {"type": "Feature", "geometry": {"type": "Polygon", "coordinates": [[[-97.6144213101765, 19.376244309999468], [-97.61463005042829, 19.375912310001674], [-97.61498472005928, 19.376079349801614], [-97.61477342964554, 19.376405150113108], [-97.6144213101765, 19.376244309999468]]]}, "properties": {"CVEGEO": "2110800010044011", "CVE_LOC": "0001", "AGEB": "0044", "MZA": "011", "SECCION": 877, "POBTOT": 24, "P18YMAS": 13, "P18YMAS_H": 7, "P18YMAS_M": 6, "P18A24": 4, "ITER_MATCH": true, "LN_total_sec": 3745, "LN_H_sec": 1798, "LN_M_sec": 1947, "LN_1839_sec": 2000, "LN_estimada": 20, "LN_H_est": 9, "LN_M_est": 10, "LN_1839_est": 10, "rank_seccion": 92, "pct_acum_sec": 80.67, "prioridad_50": false, "prioridad_80": false, "rank_municipal": 289, "pct_acum_LN_mun": 59.59}}, {"type": "Feature", "geometry": {"type": "Polygon", "coordinates": [[[-97.61890283034833, 19.379035650054703], [-97.61908811963453, 19.378715889757174], [-97.61938871039442, 19.378863679570827], [-97.61944750998701, 19.37889258035578], [-97.61925542002231, 19.37922601969731], [-97.61890283034833, 19.379035650054703]]]}, "properties": {"CVEGEO": "211080001003A040", "CVE_LOC": "0001", "AGEB": "003A", "MZA": "040", "SECCION": 2747, "POBTOT": 18, "P18YMAS": 12, "P18YMAS_H": 5, "P18YMAS_M": 7, "P18A24": 0, "ITER_MATCH": true, "LN_total_sec": 923, "LN_H_sec": 421, "LN_M_sec": 502, "LN_1839_sec": 436, "LN_estimada": 16, "LN_H_est": 7, "LN_M_est": 8, "LN_1839_est": 7, "rank_seccion": 26, "pct_acum_sec": 77.25, "prioridad_50": false, "prioridad_80": true, "rank_municipal": 413, "pct_acum_LN_mun": 73.71}}, {"type": "Feature", "geometry": {"type": "Polygon", "coordinates": [[[-97.618202029825, 19.37920503036856], [-97.61842320007212, 19.378876599585368], [-97.61875829035328, 19.379054340057518], [-97.61856065967426, 19.37938654027031], [-97.618202029825, 19.37920503036856]]]}, "properties": {"CVEGEO": "211080001003A020", "CVE_LOC": "0001", "AGEB": "003A", "MZA": "020", "SECCION": 877, "POBTOT": 33, "P18YMAS": 23, "P18YMAS_H": 11, "P18YMAS_M": 12, "P18A24": 5, "ITER_MATCH": true, "LN_total_sec": 3745, "LN_H_sec": 1798, "LN_M_sec": 1947, "LN_1839_sec": 2000, "LN_estimada": 35, "LN_H_est": 17, "LN_M_est": 18, "LN_1839_est": 19, "rank_seccion": 31, "pct_acum_sec": 36.74, "prioridad_50": true, "prioridad_80": true, "rank_municipal": 69, "pct_acum_LN_mun": 21.18}}, {"type": "Feature", "geometry": {"type": "Polygon", "coordinates": [[[-97.6226751398376, 19.378952660230755], [-97.62288998035349, 19.378583480456015], [-97.6232808901726, 19.378788309792753], [-97.62309025967545, 19.37913139995192], [-97.6226751398376, 19.378952660230755]]]}, "properties": {"CVEGEO": "2110800010010024", "CVE_LOC": "0001", "AGEB": "0010", "MZA": "024", "SECCION": 875, "POBTOT": 19, "P18YMAS": 14, "P18YMAS_H": 5, "P18YMAS_M": 9, "P18A24": 4, "ITER_MATCH": true, "LN_total_sec": 1680, "LN_H_sec": 825, "LN_M_sec": 855, "LN_1839_sec": 803, "LN_estimada": 26, "LN_H_est": 13, "LN_M_est": 13, "LN_1839_est": 12, "rank_seccion": 34, "pct_acum_sec": 81.85, "prioridad_50": false, "prioridad_80": false, "rank_municipal": 168, "pct_acum_LN_mun": 41.28}}, {"type": "Feature", "geometry": {"type": "Polygon", "coordinates": [[[-97.62313271003242, 19.379150650371407], [-97.62332597014733, 19.37881134976011], [-97.62369119953189, 19.37900182031355], [-97.62350317046375, 19.379345059827095], [-97.62313271003242, 19.379150650371407]]]}, "properties": {"CVEGEO": "2110800010010023", "CVE_LOC": "0001", "AGEB": "0010", "MZA": "023", "SECCION": 875, "POBTOT": 14, "P18YMAS": 13, "P18YMAS_H": 7, "P18YMAS_M": 6, "P18A24": 3, "ITER_MATCH": true, "LN_total_sec": 1680, "LN_H_sec": 825, "LN_M_sec": 855, "LN_1839_sec": 803, "LN_estimada": 24, "LN_H_est": 12, "LN_M_est": 12, "LN_1839_est": 12, "rank_seccion": 36, "pct_acum_sec": 84.82, "prioridad_50": false, "prioridad_80": false, "rank_municipal": 195, "pct_acum_LN_mun": 45.8}}, {"type": "Feature", "geometry": {"type": "Polygon", "coordinates": [[[-97.60185095005448, 19.37460899989331], [-97.60194278033364, 19.374649229905618], [-97.60229152011878, 19.37480203028855], [-97.60190039958168, 19.37510407985366], [-97.60167031960131, 19.3749605702405], [-97.60185095005448, 19.37460899989331]]]}, "properties": {"CVEGEO": "2110800850114022", "CVE_LOC": "0085", "AGEB": "0114", "MZA": "022", "SECCION": 879, "POBTOT": 0, "P18YMAS": 0, "P18YMAS_H": 0, "P18YMAS_M": 0, "P18A24": 0, "ITER_MATCH": false, "LN_total_sec": 1640, "LN_H_sec": 768, "LN_M_sec": 872, "LN_1839_sec": 820, "LN_estimada": 0, "LN_H_est": 0, "LN_M_est": 0, "LN_1839_est": 0, "rank_seccion": 142, "pct_acum_sec": 100.0, "prioridad_50": false, "prioridad_80": false, "rank_municipal": 905, "pct_acum_LN_mun": 100.0}}, {"type": "Feature", "geometry": {"type": "Polygon", "coordinates": [[[-97.60200617003373, 19.37459194956794], [-97.6022236497878, 19.37423544966341], [-97.60274059961722, 19.37441371022608], [-97.60236503035505, 19.37474700035696], [-97.60200617003373, 19.37459194956794]]]}, "properties": {"CVEGEO": "2110800850114021", "CVE_LOC": "0085", "AGEB": "0114", "MZA": "021", "SECCION": 879, "POBTOT": 0, "P18YMAS": 0, "P18YMAS_H": 0, "P18YMAS_M": 0, "P18A24": 0, "ITER_MATCH": false, "LN_total_sec": 1640, "LN_H_sec": 768, "LN_M_sec": 872, "LN_1839_sec": 820, "LN_estimada": 0, "LN_H_est": 0, "LN_M_est": 0, "LN_1839_est": 0, "rank_seccion": 143, "pct_acum_sec": 100.0, "prioridad_50": false, "prioridad_80": false, "rank_municipal": 906, "pct_acum_LN_mun": 100.0}}, {"type": "Feature", "geometry": {"type": "Polygon", "coordinates": [[[-97.60105970971154, 19.37558076982233], [-97.60094107990864, 19.37569362026131], [-97.6009089998417, 19.37566990975943], [-97.59949700030315, 19.37504665015425], [-97.59960059954354, 19.374857770286056], [-97.59970458008544, 19.37466157978243], [-97.60098566026664, 19.375205520301602], [-97.60128217969009, 19.375331430300538], [-97.60112830975223, 19.375529999724318], [-97.60105970971154, 19.37558076982233]]]}, "properties": {"CVEGEO": "2110800850114025", "CVE_LOC": "0085", "AGEB": "0114", "MZA": "025", "SECCION": 879, "POBTOT": 0, "P18YMAS": 0, "P18YMAS_H": 0, "P18YMAS_M": 0, "P18A24": 0, "ITER_MATCH": false, "LN_total_sec": 1640, "LN_H_sec": 768, "LN_M_sec": 872, "LN_1839_sec": 820, "LN_estimada": 0, "LN_H_est": 0, "LN_M_est": 0, "LN_1839_est": 0, "rank_seccion": 144, "pct_acum_sec": 100.0, "prioridad_50": false, "prioridad_80": false, "rank_municipal": 907, "pct_acum_LN_mun": 100.0}}, {"type": "Feature", "geometry": {"type": "Polygon", "coordinates": [[[-97.60143166011659, 19.375572079821676], [-97.60133314036193, 19.375673619841553], [-97.60130361986747, 19.37570406030093], [-97.60110674040006, 19.375837890243265], [-97.60098145954593, 19.375726339822663], [-97.60110972031366, 19.375604889984007], [-97.60117820010224, 19.375558459725845], [-97.60124034989036, 19.37547728039921], [-97.60133269016482, 19.37535665984215], [-97.60155552032948, 19.375443539629178], [-97.60143166011659, 19.375572079821676]]]}, "properties": {"CVEGEO": "2110800850114024", "CVE_LOC": "0085", "AGEB": "0114", "MZA": "024", "SECCION": 879, "POBTOT": 0, "P18YMAS": 0, "P18YMAS_H": 0, "P18YMAS_M": 0, "P18A24": 0, "ITER_MATCH": false, "LN_total_sec": 1640, "LN_H_sec": 768, "LN_M_sec": 872, "LN_1839_sec": 820, "LN_estimada": 0, "LN_H_est": 0, "LN_M_est": 0, "LN_1839_est": 0, "rank_seccion": 145, "pct_acum_sec": 100.0, "prioridad_50": false, "prioridad_80": false, "rank_municipal": 908, "pct_acum_LN_mun": 100.0}}, {"type": "Feature", "geometry": {"type": "Polygon", "coordinates": [[[-97.59982108023299, 19.369881459815698], [-97.60001597990941, 19.36946679985359], [-97.60046529041584, 19.369664170061686], [-97.6002611198326, 19.370103600120217], [-97.59982108023299, 19.369881459815698]]]}, "properties": {"CVEGEO": "2110800850114104", "CVE_LOC": "0085", "AGEB": "0114", "MZA": "104", "SECCION": 879, "POBTOT": 0, "P18YMAS": 0, "P18YMAS_H": 0, "P18YMAS_M": 0, "P18A24": 0, "ITER_MATCH": false, "LN_total_sec": 1640, "LN_H_sec": 768, "LN_M_sec": 872, "LN_1839_sec": 820, "LN_estimada": 0, "LN_H_est": 0, "LN_M_est": 0, "LN_1839_est": 0, "rank_seccion": 146, "pct_acum_sec": 100.0, "prioridad_50": false, "prioridad_80": false, "rank_municipal": 909, "pct_acum_LN_mun": 100.0}}, {"type": "Feature", "geometry": {"type": "Polygon", "coordinates": [[[-97.59964337046397, 19.37031136987225], [-97.5997995395392, 19.369931550309747], [-97.60023884978933, 19.370148310061126], [-97.60005834970102, 19.370510489544568], [-97.59964337046397, 19.37031136987225]]]}, "properties": {"CVEGEO": "2110800850114085", "CVE_LOC": "0085", "AGEB": "0114", "MZA": "085", "SECCION": 879, "POBTOT": 0, "P18YMAS": 0, "P18YMAS_H": 0, "P18YMAS_M": 0, "P18A24": 0, "ITER_MATCH": false, "LN_total_sec": 1640, "LN_H_sec": 768, "LN_M_sec": 872, "LN_1839_sec": 820, "LN_estimada": 0, "LN_H_est": 0, "LN_M_est": 0, "LN_1839_est": 0, "rank_seccion": 147, "pct_acum_sec": 100.0, "prioridad_50": false, "prioridad_80": false, "rank_municipal": 910, "pct_acum_LN_mun": 100.0}}, {"type": "Feature", "geometry": {"type": "Polygon", "coordinates": [[[-97.59946994035057, 19.371883519653263], [-97.59985898029478, 19.37205951971707], [-97.59967588981594, 19.372420949843335], [-97.59931306036634, 19.37223330992167], [-97.59946994035057, 19.371883519653263]]]}, "properties": {"CVEGEO": "2110800850114033", "CVE_LOC": "0085", "AGEB": "0114", "MZA": "033", "SECCION": 879, "POBTOT": 0, "P18YMAS": 0, "P18YMAS_H": 0, "P18YMAS_M": 0, "P18A24": 0, "ITER_MATCH": false, "LN_total_sec": 1640, "LN_H_sec": 768, "LN_M_sec": 872, "LN_1839_sec": 820, "LN_estimada": 0, "LN_H_est": 0, "LN_M_est": 0, "LN_1839_est": 0, "rank_seccion": 148, "pct_acum_sec": 100.0, "prioridad_50": false, "prioridad_80": false, "rank_municipal": 911, "pct_acum_LN_mun": 100.0}}, {"type": "Feature", "geometry": {"type": "Polygon", "coordinates": [[[-97.59907851999048, 19.372137109985037], [-97.59883771004928, 19.37203598034897], [-97.59901121967584, 19.371688449755332], [-97.59941525982761, 19.37186783002842], [-97.59924889020914, 19.372208649852997], [-97.59907851999048, 19.372137109985037]]]}, "properties": {"CVEGEO": "2110800850114056", "CVE_LOC": "0085", "AGEB": "0114", "MZA": "056", "SECCION": 879, "POBTOT": 0, "P18YMAS": 0, "P18YMAS_H": 0, "P18YMAS_M": 0, "P18A24": 0, "ITER_MATCH": false, "LN_total_sec": 1640, "LN_H_sec": 768, "LN_M_sec": 872, "LN_1839_sec": 820, "LN_estimada": 0, "LN_H_est": 0, "LN_M_est": 0, "LN_1839_est": 0, "rank_seccion": 149, "pct_acum_sec": 100.0, "prioridad_50": false, "prioridad_80": false, "rank_municipal": 912, "pct_acum_LN_mun": 100.0}}, {"type": "Feature", "geometry": {"type": "Polygon", "coordinates": [[[-97.59838967977568, 19.371822980067964], [-97.59859288970584, 19.371486649836733], [-97.5989565398267, 19.37165482010773], [-97.59877472011293, 19.372004600154536], [-97.59838967977568, 19.371822980067964]]]}, "properties": {"CVEGEO": "2110800850114081", "CVE_LOC": "0085", "AGEB": "0114", "MZA": "081", "SECCION": 879, "POBTOT": 0, "P18YMAS": 0, "P18YMAS_H": 0, "P18YMAS_M": 0, "P18A24": 0, "ITER_MATCH": false, "LN_total_sec": 1640, "LN_H_sec": 768, "LN_M_sec": 872, "LN_1839_sec": 820, "LN_estimada": 0, "LN_H_est": 0, "LN_M_est": 0, "LN_1839_est": 0, "rank_seccion": 150, "pct_acum_sec": 100.0, "prioridad_50": false, "prioridad_80": false, "rank_municipal": 913, "pct_acum_LN_mun": 100.0}}, {"type": "Feature", "geometry": {"type": "Polygon", "coordinates": [[[-97.60140162045921, 19.375690579782894], [-97.60162742040721, 19.37546635000555], [-97.60202195037195, 19.375652460331654], [-97.60185083037065, 19.375993280287183], [-97.60140162045921, 19.375690579782894]]]}, "properties": {"CVEGEO": "2110800850114044", "CVE_LOC": "0085", "AGEB": "0114", "MZA": "044", "SECCION": 879, "POBTOT": 0, "P18YMAS": 0, "P18YMAS_H": 0, "P18YMAS_M": 0, "P18A24": 0, "ITER_MATCH": false, "LN_total_sec": 1640, "LN_H_sec": 768, "LN_M_sec": 872, "LN_1839_sec": 820, "LN_estimada": 0, "LN_H_est": 0, "LN_M_est": 0, "LN_1839_est": 0, "rank_seccion": 151, "pct_acum_sec": 100.0, "prioridad_50": false, "prioridad_80": false, "rank_municipal": 914, "pct_acum_LN_mun": 100.0}}, {"type": "Feature", "geometry": {"type": "Polygon", "coordinates": [[[-97.6018461497272, 19.37816650954474], [-97.60111584954171, 19.37786964969305], [-97.60142405981328, 19.377524199624176], [-97.60204034029759, 19.377773780231312], [-97.6018461497272, 19.37816650954474]]]}, "properties": {"CVEGEO": "2110800850114123", "CVE_LOC": "0085", "AGEB": "0114", "MZA": "123", "SECCION": 879, "POBTOT": 0, "P18YMAS": 0, "P18YMAS_H": 0, "P18YMAS_M": 0, "P18A24": 0, "ITER_MATCH": false, "LN_total_sec": 1640, "LN_H_sec": 768, "LN_M_sec": 872, "LN_1839_sec": 820, "LN_estimada": 0, "LN_H_est": 0, "LN_M_est": 0, "LN_1839_est": 0, "rank_seccion": 152, "pct_acum_sec": 100.0, "prioridad_50": false, "prioridad_80": false, "rank_municipal": 915, "pct_acum_LN_mun": 100.0}}, {"type": "Feature", "geometry": {"type": "Polygon", "coordinates": [[[-97.60239818047103, 19.378392479694217], [-97.60258097019462, 19.377991850393496], [-97.60296957004012, 19.37815274987372], [-97.60292754978198, 19.378237139997943], [-97.6028362903094, 19.37839856966257], [-97.60277365986313, 19.37853107970556], [-97.60239818047103, 19.378392479694217]]]}, "properties": {"CVEGEO": "2110800850114121", "CVE_LOC": "0085", "AGEB": "0114", "MZA": "121", "SECCION": 879, "POBTOT": 0, "P18YMAS": 0, "P18YMAS_H": 0, "P18YMAS_M": 0, "P18A24": 0, "ITER_MATCH": false, "LN_total_sec": 1640, "LN_H_sec": 768, "LN_M_sec": 872, "LN_1839_sec": 820, "LN_estimada": 0, "LN_H_est": 0, "LN_M_est": 0, "LN_1839_est": 0, "rank_seccion": 153, "pct_acum_sec": 100.0, "prioridad_50": false, "prioridad_80": false, "rank_municipal": 916, "pct_acum_LN_mun": 100.0}}, {"type": "Feature", "geometry": {"type": "Polygon", "coordinates": [[[-97.60320216957254, 19.375581539979358], [-97.60329011011531, 19.375472799720757], [-97.60347787971914, 19.375318090022883], [-97.60378328962182, 19.37546158009833], [-97.60360265039144, 19.37580577027788], [-97.60320216957254, 19.375581539979358]]]}, "properties": {"CVEGEO": "2110800850114094", "CVE_LOC": "0085", "AGEB": "0114", "MZA": "094", "SECCION": 879, "POBTOT": 0, "P18YMAS": 0, "P18YMAS_H": 0, "P18YMAS_M": 0, "P18A24": 0, "ITER_MATCH": false, "LN_total_sec": 1640, "LN_H_sec": 768, "LN_M_sec": 872, "LN_1839_sec": 820, "LN_estimada": 0, "LN_H_est": 0, "LN_M_est": 0, "LN_1839_est": 0, "rank_seccion": 154, "pct_acum_sec": 100.0, "prioridad_50": false, "prioridad_80": false, "rank_municipal": 917, "pct_acum_LN_mun": 100.0}}, {"type": "Feature", "geometry": {"type": "Polygon", "coordinates": [[[-97.60286925989422, 19.375977020086648], [-97.60317329030711, 19.375619489757888], [-97.60358253987769, 19.375857339863664], [-97.60337214031864, 19.376255539694828], [-97.60286925989422, 19.375977020086648]]]}, "properties": {"CVEGEO": "2110800850114095", "CVE_LOC": "0085", "AGEB": "0114", "MZA": "095", "SECCION": 879, "POBTOT": 0, "P18YMAS": 0, "P18YMAS_H": 0, "P18YMAS_M": 0, "P18A24": 0, "ITER_MATCH": false, "LN_total_sec": 1640, "LN_H_sec": 768, "LN_M_sec": 872, "LN_1839_sec": 820, "LN_estimada": 0, "LN_H_est": 0, "LN_M_est": 0, "LN_1839_est": 0, "rank_seccion": 155, "pct_acum_sec": 100.0, "prioridad_50": false, "prioridad_80": false, "rank_municipal": 918, "pct_acum_LN_mun": 100.0}}, {"type": "Feature", "geometry": {"type": "Polygon", "coordinates": [[[-97.60277350955315, 19.376521949740837], [-97.60248448972658, 19.376387219780142], [-97.60281747971536, 19.376025110030344], [-97.6033388897483, 19.376309800407622], [-97.60313858033857, 19.376692150284203], [-97.60277350955315, 19.376521949740837]]]}, "properties": {"CVEGEO": "2110800850114096", "CVE_LOC": "0085", "AGEB": "0114", "MZA": "096", "SECCION": 879, "POBTOT": 0, "P18YMAS": 0, "P18YMAS_H": 0, "P18YMAS_M": 0, "P18A24": 0, "ITER_MATCH": false, "LN_total_sec": 1640, "LN_H_sec": 768, "LN_M_sec": 872, "LN_1839_sec": 820, "LN_estimada": 0, "LN_H_est": 0, "LN_M_est": 0, "LN_1839_est": 0, "rank_seccion": 156, "pct_acum_sec": 100.0, "prioridad_50": false, "prioridad_80": false, "rank_municipal": 919, "pct_acum_LN_mun": 100.0}}, {"type": "Feature", "geometry": {"type": "Polygon", "coordinates": [[[-97.60216756958816, 19.37674015019237], [-97.60243243043715, 19.376444379790854], [-97.60270148990003, 19.376569310104315], [-97.6025300598225, 19.3769034004324], [-97.60216756958816, 19.37674015019237]]]}, "properties": {"CVEGEO": "2110800850114097", "CVE_LOC": "0085", "AGEB": "0114", "MZA": "097", "SECCION": 879, "POBTOT": 0, "P18YMAS": 0, "P18YMAS_H": 0, "P18YMAS_M": 0, "P18A24": 0, "ITER_MATCH": false, "LN_total_sec": 1640, "LN_H_sec": 768, "LN_M_sec": 872, "LN_1839_sec": 820, "LN_estimada": 0, "LN_H_est": 0, "LN_M_est": 0, "LN_1839_est": 0, "rank_seccion": 157, "pct_acum_sec": 100.0, "prioridad_50": false, "prioridad_80": false, "rank_municipal": 920, "pct_acum_LN_mun": 100.0}}, {"type": "Feature", "geometry": {"type": "Polygon", "coordinates": [[[-97.57144775012632, 19.27882132027512], [-97.57188040017772, 19.27886005995559], [-97.57161837010325, 19.27972349024898], [-97.5711399095999, 19.279760780128488], [-97.57144775012632, 19.27882132027512]]]}, "properties": {"CVEGEO": "2110800350133037", "CVE_LOC": "0035", "AGEB": "0133", "MZA": "037", "SECCION": 882, "POBTOT": 0, "P18YMAS": 0, "P18YMAS_H": 0, "P18YMAS_M": 0, "P18A24": 0, "ITER_MATCH": false, "LN_total_sec": 2061, "LN_H_sec": 985, "LN_M_sec": 1076, "LN_1839_sec": 1194, "LN_estimada": 13, "LN_H_est": 6, "LN_M_est": 7, "LN_1839_est": 7, "rank_seccion": 97, "pct_acum_sec": 61.18, "prioridad_50": false, "prioridad_80": true, "rank_municipal": 596, "pct_acum_LN_mun": 90.79}}, {"type": "Feature", "geometry": {"type": "Polygon", "coordinates": [[[-97.57245555032203, 19.28447234002496], [-97.57252078003101, 19.2845029803168], [-97.57251362016254, 19.284575520006904], [-97.5723710299022, 19.28500594984559], [-97.57219589035293, 19.285382650205566], [-97.57164365035526, 19.28511271986934], [-97.57125496965713, 19.284938719707306], [-97.57140296984767, 19.28447373955716], [-97.57245555032203, 19.28447234002496]]]}, "properties": {"CVEGEO": "2110800350133036", "CVE_LOC": "0035", "AGEB": "0133", "MZA": "036", "SECCION": 882, "POBTOT": 0, "P18YMAS": 0, "P18YMAS_H": 0, "P18YMAS_M": 0, "P18A24": 0, "ITER_MATCH": false, "LN_total_sec": 2061, "LN_H_sec": 985, "LN_M_sec": 1076, "LN_1839_sec": 1194, "LN_estimada": 13, "LN_H_est": 6, "LN_M_est": 7, "LN_1839_est": 7, "rank_seccion": 98, "pct_acum_sec": 61.81, "prioridad_50": false, "prioridad_80": true, "rank_municipal": 597, "pct_acum_LN_mun": 90.87}}, {"type": "Feature", "geometry": {"type": "Polygon", "coordinates": [[[-97.5716592798274, 19.283534549632353], [-97.57272775038244, 19.283502259608955], [-97.57324807956745, 19.283495619761702], [-97.57310825994107, 19.284114979643945], [-97.57288407976715, 19.284314969840285], [-97.57255900042068, 19.28447172024542], [-97.5724584595757, 19.28442758034092], [-97.57196705047411, 19.284418090011062], [-97.57143515006415, 19.284413720054655], [-97.5716592798274, 19.283534549632353]]]}, "properties": {"CVEGEO": "2110800350133035", "CVE_LOC": "0035", "AGEB": "0133", "MZA": "035", "SECCION": 882, "POBTOT": 0, "P18YMAS": 0, "P18YMAS_H": 0, "P18YMAS_M": 0, "P18A24": 0, "ITER_MATCH": false, "LN_total_sec": 2061, "LN_H_sec": 985, "LN_M_sec": 1076, "LN_1839_sec": 1194, "LN_estimada": 13, "LN_H_est": 6, "LN_M_est": 7, "LN_1839_est": 7, "rank_seccion": 99, "pct_acum_sec": 62.45, "prioridad_50": false, "prioridad_80": true, "rank_municipal": 598, "pct_acum_LN_mun": 90.96}}, {"type": "Feature", "geometry": {"type": "Polygon", "coordinates": [[[-97.5712930299946, 19.28447728039103], [-97.5711603198032, 19.284916080325544], [-97.57039425020555, 19.28455333982844], [-97.57048607964326, 19.2844961797272], [-97.5712930299946, 19.28447728039103]]]}, "properties": {"CVEGEO": "2110800350133034", "CVE_LOC": "0035", "AGEB": "0133", "MZA": "034", "SECCION": 882, "POBTOT": 0, "P18YMAS": 0, "P18YMAS_H": 0, "P18YMAS_M": 0, "P18A24": 0, "ITER_MATCH": false, "LN_total_sec": 2061, "LN_H_sec": 985, "LN_M_sec": 1076, "LN_1839_sec": 1194, "LN_estimada": 13, "LN_H_est": 6, "LN_M_est": 7, "LN_1839_est": 7, "rank_seccion": 100, "pct_acum_sec": 63.08, "prioridad_50": false, "prioridad_80": true, "rank_municipal": 599, "pct_acum_LN_mun": 91.05}}, {"type": "Feature", "geometry": {"type": "Polygon", "coordinates": [[[-97.57144535021364, 19.28397586024105], [-97.57132312023825, 19.284388120414604], [-97.57087370969764, 19.284409709727516], [-97.57046771987609, 19.284423820398672], [-97.5703883100017, 19.284467619989616], [-97.570618140042, 19.283583719597488], [-97.57154978001485, 19.283542249801403], [-97.57144535021364, 19.28397586024105]]]}, "properties": {"CVEGEO": "2110800350133033", "CVE_LOC": "0035", "AGEB": "0133", "MZA": "033", "SECCION": 882, "POBTOT": 0, "P18YMAS": 0, "P18YMAS_H": 0, "P18YMAS_M": 0, "P18A24": 0, "ITER_MATCH": false, "LN_total_sec": 2061, "LN_H_sec": 985, "LN_M_sec": 1076, "LN_1839_sec": 1194, "LN_estimada": 13, "LN_H_est": 6, "LN_M_est": 7, "LN_1839_est": 7, "rank_seccion": 101, "pct_acum_sec": 63.71, "prioridad_50": false, "prioridad_80": true, "rank_municipal": 600, "pct_acum_LN_mun": 91.14}}, {"type": "Feature", "geometry": {"type": "Polygon", "coordinates": [[[-97.53194886018352, 19.263695919678614], [-97.53207112036401, 19.26343143017359], [-97.53222989046228, 19.263124649566247], [-97.53237314038765, 19.262959880452687], [-97.53255057001142, 19.262734169803277], [-97.53278249020055, 19.262478399882664], [-97.53300219959533, 19.262203979810533], [-97.53487691039706, 19.26314402961757], [-97.5351865800151, 19.263324510205262], [-97.53498861961886, 19.263404920151117], [-97.53451447980227, 19.26361080030311], [-97.53433451956283, 19.263682709929302], [-97.53385313986583, 19.263888750079467], [-97.53373954034434, 19.263996250411907], [-97.53247295014164, 19.263981250285955], [-97.53265214976732, 19.26347094971047], [-97.53262601976442, 19.26346951038321], [-97.53260434047345, 19.263468539888148], [-97.53241406029498, 19.263979510318926], [-97.53187131961145, 19.263956779918303], [-97.53194886018352, 19.263695919678614]]]}, "properties": {"CVEGEO": "2110800320133043", "CVE_LOC": "0032", "AGEB": "0133", "MZA": "043", "SECCION": 882, "POBTOT": 0, "P18YMAS": 0, "P18YMAS_H": 0, "P18YMAS_M": 0, "P18A24": 0, "ITER_MATCH": false, "LN_total_sec": 2061, "LN_H_sec": 985, "LN_M_sec": 1076, "LN_1839_sec": 1194, "LN_estimada": 13, "LN_H_est": 6, "LN_M_est": 7, "LN_1839_est": 7, "rank_seccion": 102, "pct_acum_sec": 64.34, "prioridad_50": false, "prioridad_80": true, "rank_municipal": 601, "pct_acum_LN_mun": 91.22}}, {"type": "Feature", "geometry": {"type": "Polygon", "coordinates": [[[-97.53006083038116, 19.268538090140723], [-97.53025891976411, 19.268155580260732], [-97.53040971980347, 19.267881550396627], [-97.53057228029614, 19.267483150103427], [-97.53070622962848, 19.26721368019743], [-97.53092712042913, 19.266744940281193], [-97.53113581986267, 19.266305549982324], [-97.53130768016854, 19.265821539835187], [-97.53145262997316, 19.265522049709038], [-97.5314796203378, 19.265710660021497], [-97.53156020043467, 19.266128690161665], [-97.5316544297843, 19.266614179945922], [-97.53172637014539, 19.26687906007348], [-97.5317616795856, 19.26711010953955], [-97.53186746027737, 19.267544250137917], [-97.53163353980902, 19.267606620171854], [-97.5314535402528, 19.267695510319673], [-97.53125672041158, 19.267948569771853], [-97.53107860011913, 19.26823375012682], [-97.53092159979528, 19.26840320006297], [-97.53083365965068, 19.26845944980378], [-97.53056078018305, 19.268534880036885], [-97.53035037031528, 19.268596139823515], [-97.53005731958145, 19.26881171014497], [-97.52993641992664, 19.26887208955205], [-97.53006083038116, 19.268538090140723]]]}, "properties": {"CVEGEO": "2110800320133042", "CVE_LOC": "0032", "AGEB": "0133", "MZA": "042", "SECCION": 882, "POBTOT": 0, "P18YMAS": 0, "P18YMAS_H": 0, "P18YMAS_M": 0, "P18A24": 0, "ITER_MATCH": false, "LN_total_sec": 2061, "LN_H_sec": 985, "LN_M_sec": 1076, "LN_1839_sec": 1194, "LN_estimada": 13, "LN_H_est": 6, "LN_M_est": 7, "LN_1839_est": 7, "rank_seccion": 103, "pct_acum_sec": 64.97, "prioridad_50": false, "prioridad_80": true, "rank_municipal": 602, "pct_acum_LN_mun": 91.31}}, {"type": "Feature", "geometry": {"type": "Polygon", "coordinates": [[[-97.5321186597329, 19.26733172042195], [-97.53204499992042, 19.26724425969185], [-97.5319667201899, 19.26712368000667], [-97.53194820371215, 19.267074847299977], [-97.53186777985026, 19.266862749756445], [-97.53184476973873, 19.266647629721536], [-97.53231797994977, 19.26668831029956], [-97.53229680024599, 19.267382490094473], [-97.5321186597329, 19.26733172042195]]]}, "properties": {"CVEGEO": "2110800320133025", "CVE_LOC": "0032", "AGEB": "0133", "MZA": "025", "SECCION": 882, "POBTOT": 0, "P18YMAS": 0, "P18YMAS_H": 0, "P18YMAS_M": 0, "P18A24": 0, "ITER_MATCH": false, "LN_total_sec": 2061, "LN_H_sec": 985, "LN_M_sec": 1076, "LN_1839_sec": 1194, "LN_estimada": 13, "LN_H_est": 6, "LN_M_est": 7, "LN_1839_est": 7, "rank_seccion": 104, "pct_acum_sec": 65.6, "prioridad_50": false, "prioridad_80": true, "rank_municipal": 603, "pct_acum_LN_mun": 91.4}}, {"type": "Feature", "geometry": {"type": "Polygon", "coordinates": [[[-97.53242537028305, 19.266694819702526], [-97.53295461978473, 19.266732369616587], [-97.53287034987231, 19.26768503034128], [-97.53240874020472, 19.26743583015238], [-97.53242537028305, 19.266694819702526]]]}, "properties": {"CVEGEO": "2110800320133024", "CVE_LOC": "0032", "AGEB": "0133", "MZA": "024", "SECCION": 882, "POBTOT": 0, "P18YMAS": 0, "P18YMAS_H": 0, "P18YMAS_M": 0, "P18A24": 0, "ITER_MATCH": false, "LN_total_sec": 2061, "LN_H_sec": 985, "LN_M_sec": 1076, "LN_1839_sec": 1194, "LN_estimada": 13, "LN_H_est": 6, "LN_M_est": 7, "LN_1839_est": 7, "rank_seccion": 105, "pct_acum_sec": 66.23, "prioridad_50": false, "prioridad_80": true, "rank_municipal": 604, "pct_acum_LN_mun": 91.49}}, {"type": "Feature", "geometry": {"type": "Polygon", "coordinates": [[[-97.5336409703686, 19.267386779941802], [-97.53367445019776, 19.266792819552947], [-97.53414191041945, 19.266837490445656], [-97.5341194500612, 19.267411090157694], [-97.5336409703686, 19.267386779941802]]]}, "properties": {"CVEGEO": "2110800320133022", "CVE_LOC": "0032", "AGEB": "0133", "MZA": "022", "SECCION": 882, "POBTOT": 0, "P18YMAS": 0, "P18YMAS_H": 0, "P18YMAS_M": 0, "P18A24": 0, "ITER_MATCH": false, "LN_total_sec": 2061, "LN_H_sec": 985, "LN_M_sec": 1076, "LN_1839_sec": 1194, "LN_estimada": 13, "LN_H_est": 6, "LN_M_est": 7, "LN_1839_est": 7, "rank_seccion": 106, "pct_acum_sec": 66.86, "prioridad_50": false, "prioridad_80": true, "rank_municipal": 605, "pct_acum_LN_mun": 91.57}}, {"type": "Feature", "geometry": {"type": "Polygon", "coordinates": [[[-97.53418694983803, 19.267426199767957], [-97.53422548969715, 19.26684856966217], [-97.53469286004135, 19.266877600170908], [-97.5346680804288, 19.267449619654485], [-97.53418694983803, 19.267426199767957]]]}, "properties": {"CVEGEO": "2110800320133021", "CVE_LOC": "0032", "AGEB": "0133", "MZA": "021", "SECCION": 882, "POBTOT": 0, "P18YMAS": 0, "P18YMAS_H": 0, "P18YMAS_M": 0, "P18A24": 0, "ITER_MATCH": false, "LN_total_sec": 2061, "LN_H_sec": 985, "LN_M_sec": 1076, "LN_1839_sec": 1194, "LN_estimada": 13, "LN_H_est": 6, "LN_M_est": 7, "LN_1839_est": 7, "rank_seccion": 107, "pct_acum_sec": 67.49, "prioridad_50": false, "prioridad_80": true, "rank_municipal": 606, "pct_acum_LN_mun": 91.66}}, {"type": "Feature", "geometry": {"type": "Polygon", "coordinates": [[[-97.55691665985573, 19.24667611960148], [-97.55684014982212, 19.245623999760635], [-97.55767065971837, 19.24554654018277], [-97.55776466013766, 19.24670838008746], [-97.55691665985573, 19.24667611960148]]]}, "properties": {"CVEGEO": "2110800250133034", "CVE_LOC": "0025", "AGEB": "0133", "MZA": "034", "SECCION": 882, "POBTOT": 0, "P18YMAS": 0, "P18YMAS_H": 0, "P18YMAS_M": 0, "P18A24": 0, "ITER_MATCH": false, "LN_total_sec": 2061, "LN_H_sec": 985, "LN_M_sec": 1076, "LN_1839_sec": 1194, "LN_estimada": 13, "LN_H_est": 6, "LN_M_est": 7, "LN_1839_est": 7, "rank_seccion": 108, "pct_acum_sec": 68.12, "prioridad_50": false, "prioridad_80": true, "rank_municipal": 607, "pct_acum_LN_mun": 91.75}}, {"type": "Feature", "geometry": {"type": "Polygon", "coordinates": [[[-97.55802657953376, 19.23951432022678], [-97.55928665978514, 19.239375889647523], [-97.55940940043126, 19.240546000148605], [-97.55814303030668, 19.240658779862386], [-97.55802657953376, 19.23951432022678]]]}, "properties": {"CVEGEO": "2110800250133031", "CVE_LOC": "0025", "AGEB": "0133", "MZA": "031", "SECCION": 882, "POBTOT": 0, "P18YMAS": 0, "P18YMAS_H": 0, "P18YMAS_M": 0, "P18A24": 0, "ITER_MATCH": false, "LN_total_sec": 2061, "LN_H_sec": 985, "LN_M_sec": 1076, "LN_1839_sec": 1194, "LN_estimada": 13, "LN_H_est": 6, "LN_M_est": 7, "LN_1839_est": 7, "rank_seccion": 109, "pct_acum_sec": 68.75, "prioridad_50": false, "prioridad_80": true, "rank_municipal": 608, "pct_acum_LN_mun": 91.84}}, {"type": "Feature", "geometry": {"type": "Polygon", "coordinates": [[[-97.55717548017441, 19.23962080015783], [-97.55796188976028, 19.2395245702169], [-97.55808116981373, 19.240670350213023], [-97.55728387976099, 19.240741830294585], [-97.55717548017441, 19.23962080015783]]]}, "properties": {"CVEGEO": "2110800250133030", "CVE_LOC": "0025", "AGEB": "0133", "MZA": "030", "SECCION": 882, "POBTOT": 0, "P18YMAS": 0, "P18YMAS_H": 0, "P18YMAS_M": 0, "P18A24": 0, "ITER_MATCH": false, "LN_total_sec": 2061, "LN_H_sec": 985, "LN_M_sec": 1076, "LN_1839_sec": 1194, "LN_estimada": 13, "LN_H_est": 6, "LN_M_est": 7, "LN_1839_est": 7, "rank_seccion": 110, "pct_acum_sec": 69.38, "prioridad_50": false, "prioridad_80": true, "rank_municipal": 609, "pct_acum_LN_mun": 91.93}}, {"type": "Feature", "geometry": {"type": "Polygon", "coordinates": [[[-97.55627961977659, 19.23972315009701], [-97.55710142957315, 19.239625400238484], [-97.55722679972456, 19.240751780161975], [-97.55637508965017, 19.240831919719692], [-97.55627961977659, 19.23972315009701]]]}, "properties": {"CVEGEO": "2110800250133029", "CVE_LOC": "0025", "AGEB": "0133", "MZA": "029", "SECCION": 882, "POBTOT": 0, "P18YMAS": 0, "P18YMAS_H": 0, "P18YMAS_M": 0, "P18A24": 0, "ITER_MATCH": false, "LN_total_sec": 2061, "LN_H_sec": 985, "LN_M_sec": 1076, "LN_1839_sec": 1194, "LN_estimada": 13, "LN_H_est": 6, "LN_M_est": 7, "LN_1839_est": 7, "rank_seccion": 111, "pct_acum_sec": 70.01, "prioridad_50": false, "prioridad_80": true, "rank_municipal": 610, "pct_acum_LN_mun": 92.01}}, {"type": "Feature", "geometry": {"type": "Polygon", "coordinates": [[[-97.55562594985237, 19.24060952007526], [-97.556208749841, 19.23973079954811], [-97.55629689036348, 19.240829660271693], [-97.55548237022374, 19.24089634982546], [-97.55562594985237, 19.24060952007526]]]}, "properties": {"CVEGEO": "2110800250133028", "CVE_LOC": "0025", "AGEB": "0133", "MZA": "028", "SECCION": 882, "POBTOT": 0, "P18YMAS": 0, "P18YMAS_H": 0, "P18YMAS_M": 0, "P18A24": 0, "ITER_MATCH": false, "LN_total_sec": 2061, "LN_H_sec": 985, "LN_M_sec": 1076, "LN_1839_sec": 1194, "LN_estimada": 13, "LN_H_est": 6, "LN_M_est": 7, "LN_1839_est": 7, "rank_seccion": 112, "pct_acum_sec": 70.65, "prioridad_50": false, "prioridad_80": true, "rank_municipal": 611, "pct_acum_LN_mun": 92.1}}, {"type": "Feature", "geometry": {"type": "Polygon", "coordinates": [[[-97.65121935025294, 19.371135619670387], [-97.65153132033439, 19.37137062972142], [-97.65128466033939, 19.371643150403155], [-97.65095518015744, 19.37146157979906], [-97.65121935025294, 19.371135619670387]]]}, "properties": {"CVEGEO": "211080008010A070", "CVE_LOC": "0008", "AGEB": "010A", "MZA": "070", "SECCION": 875, "POBTOT": 0, "P18YMAS": 0, "P18YMAS_H": 0, "P18YMAS_M": 0, "P18A24": 0, "ITER_MATCH": false, "LN_total_sec": 1680, "LN_H_sec": 825, "LN_M_sec": 855, "LN_1839_sec": 803, "LN_estimada": 0, "LN_H_est": 0, "LN_M_est": 0, "LN_1839_est": 0, "rank_seccion": 109, "pct_acum_sec": 100.0, "prioridad_50": false, "prioridad_80": false, "rank_municipal": 921, "pct_acum_LN_mun": 100.0}}, {"type": "Feature", "geometry": {"type": "Polygon", "coordinates": [[[-97.64877450971022, 19.367481579752788], [-97.6490400295599, 19.367695679938453], [-97.64879041990811, 19.367983109782646], [-97.6485149799272, 19.367782339613928], [-97.64877450971022, 19.367481579752788]]]}, "properties": {"CVEGEO": "211080008010A051", "CVE_LOC": "0008", "AGEB": "010A", "MZA": "051", "SECCION": 875, "POBTOT": 0, "P18YMAS": 0, "P18YMAS_H": 0, "P18YMAS_M": 0, "P18A24": 0, "ITER_MATCH": false, "LN_total_sec": 1680, "LN_H_sec": 825, "LN_M_sec": 855, "LN_1839_sec": 803, "LN_estimada": 0, "LN_H_est": 0, "LN_M_est": 0, "LN_1839_est": 0, "rank_seccion": 110, "pct_acum_sec": 100.0, "prioridad_50": false, "prioridad_80": false, "rank_municipal": 922, "pct_acum_LN_mun": 100.0}}, {"type": "Feature", "geometry": {"type": "Polygon", "coordinates": [[[-97.64845897986238, 19.367859049760526], [-97.64872415040765, 19.368064490210752], [-97.64850007984363, 19.368300980023683], [-97.64825447964863, 19.368104659835808], [-97.64845897986238, 19.367859049760526]]]}, "properties": {"CVEGEO": "211080008010A050", "CVE_LOC": "0008", "AGEB": "010A", "MZA": "050", "SECCION": 875, "POBTOT": 0, "P18YMAS": 0, "P18YMAS_H": 0, "P18YMAS_M": 0, "P18A24": 0, "ITER_MATCH": false, "LN_total_sec": 1680, "LN_H_sec": 825, "LN_M_sec": 855, "LN_1839_sec": 803, "LN_estimada": 0, "LN_H_est": 0, "LN_M_est": 0, "LN_1839_est": 0, "rank_seccion": 111, "pct_acum_sec": 100.0, "prioridad_50": false, "prioridad_80": false, "rank_municipal": 923, "pct_acum_LN_mun": 100.0}}, {"type": "Feature", "geometry": {"type": "Polygon", "coordinates": [[[-97.64817960042059, 19.3681645097554], [-97.64844871006608, 19.368360200291434], [-97.64816701984927, 19.368695089651716], [-97.64789267964254, 19.368484520385188], [-97.64817960042059, 19.3681645097554]]]}, "properties": {"CVEGEO": "211080008010A049", "CVE_LOC": "0008", "AGEB": "010A", "MZA": "049", "SECCION": 875, "POBTOT": 0, "P18YMAS": 0, "P18YMAS_H": 0, "P18YMAS_M": 0, "P18A24": 0, "ITER_MATCH": false, "LN_total_sec": 1680, "LN_H_sec": 825, "LN_M_sec": 855, "LN_1839_sec": 803, "LN_estimada": 0, "LN_H_est": 0, "LN_M_est": 0, "LN_1839_est": 0, "rank_seccion": 112, "pct_acum_sec": 100.0, "prioridad_50": false, "prioridad_80": false, "rank_municipal": 924, "pct_acum_LN_mun": 100.0}}, {"type": "Feature", "geometry": {"type": "Polygon", "coordinates": [[[-97.6478470801513, 19.368530169878955], [-97.64812319959695, 19.368763909982366], [-97.64787984993725, 19.369061849836168], [-97.64759574045902, 19.36884211978597], [-97.6478470801513, 19.368530169878955]]]}, "properties": {"CVEGEO": "211080008010A048", "CVE_LOC": "0008", "AGEB": "010A", "MZA": "048", "SECCION": 875, "POBTOT": 0, "P18YMAS": 0, "P18YMAS_H": 0, "P18YMAS_M": 0, "P18A24": 0, "ITER_MATCH": false, "LN_total_sec": 1680, "LN_H_sec": 825, "LN_M_sec": 855, "LN_1839_sec": 803, "LN_estimada": 0, "LN_H_est": 0, "LN_M_est": 0, "LN_1839_est": 0, "rank_seccion": 113, "pct_acum_sec": 100.0, "prioridad_50": false, "prioridad_80": false, "rank_municipal": 925, "pct_acum_LN_mun": 100.0}}, {"type": "Feature", "geometry": {"type": "Polygon", "coordinates": [[[-97.64730185992258, 19.369193109804755], [-97.64755462025471, 19.368902980139065], [-97.64784861987074, 19.369133370335984], [-97.64760265999531, 19.369428260024684], [-97.64730185992258, 19.369193109804755]]]}, "properties": {"CVEGEO": "211080008010A047", "CVE_LOC": "0008", "AGEB": "010A", "MZA": "047", "SECCION": 875, "POBTOT": 0, "P18YMAS": 0, "P18YMAS_H": 0, "P18YMAS_M": 0, "P18A24": 0, "ITER_MATCH": false, "LN_total_sec": 1680, "LN_H_sec": 825, "LN_M_sec": 855, "LN_1839_sec": 803, "LN_estimada": 0, "LN_H_est": 0, "LN_M_est": 0, "LN_1839_est": 0, "rank_seccion": 114, "pct_acum_sec": 100.0, "prioridad_50": false, "prioridad_80": false, "rank_municipal": 926, "pct_acum_LN_mun": 100.0}}, {"type": "Feature", "geometry": {"type": "Polygon", "coordinates": [[[-97.65071597993263, 19.370214820350068], [-97.65104352029712, 19.370456920431486], [-97.65079193991696, 19.370767769881684], [-97.65046325038351, 19.3705181395583], [-97.65071597993263, 19.370214820350068]]]}, "properties": {"CVEGEO": "211080008010A037", "CVE_LOC": "0008", "AGEB": "010A", "MZA": "037", "SECCION": 875, "POBTOT": 0, "P18YMAS": 0, "P18YMAS_H": 0, "P18YMAS_M": 0, "P18A24": 0, "ITER_MATCH": false, "LN_total_sec": 1680, "LN_H_sec": 825, "LN_M_sec": 855, "LN_1839_sec": 803, "LN_estimada": 0, "LN_H_est": 0, "LN_M_est": 0, "LN_1839_est": 0, "rank_seccion": 115, "pct_acum_sec": 100.0, "prioridad_50": false, "prioridad_80": false, "rank_municipal": 927, "pct_acum_LN_mun": 100.0}}, {"type": "Feature", "geometry": {"type": "Polygon", "coordinates": [[[-97.64918065956425, 19.368975029963206], [-97.64891796978246, 19.369281549741224], [-97.64863006031307, 19.369042970432528], [-97.64890814972827, 19.368757180060076], [-97.64918065956425, 19.368975029963206]]]}, "properties": {"CVEGEO": "211080008010A011", "CVE_LOC": "0008", "AGEB": "010A", "MZA": "011", "SECCION": 875, "POBTOT": 0, "P18YMAS": 0, "P18YMAS_H": 0, "P18YMAS_M": 0, "P18A24": 0, "ITER_MATCH": false, "LN_total_sec": 1680, "LN_H_sec": 825, "LN_M_sec": 855, "LN_1839_sec": 803, "LN_estimada": 0, "LN_H_est": 0, "LN_M_est": 0, "LN_1839_est": 0, "rank_seccion": 116, "pct_acum_sec": 100.0, "prioridad_50": false, "prioridad_80": false, "rank_municipal": 928, "pct_acum_LN_mun": 100.0}}, {"type": "Feature", "geometry": {"type": "Polygon", "coordinates": [[[-97.64856654966196, 19.36911277998693], [-97.6488767498007, 19.369353340145235], [-97.6486114296369, 19.36964751980397], [-97.64832225014004, 19.369419320064246], [-97.64856654966196, 19.36911277998693]]]}, "properties": {"CVEGEO": "211080008010A010", "CVE_LOC": "0008", "AGEB": "010A", "MZA": "010", "SECCION": 875, "POBTOT": 0, "P18YMAS": 0, "P18YMAS_H": 0, "P18YMAS_M": 0, "P18A24": 0, "ITER_MATCH": false, "LN_total_sec": 1680, "LN_H_sec": 825, "LN_M_sec": 855, "LN_1839_sec": 803, "LN_estimada": 0, "LN_H_est": 0, "LN_M_est": 0, "LN_1839_est": 0, "rank_seccion": 117, "pct_acum_sec": 100.0, "prioridad_50": false, "prioridad_80": false, "rank_municipal": 929, "pct_acum_LN_mun": 100.0}}, {"type": "Feature", "geometry": {"type": "Polygon", "coordinates": [[[-97.6489493801222, 19.36941119960693], [-97.64924631040074, 19.369663119699236], [-97.64898733984772, 19.369936110025456], [-97.64868682992048, 19.369691659815384], [-97.6489493801222, 19.36941119960693]]]}, "properties": {"CVEGEO": "211080008010A009", "CVE_LOC": "0008", "AGEB": "010A", "MZA": "009", "SECCION": 875, "POBTOT": 0, "P18YMAS": 0, "P18YMAS_H": 0, "P18YMAS_M": 0, "P18A24": 0, "ITER_MATCH": false, "LN_total_sec": 1680, "LN_H_sec": 825, "LN_M_sec": 855, "LN_1839_sec": 803, "LN_estimada": 0, "LN_H_est": 0, "LN_M_est": 0, "LN_1839_est": 0, "rank_seccion": 118, "pct_acum_sec": 100.0, "prioridad_50": false, "prioridad_80": false, "rank_municipal": 930, "pct_acum_LN_mun": 100.0}}, {"type": "Feature", "geometry": {"type": "Polygon", "coordinates": [[[-97.64932417001128, 19.369718879998484], [-97.64959082977771, 19.369925030098077], [-97.64936090966653, 19.370249380218876], [-97.6490575496143, 19.37000474982525], [-97.64932417001128, 19.369718879998484]]]}, "properties": {"CVEGEO": "211080008010A008", "CVE_LOC": "0008", "AGEB": "010A", "MZA": "008", "SECCION": 875, "POBTOT": 0, "P18YMAS": 0, "P18YMAS_H": 0, "P18YMAS_M": 0, "P18A24": 0, "ITER_MATCH": false, "LN_total_sec": 1680, "LN_H_sec": 825, "LN_M_sec": 855, "LN_1839_sec": 803, "LN_estimada": 0, "LN_H_est": 0, "LN_M_est": 0, "LN_1839_est": 0, "rank_seccion": 119, "pct_acum_sec": 100.0, "prioridad_50": false, "prioridad_80": false, "rank_municipal": 931, "pct_acum_LN_mun": 100.0}}, {"type": "Feature", "geometry": {"type": "Polygon", "coordinates": [[[-97.6406680797445, 19.406507310243537], [-97.64050957047294, 19.40657910981926], [-97.6404859700077, 19.40664687955081], [-97.64027258045219, 19.406664290343176], [-97.64013308983108, 19.40670132028949], [-97.6398016596545, 19.40679306038083], [-97.6396449401786, 19.406802019967987], [-97.64026805958258, 19.406192829714264], [-97.6406680797445, 19.406507310243537]]]}, "properties": {"CVEGEO": "211080005010A088", "CVE_LOC": "0005", "AGEB": "010A", "MZA": "088", "SECCION": 876, "POBTOT": 0, "P18YMAS": 0, "P18YMAS_H": 0, "P18YMAS_M": 0, "P18A24": 0, "ITER_MATCH": false, "LN_total_sec": 1428, "LN_H_sec": 662, "LN_M_sec": 766, "LN_1839_sec": 812, "LN_estimada": 16, "LN_H_est": 7, "LN_M_est": 8, "LN_1839_est": 9, "rank_seccion": 65, "pct_acum_sec": 73.11, "prioridad_50": false, "prioridad_80": true, "rank_municipal": 414, "pct_acum_LN_mun": 73.81}}, {"type": "Feature", "geometry": {"type": "Polygon", "coordinates": [[[-97.63937453956736, 19.40795997983596], [-97.63928325974855, 19.40801748015722], [-97.63927837010142, 19.4080213698296], [-97.63927321906648, 19.40802498003737], [-97.63912192008175, 19.408137980383003], [-97.63904779993497, 19.408361970203433], [-97.63890888036043, 19.408320540017918], [-97.63922286006428, 19.40794490977195], [-97.63920914011517, 19.407933619757667], [-97.63919591045615, 19.40792271007871], [-97.63886440038252, 19.40830662009525], [-97.63855672005273, 19.408057710252343], [-97.63891068035403, 19.407671659941613], [-97.63898793975935, 19.407585779985006], [-97.63961965000692, 19.406833200104543], [-97.63980894992325, 19.406821000328065], [-97.64014474975973, 19.406722310006906], [-97.64027841987675, 19.406690050197163], [-97.64052103024981, 19.406679619683757], [-97.64054329027722, 19.40660642996027], [-97.64073625973138, 19.40651771035508], [-97.64167654996437, 19.406497489788297], [-97.6416135398427, 19.40656226032531], [-97.6410082004377, 19.407184430386973], [-97.64060808003288, 19.407616079818144], [-97.64009163016021, 19.407870939798656], [-97.63956300011635, 19.40795687994813], [-97.63937453956736, 19.40795997983596]]]}, "properties": {"CVEGEO": "211080005010A060", "CVE_LOC": "0005", "AGEB": "010A", "MZA": "060", "SECCION": 876, "POBTOT": 0, "P18YMAS": 0, "P18YMAS_H": 0, "P18YMAS_M": 0, "P18A24": 0, "ITER_MATCH": false, "LN_total_sec": 1428, "LN_H_sec": 662, "LN_M_sec": 766, "LN_1839_sec": 812, "LN_estimada": 16, "LN_H_est": 7, "LN_M_est": 8, "LN_1839_est": 9, "rank_seccion": 66, "pct_acum_sec": 74.23, "prioridad_50": false, "prioridad_80": true, "rank_municipal": 415, "pct_acum_LN_mun": 73.92}}, {"type": "Feature", "geometry": {"type": "Polygon", "coordinates": [[[-97.63720219985396, 19.40698534027542], [-97.63729481959643, 19.407060920069206], [-97.63737284953066, 19.40711784989933], [-97.63705077963229, 19.40748268012681], [-97.63671101971053, 19.40724332020344], [-97.63705703010925, 19.406877539629264], [-97.63720219985396, 19.40698534027542]]]}, "properties": {"CVEGEO": "211080005010A079", "CVE_LOC": "0005", "AGEB": "010A", "MZA": "079", "SECCION": 876, "POBTOT": 0, "P18YMAS": 0, "P18YMAS_H": 0, "P18YMAS_M": 0, "P18A24": 0, "ITER_MATCH": false, "LN_total_sec": 1428, "LN_H_sec": 662, "LN_M_sec": 766, "LN_1839_sec": 812, "LN_estimada": 16, "LN_H_est": 7, "LN_M_est": 8, "LN_1839_est": 9, "rank_seccion": 67, "pct_acum_sec": 75.35, "prioridad_50": false, "prioridad_80": true, "rank_municipal": 416, "pct_acum_LN_mun": 74.03}}, {"type": "Feature", "geometry": {"type": "Polygon", "coordinates": [[[-97.63587131968426, 19.40889931022527], [-97.63599419984489, 19.408760630398408], [-97.63613639953306, 19.408597680173564], [-97.63645814975607, 19.408866170150795], [-97.6361674596534, 19.40916505991606], [-97.63587131968426, 19.40889931022527]]]}, "properties": {"CVEGEO": "211080005010A003", "CVE_LOC": "0005", "AGEB": "010A", "MZA": "003", "SECCION": 876, "POBTOT": 0, "P18YMAS": 0, "P18YMAS_H": 0, "P18YMAS_M": 0, "P18A24": 0, "ITER_MATCH": false, "LN_total_sec": 1428, "LN_H_sec": 662, "LN_M_sec": 766, "LN_1839_sec": 812, "LN_estimada": 16, "LN_H_est": 7, "LN_M_est": 8, "LN_1839_est": 9, "rank_seccion": 68, "pct_acum_sec": 76.47, "prioridad_50": false, "prioridad_80": true, "rank_municipal": 417, "pct_acum_LN_mun": 74.14}}, {"type": "Feature", "geometry": {"type": "Polygon", "coordinates": [[[-97.63712150999433, 19.406113970193005], [-97.63745134965248, 19.40637375022556], [-97.63705439981358, 19.40681798004647], [-97.63688032047169, 19.40668945984371], [-97.63670626023108, 19.40656092006026], [-97.63712150999433, 19.406113970193005]]]}, "properties": {"CVEGEO": "211080005010A055", "CVE_LOC": "0005", "AGEB": "010A", "MZA": "055", "SECCION": 876, "POBTOT": 0, "P18YMAS": 0, "P18YMAS_H": 0, "P18YMAS_M": 0, "P18A24": 0, "ITER_MATCH": false, "LN_total_sec": 1428, "LN_H_sec": 662, "LN_M_sec": 766, "LN_1839_sec": 812, "LN_estimada": 16, "LN_H_est": 7, "LN_M_est": 8, "LN_1839_est": 9, "rank_seccion": 69, "pct_acum_sec": 77.59, "prioridad_50": false, "prioridad_80": true, "rank_municipal": 418, "pct_acum_LN_mun": 74.25}}, {"type": "Feature", "geometry": {"type": "Polygon", "coordinates": [[[-97.637449649855, 19.407874619611373], [-97.63774883012354, 19.40810820014325], [-97.63747629029413, 19.408418170191965], [-97.6371823104465, 19.408174489567312], [-97.637449649855, 19.407874619611373]]]}, "properties": {"CVEGEO": "211080005010A019", "CVE_LOC": "0005", "AGEB": "010A", "MZA": "019", "SECCION": 876, "POBTOT": 0, "P18YMAS": 0, "P18YMAS_H": 0, "P18YMAS_M": 0, "P18A24": 0, "ITER_MATCH": false, "LN_total_sec": 1428, "LN_H_sec": 662, "LN_M_sec": 766, "LN_1839_sec": 812, "LN_estimada": 16, "LN_H_est": 7, "LN_M_est": 8, "LN_1839_est": 9, "rank_seccion": 70, "pct_acum_sec": 78.71, "prioridad_50": false, "prioridad_80": true, "rank_municipal": 419, "pct_acum_LN_mun": 74.35}}, {"type": "Feature", "geometry": {"type": "Polygon", "coordinates": [[[-97.63756537047053, 19.40916310971699], [-97.63786719971255, 19.409423480337505], [-97.6375857203249, 19.409711180063546], [-97.63727927961853, 19.40946394997801], [-97.63756537047053, 19.40916310971699]]]}, "properties": {"CVEGEO": "211080005010A022", "CVE_LOC": "0005", "AGEB": "010A", "MZA": "022", "SECCION": 876, "POBTOT": 0, "P18YMAS": 0, "P18YMAS_H": 0, "P18YMAS_M": 0, "P18A24": 0, "ITER_MATCH": false, "LN_total_sec": 1428, "LN_H_sec": 662, "LN_M_sec": 766, "LN_1839_sec": 812, "LN_estimada": 16, "LN_H_est": 7, "LN_M_est": 8, "LN_1839_est": 9, "rank_seccion": 71, "pct_acum_sec": 79.83, "prioridad_50": false, "prioridad_80": true, "rank_municipal": 420, "pct_acum_LN_mun": 74.46}}, {"type": "Feature", "geometry": {"type": "Polygon", "coordinates": [[[-97.54175122985706, 19.340842599905336], [-97.54282465020346, 19.339504120312636], [-97.54337266039342, 19.339652179714445], [-97.54255075025621, 19.341352170397517], [-97.54175122985706, 19.340842599905336]]]}, "properties": {"CVEGEO": "2110800030114044", "CVE_LOC": "0003", "AGEB": "0114", "MZA": "044", "SECCION": 881, "POBTOT": 0, "P18YMAS": 0, "P18YMAS_H": 0, "P18YMAS_M": 0, "P18A24": 0, "ITER_MATCH": false, "LN_total_sec": 1115, "LN_H_sec": 551, "LN_M_sec": 564, "LN_1839_sec": 548, "LN_estimada": 22, "LN_H_est": 11, "LN_M_est": 11, "LN_1839_est": 11, "rank_seccion": 33, "pct_acum_sec": 65.11, "prioridad_50": false, "prioridad_80": true, "rank_municipal": 246, "pct_acum_LN_mun": 53.49}}, {"type": "Feature", "geometry": {"type": "Polygon", "coordinates": [[[-97.5379461095387, 19.343942539660564], [-97.5387543695776, 19.344528050195965], [-97.53872374019012, 19.34458150982052], [-97.5377013703765, 19.34422736991064], [-97.5379461095387, 19.343942539660564]]]}, "properties": {"CVEGEO": "2110800030114032", "CVE_LOC": "0003", "AGEB": "0114", "MZA": "032", "SECCION": 881, "POBTOT": 0, "P18YMAS": 0, "P18YMAS_H": 0, "P18YMAS_M": 0, "P18A24": 0, "ITER_MATCH": false, "LN_total_sec": 1115, "LN_H_sec": 551, "LN_M_sec": 564, "LN_1839_sec": 548, "LN_estimada": 22, "LN_H_est": 11, "LN_M_est": 11, "LN_1839_est": 11, "rank_seccion": 34, "pct_acum_sec": 67.09, "prioridad_50": false, "prioridad_80": true, "rank_municipal": 247, "pct_acum_LN_mun": 53.64}}, {"type": "Feature", "geometry": {"type": "Polygon", "coordinates": [[[-97.54208005998697, 19.342354549559477], [-97.54166072046797, 19.343268349755917], [-97.54095803033495, 19.34290764989399], [-97.54059226008525, 19.342695340279008], [-97.54039970963389, 19.342543519884895], [-97.54063172003653, 19.342270710122843], [-97.54091208985344, 19.34191013969958], [-97.54172290954509, 19.340871570344362], [-97.54252674012504, 19.341403909841816], [-97.54208005998697, 19.342354549559477]]]}, "properties": {"CVEGEO": "2110800030114031", "CVE_LOC": "0003", "AGEB": "0114", "MZA": "031", "SECCION": 881, "POBTOT": 0, "P18YMAS": 0, "P18YMAS_H": 0, "P18YMAS_M": 0, "P18A24": 0, "ITER_MATCH": false, "LN_total_sec": 1115, "LN_H_sec": 551, "LN_M_sec": 564, "LN_1839_sec": 548, "LN_estimada": 22, "LN_H_est": 11, "LN_M_est": 11, "LN_1839_est": 11, "rank_seccion": 35, "pct_acum_sec": 69.06, "prioridad_50": false, "prioridad_80": true, "rank_municipal": 248, "pct_acum_LN_mun": 53.79}}, {"type": "Feature", "geometry": {"type": "Polygon", "coordinates": [[[-97.54101985008573, 19.340927630197683], [-97.54059361974036, 19.340618649821824], [-97.5410759203077, 19.34002998036174], [-97.5415062201159, 19.340329289789246], [-97.54188337997564, 19.34060422028343], [-97.54139011977138, 19.34118570985883], [-97.54101985008573, 19.340927630197683]]]}, "properties": {"CVEGEO": "2110800030114030", "CVE_LOC": "0003", "AGEB": "0114", "MZA": "030", "SECCION": 881, "POBTOT": 0, "P18YMAS": 0, "P18YMAS_H": 0, "P18YMAS_M": 0, "P18A24": 0, "ITER_MATCH": false, "LN_total_sec": 1115, "LN_H_sec": 551, "LN_M_sec": 564, "LN_1839_sec": 548, "LN_estimada": 22, "LN_H_est": 11, "LN_M_est": 11, "LN_1839_est": 11, "rank_seccion": 36, "pct_acum_sec": 71.03, "prioridad_50": false, "prioridad_80": true, "rank_municipal": 249, "pct_acum_LN_mun": 53.94}}, {"type": "Feature", "geometry": {"type": "Polygon", "coordinates": [[[-97.54022398035191, 19.339413979662886], [-97.54101496967463, 19.339988309624736], [-97.54053961979689, 19.340577339975255], [-97.53975750967686, 19.34001090994192], [-97.54022398035191, 19.339413979662886]]]}, "properties": {"CVEGEO": "2110800030114029", "CVE_LOC": "0003", "AGEB": "0114", "MZA": "029", "SECCION": 881, "POBTOT": 0, "P18YMAS": 0, "P18YMAS_H": 0, "P18YMAS_M": 0, "P18A24": 0, "ITER_MATCH": false, "LN_total_sec": 1115, "LN_H_sec": 551, "LN_M_sec": 564, "LN_1839_sec": 548, "LN_estimada": 22, "LN_H_est": 11, "LN_M_est": 11, "LN_1839_est": 11, "rank_seccion": 37, "pct_acum_sec": 73.0, "prioridad_50": false, "prioridad_80": true, "rank_municipal": 250, "pct_acum_LN_mun": 54.08}}, {"type": "Feature", "geometry": {"type": "Polygon", "coordinates": [[[-97.61612822021986, 19.371364109629955], [-97.6163456298261, 19.371005110069543], [-97.61664791966814, 19.371164909860163], [-97.61671954985952, 19.371202769896616], [-97.61650079959307, 19.37155881989124], [-97.61612822021986, 19.371364109629955]]]}, "properties": {"CVEGEO": "2110800010097014", "CVE_LOC": "0001", "AGEB": "0097", "MZA": "014", "SECCION": 879, "POBTOT": 39, "P18YMAS": 25, "P18YMAS_H": 13, "P18YMAS_M": 12, "P18A24": 4, "ITER_MATCH": true, "LN_total_sec": 1640, "LN_H_sec": 768, "LN_M_sec": 872, "LN_1839_sec": 820, "LN_estimada": 35, "LN_H_est": 16, "LN_M_est": 19, "LN_1839_est": 17, "rank_seccion": 6, "pct_acum_sec": 13.54, "prioridad_50": true, "prioridad_80": true, "rank_municipal": 70, "pct_acum_LN_mun": 21.42}}, {"type": "Feature", "geometry": {"type": "Polygon", "coordinates": [[[-97.6154729695616, 19.371519849568305], [-97.61567818008184, 19.37118371983484], [-97.6160392897267, 19.37137334988142], [-97.61584028040916, 19.37171645971975], [-97.6154729695616, 19.371519849568305]]]}, "properties": {"CVEGEO": "2110800010097012", "CVE_LOC": "0001", "AGEB": "0097", "MZA": "012", "SECCION": 879, "POBTOT": 0, "P18YMAS": 0, "P18YMAS_H": 0, "P18YMAS_M": 0, "P18A24": 0, "ITER_MATCH": true, "LN_total_sec": 1640, "LN_H_sec": 768, "LN_M_sec": 872, "LN_1839_sec": 820, "LN_estimada": 0, "LN_H_est": 0, "LN_M_est": 0, "LN_1839_est": 0, "rank_seccion": 158, "pct_acum_sec": 100.0, "prioridad_50": false, "prioridad_80": false, "rank_municipal": 932, "pct_acum_LN_mun": 100.0}}, {"type": "Feature", "geometry": {"type": "Polygon", "coordinates": [[[-97.62032062990146, 19.37465017034614], [-97.62052362002792, 19.37431964982596], [-97.62089165991874, 19.374510259772517], [-97.62069665004192, 19.37484588030228], [-97.62032062990146, 19.37465017034614]]]}, "properties": {"CVEGEO": "2110800010082054", "CVE_LOC": "0001", "AGEB": "0082", "MZA": "054", "SECCION": 878, "POBTOT": 24, "P18YMAS": 16, "P18YMAS_H": 5, "P18YMAS_M": 11, "P18A24": 0, "ITER_MATCH": true, "LN_total_sec": 1218, "LN_H_sec": 568, "LN_M_sec": 650, "LN_1839_sec": 631, "LN_estimada": 23, "LN_H_est": 11, "LN_M_est": 12, "LN_1839_est": 12, "rank_seccion": 24, "pct_acum_sec": 66.42, "prioridad_50": false, "prioridad_80": true, "rank_municipal": 207, "pct_acum_LN_mun": 47.69}}, {"type": "Feature", "geometry": {"type": "Polygon", "coordinates": [[[-97.62074288034997, 19.374853600359536], [-97.62094594956157, 19.374521460006935], [-97.62100817996776, 19.374553449658176], [-97.62091856963127, 19.37494334014964], [-97.62074288034997, 19.374853600359536]]]}, "properties": {"CVEGEO": "2110800010082053", "CVE_LOC": "0001", "AGEB": "0082", "MZA": "053", "SECCION": 878, "POBTOT": 6, "P18YMAS": 0, "P18YMAS_H": 0, "P18YMAS_M": 0, "P18A24": 0, "ITER_MATCH": true, "LN_total_sec": 1218, "LN_H_sec": 568, "LN_M_sec": 650, "LN_1839_sec": 631, "LN_estimada": 0, "LN_H_est": 0, "LN_M_est": 0, "LN_1839_est": 0, "rank_seccion": 63, "pct_acum_sec": 100.0, "prioridad_50": false, "prioridad_80": false, "rank_municipal": 933, "pct_acum_LN_mun": 100.0}}, {"type": "Feature", "geometry": {"type": "Polygon", "coordinates": [[[-97.62117423031536, 19.370855090369503], [-97.6217512002652, 19.370928279569437], [-97.62164778004656, 19.371129220016975], [-97.62117423031536, 19.370855090369503]]]}, "properties": {"CVEGEO": "2110800010082052", "CVE_LOC": "0001", "AGEB": "0082", "MZA": "052", "SECCION": 879, "POBTOT": 3, "P18YMAS": 0, "P18YMAS_H": 0, "P18YMAS_M": 0, "P18A24": 0, "ITER_MATCH": true, "LN_total_sec": 1640, "LN_H_sec": 768, "LN_M_sec": 872, "LN_1839_sec": 820, "LN_estimada": 0, "LN_H_est": 0, "LN_M_est": 0, "LN_1839_est": 0, "rank_seccion": 159, "pct_acum_sec": 100.0, "prioridad_50": false, "prioridad_80": false, "rank_municipal": 934, "pct_acum_LN_mun": 100.0}}, {"type": "Feature", "geometry": {"type": "Polygon", "coordinates": [[[-97.61874522040736, 19.370617769699457], [-97.61881238003023, 19.37051741996152], [-97.6192255804701, 19.370576550042248], [-97.61917497023245, 19.370665229979444], [-97.61909283041182, 19.370809089924762], [-97.61874522040736, 19.370617769699457]]]}, "properties": {"CVEGEO": "2110800010082051", "CVE_LOC": "0001", "AGEB": "0082", "MZA": "051", "SECCION": 879, "POBTOT": 6, "P18YMAS": 0, "P18YMAS_H": 0, "P18YMAS_M": 0, "P18A24": 0, "ITER_MATCH": true, "LN_total_sec": 1640, "LN_H_sec": 768, "LN_M_sec": 872, "LN_1839_sec": 820, "LN_estimada": 0, "LN_H_est": 0, "LN_M_est": 0, "LN_1839_est": 0, "rank_seccion": 160, "pct_acum_sec": 100.0, "prioridad_50": false, "prioridad_80": false, "rank_municipal": 935, "pct_acum_LN_mun": 100.0}}, {"type": "Feature", "geometry": {"type": "Polygon", "coordinates": [[[-97.61846399975198, 19.371084909700247], [-97.61872060009406, 19.370655429569005], [-97.61907338025442, 19.370845280103126], [-97.61889422022134, 19.371169140452523], [-97.61883440014056, 19.371277249599956], [-97.61846399975198, 19.371084909700247]]]}, "properties": {"CVEGEO": "2110800010082050", "CVE_LOC": "0001", "AGEB": "0082", "MZA": "050", "SECCION": 879, "POBTOT": 29, "P18YMAS": 18, "P18YMAS_H": 6, "P18YMAS_M": 12, "P18A24": 5, "ITER_MATCH": true, "LN_total_sec": 1640, "LN_H_sec": 768, "LN_M_sec": 872, "LN_1839_sec": 820, "LN_estimada": 25, "LN_H_est": 12, "LN_M_est": 13, "LN_1839_est": 13, "rank_seccion": 27, "pct_acum_sec": 50.0, "prioridad_50": true, "prioridad_80": true, "rank_municipal": 178, "pct_acum_LN_mun": 43.0}}, {"type": "Feature", "geometry": {"type": "Polygon", "coordinates": [[[-97.61793783029967, 19.372308309626064], [-97.61779329013993, 19.372232120264467], [-97.6180115799183, 19.371880479740934], [-97.6182262303365, 19.371987739807853], [-97.61837068022227, 19.37205993989486], [-97.61815991999647, 19.372425420338917], [-97.61793783029967, 19.372308309626064]]]}, "properties": {"CVEGEO": "2110800010082047", "CVE_LOC": "0001", "AGEB": "0082", "MZA": "047", "SECCION": 879, "POBTOT": 39, "P18YMAS": 26, "P18YMAS_H": 13, "P18YMAS_M": 13, "P18A24": 3, "ITER_MATCH": true, "LN_total_sec": 1640, "LN_H_sec": 768, "LN_M_sec": 872, "LN_1839_sec": 820, "LN_estimada": 36, "LN_H_est": 17, "LN_M_est": 19, "LN_1839_est": 18, "rank_seccion": 5, "pct_acum_sec": 11.4, "prioridad_50": true, "prioridad_80": true, "rank_municipal": 66, "pct_acum_LN_mun": 20.47}}, {"type": "Feature", "geometry": {"type": "Polygon", "coordinates": [[[-97.62105845003342, 19.371328109769895], [-97.62125681975859, 19.37097242003707], [-97.62161654986134, 19.371183200133736], [-97.62143571038145, 19.371532510074193], [-97.62105845003342, 19.371328109769895]]]}, "properties": {"CVEGEO": "2110800010082034", "CVE_LOC": "0001", "AGEB": "0082", "MZA": "034", "SECCION": 879, "POBTOT": 29, "P18YMAS": 20, "P18YMAS_H": 11, "P18YMAS_M": 9, "P18A24": 0, "ITER_MATCH": true, "LN_total_sec": 1640, "LN_H_sec": 768, "LN_M_sec": 872, "LN_1839_sec": 820, "LN_estimada": 28, "LN_H_est": 13, "LN_M_est": 15, "LN_1839_est": 14, "rank_seccion": 19, "pct_acum_sec": 37.44, "prioridad_50": true, "prioridad_80": true, "rank_municipal": 145, "pct_acum_LN_mun": 37.14}}, {"type": "Feature", "geometry": {"type": "Polygon", "coordinates": [[[-97.6212065503718, 19.37094065036893], [-97.62100768001073, 19.371303109694384], [-97.62063930959057, 19.371104429642205], [-97.62079298019104, 19.370802089841803], [-97.62105413984412, 19.37083709036291], [-97.6212065503718, 19.37094065036893]]]}, "properties": {"CVEGEO": "2110800010082033", "CVE_LOC": "0001", "AGEB": "0082", "MZA": "033", "SECCION": 879, "POBTOT": 26, "P18YMAS": 21, "P18YMAS_H": 10, "P18YMAS_M": 11, "P18A24": 6, "ITER_MATCH": true, "LN_total_sec": 1640, "LN_H_sec": 768, "LN_M_sec": 872, "LN_1839_sec": 820, "LN_estimada": 29, "LN_H_est": 14, "LN_M_est": 16, "LN_1839_est": 15, "rank_seccion": 14, "pct_acum_sec": 28.84, "prioridad_50": true, "prioridad_80": true, "rank_municipal": 136, "pct_acum_LN_mun": 35.41}}, {"type": "Feature", "geometry": {"type": "Polygon", "coordinates": [[[-97.6202144499374, 19.37088140010699], [-97.62029760036525, 19.37073008044533], [-97.62072595047154, 19.370794230018824], [-97.62058737972004, 19.371077489708906], [-97.6202144499374, 19.37088140010699]]]}, "properties": {"CVEGEO": "2110800010082032", "CVE_LOC": "0001", "AGEB": "0082", "MZA": "032", "SECCION": 879, "POBTOT": 18, "P18YMAS": 10, "P18YMAS_H": 4, "P18YMAS_M": 6, "P18A24": 0, "ITER_MATCH": true, "LN_total_sec": 1640, "LN_H_sec": 768, "LN_M_sec": 872, "LN_1839_sec": 820, "LN_estimada": 14, "LN_H_est": 6, "LN_M_est": 7, "LN_1839_est": 7, "rank_seccion": 67, "pct_acum_sec": 94.15, "prioridad_50": false, "prioridad_80": false, "rank_municipal": 483, "pct_acum_LN_mun": 80.86}}, {"type": "Feature", "geometry": {"type": "Polygon", "coordinates": [[[-97.61993557025978, 19.37072604959088], [-97.61981969033125, 19.370663649793695], [-97.62023840044363, 19.370727399801115], [-97.6201649401192, 19.370849539718723], [-97.61993557025978, 19.37072604959088]]]}, "properties": {"CVEGEO": "2110800010082031", "CVE_LOC": "0001", "AGEB": "0082", "MZA": "031", "SECCION": 879, "POBTOT": 11, "P18YMAS": 5, "P18YMAS_H": 0, "P18YMAS_M": 3, "P18A24": 0, "ITER_MATCH": true, "LN_total_sec": 1640, "LN_H_sec": 768, "LN_M_sec": 872, "LN_1839_sec": 820, "LN_estimada": 7, "LN_H_est": 3, "LN_M_est": 4, "LN_1839_est": 3, "rank_seccion": 76, "pct_acum_sec": 100.0, "prioridad_50": false, "prioridad_80": false, "rank_municipal": 714, "pct_acum_LN_mun": 99.96}}, {"type": "Feature", "geometry": {"type": "Polygon", "coordinates": [[[-97.61920756991904, 19.370866830206683], [-97.61914623017057, 19.37083556996411], [-97.61929546005916, 19.370575740361055], [-97.6196556504326, 19.370626110136605], [-97.6197228297393, 19.370674739658828], [-97.61952278034722, 19.371027579786723], [-97.61920756991904, 19.370866830206683]]]}, "properties": {"CVEGEO": "2110800010082030", "CVE_LOC": "0001", "AGEB": "0082", "MZA": "030", "SECCION": 879, "POBTOT": 24, "P18YMAS": 18, "P18YMAS_H": 6, "P18YMAS_M": 12, "P18A24": 3, "ITER_MATCH": true, "LN_total_sec": 1640, "LN_H_sec": 768, "LN_M_sec": 872, "LN_1839_sec": 820, "LN_estimada": 25, "LN_H_est": 12, "LN_M_est": 13, "LN_1839_est": 12, "rank_seccion": 28, "pct_acum_sec": 51.52, "prioridad_50": false, "prioridad_80": true, "rank_municipal": 179, "pct_acum_LN_mun": 43.17}}, {"type": "Feature", "geometry": {"type": "Polygon", "coordinates": [[[-97.61888714043904, 19.371304549915557], [-97.61912428974513, 19.370874979871992], [-97.6195052499136, 19.37106988024426], [-97.61926314978068, 19.371499119775333], [-97.61888714043904, 19.371304549915557]]]}, "properties": {"CVEGEO": "2110800010082029", "CVE_LOC": "0001", "AGEB": "0082", "MZA": "029", "SECCION": 879, "POBTOT": 38, "P18YMAS": 28, "P18YMAS_H": 16, "P18YMAS_M": 12, "P18A24": 5, "ITER_MATCH": true, "LN_total_sec": 1640, "LN_H_sec": 768, "LN_M_sec": 872, "LN_1839_sec": 820, "LN_estimada": 39, "LN_H_est": 18, "LN_M_est": 21, "LN_1839_est": 19, "rank_seccion": 2, "pct_acum_sec": 4.82, "prioridad_50": true, "prioridad_80": true, "rank_municipal": 51, "pct_acum_LN_mun": 16.72}}, {"type": "Feature", "geometry": {"type": "Polygon", "coordinates": [[[-97.62081516964113, 19.37172510969382], [-97.6210245404093, 19.37139023017808], [-97.62139805983895, 19.37159238040033], [-97.62119878039108, 19.371930620145267], [-97.62081516964113, 19.37172510969382]]]}, "properties": {"CVEGEO": "2110800010082016", "CVE_LOC": "0001", "AGEB": "0082", "MZA": "016", "SECCION": 879, "POBTOT": 19, "P18YMAS": 15, "P18YMAS_H": 9, "P18YMAS_M": 6, "P18A24": 5, "ITER_MATCH": true, "LN_total_sec": 1640, "LN_H_sec": 768, "LN_M_sec": 872, "LN_1839_sec": 820, "LN_estimada": 21, "LN_H_est": 10, "LN_M_est": 11, "LN_1839_est": 10, "rank_seccion": 39, "pct_acum_sec": 66.83, "prioridad_50": false, "prioridad_80": true, "rank_municipal": 269, "pct_acum_LN_mun": 56.83}}, {"type": "Feature", "geometry": {"type": "Polygon", "coordinates": [[[-97.62039981952215, 19.371512180391562], [-97.62060596972252, 19.371164599637908], [-97.62096826012058, 19.371360799551482], [-97.62075533994067, 19.371703169664627], [-97.62039981952215, 19.371512180391562]]]}, "properties": {"CVEGEO": "2110800010082015", "CVE_LOC": "0001", "AGEB": "0082", "MZA": "015", "SECCION": 879, "POBTOT": 19, "P18YMAS": 14, "P18YMAS_H": 8, "P18YMAS_M": 6, "P18A24": 3, "ITER_MATCH": true, "LN_total_sec": 1640, "LN_H_sec": 768, "LN_M_sec": 872, "LN_1839_sec": 820, "LN_estimada": 19, "LN_H_est": 9, "LN_M_est": 10, "LN_1839_est": 10, "rank_seccion": 42, "pct_acum_sec": 70.3, "prioridad_50": false, "prioridad_80": true, "rank_municipal": 300, "pct_acum_LN_mun": 61.03}}, {"type": "Feature", "geometry": {"type": "Polygon", "coordinates": [[[-97.619974120372, 19.37128405009191], [-97.62018801986467, 19.370927200426785], [-97.62055564988937, 19.37112983000943], [-97.62034707975559, 19.371485030175094], [-97.619974120372, 19.37128405009191]]]}, "properties": {"CVEGEO": "2110800010082014", "CVE_LOC": "0001", "AGEB": "0082", "MZA": "014", "SECCION": 879, "POBTOT": 18, "P18YMAS": 12, "P18YMAS_H": 5, "P18YMAS_M": 7, "P18A24": 0, "ITER_MATCH": true, "LN_total_sec": 1640, "LN_H_sec": 768, "LN_M_sec": 872, "LN_1839_sec": 820, "LN_estimada": 17, "LN_H_est": 8, "LN_M_est": 9, "LN_1839_est": 8, "rank_seccion": 52, "pct_acum_sec": 81.04, "prioridad_50": false, "prioridad_80": false, "rank_municipal": 338, "pct_acum_LN_mun": 65.56}}, {"type": "Feature", "geometry": {"type": "Polygon", "coordinates": [[[-97.61957657043209, 19.37105440000592], [-97.6197766796427, 19.370693319913137], [-97.62013937973443, 19.370898999785588], [-97.61992221977552, 19.37125552009151], [-97.61957657043209, 19.37105440000592]]]}, "properties": {"CVEGEO": "2110800010082013", "CVE_LOC": "0001", "AGEB": "0082", "MZA": "013", "SECCION": 879, "POBTOT": 31, "P18YMAS": 17, "P18YMAS_H": 6, "P18YMAS_M": 11, "P18A24": 4, "ITER_MATCH": true, "LN_total_sec": 1640, "LN_H_sec": 768, "LN_M_sec": 872, "LN_1839_sec": 820, "LN_estimada": 24, "LN_H_est": 11, "LN_M_est": 13, "LN_1839_est": 12, "rank_seccion": 33, "pct_acum_sec": 58.96, "prioridad_50": false, "prioridad_80": true, "rank_municipal": 196, "pct_acum_LN_mun": 45.96}}, {"type": "Feature", "geometry": {"type": "Polygon", "coordinates": [[[-97.61931714981533, 19.37152675013617], [-97.6195517801349, 19.371100459867414], [-97.61989548978408, 19.371298319760417], [-97.61966851043857, 19.371709260119072], [-97.61931714981533, 19.37152675013617]]]}, "properties": {"CVEGEO": "2110800010082012", "CVE_LOC": "0001", "AGEB": "0082", "MZA": "012", "SECCION": 879, "POBTOT": 6, "P18YMAS": 0, "P18YMAS_H": 0, "P18YMAS_M": 0, "P18A24": 0, "ITER_MATCH": true, "LN_total_sec": 1640, "LN_H_sec": 768, "LN_M_sec": 872, "LN_1839_sec": 820, "LN_estimada": 0, "LN_H_est": 0, "LN_M_est": 0, "LN_1839_est": 0, "rank_seccion": 161, "pct_acum_sec": 100.0, "prioridad_50": false, "prioridad_80": false, "rank_municipal": 936, "pct_acum_LN_mun": 100.0}}, {"type": "Feature", "geometry": {"type": "Polygon", "coordinates": [[[-97.61910259983154, 19.37187664992873], [-97.61928753975569, 19.37157238018588], [-97.61964062963233, 19.371755139786128], [-97.6195091202456, 19.372003120109643], [-97.61947208974574, 19.37207294998094], [-97.61910259983154, 19.37187664992873]]]}, "properties": {"CVEGEO": "2110800010082011", "CVE_LOC": "0001", "AGEB": "0082", "MZA": "011", "SECCION": 879, "POBTOT": 10, "P18YMAS": 6, "P18YMAS_H": 3, "P18YMAS_M": 3, "P18A24": 0, "ITER_MATCH": true, "LN_total_sec": 1640, "LN_H_sec": 768, "LN_M_sec": 872, "LN_1839_sec": 820, "LN_estimada": 8, "LN_H_est": 4, "LN_M_est": 5, "LN_1839_est": 4, "rank_seccion": 75, "pct_acum_sec": 99.57, "prioridad_50": false, "prioridad_80": false, "rank_municipal": 710, "pct_acum_LN_mun": 99.76}}, {"type": "Feature", "geometry": {"type": "Polygon", "coordinates": [[[-97.61886702040435, 19.37226505963606], [-97.61907092048251, 19.371922889760327], [-97.6194490596402, 19.372117369635102], [-97.61923505020509, 19.372459449958512], [-97.61886702040435, 19.37226505963606]]]}, "properties": {"CVEGEO": "2110800010082010", "CVE_LOC": "0001", "AGEB": "0082", "MZA": "010", "SECCION": 879, "POBTOT": 24, "P18YMAS": 18, "P18YMAS_H": 7, "P18YMAS_M": 11, "P18A24": 5, "ITER_MATCH": true, "LN_total_sec": 1640, "LN_H_sec": 768, "LN_M_sec": 872, "LN_1839_sec": 820, "LN_estimada": 25, "LN_H_est": 12, "LN_M_est": 13, "LN_1839_est": 12, "rank_seccion": 29, "pct_acum_sec": 53.05, "prioridad_50": false, "prioridad_80": true, "rank_municipal": 180, "pct_acum_LN_mun": 43.33}}, {"type": "Feature", "geometry": {"type": "Polygon", "coordinates": [[[-97.62439950988438, 19.37156313979104], [-97.62448080035314, 19.371339710302113], [-97.62487341983382, 19.37140001975], [-97.62471741969347, 19.371750509634122], [-97.62439950988438, 19.37156313979104]]]}, "properties": {"CVEGEO": "2110800010078047", "CVE_LOC": "0001", "AGEB": "0078", "MZA": "047", "SECCION": 880, "POBTOT": 8, "P18YMAS": 0, "P18YMAS_H": 0, "P18YMAS_M": 0, "P18A24": 0, "ITER_MATCH": true, "LN_total_sec": 1026, "LN_H_sec": 513, "LN_M_sec": 513, "LN_1839_sec": 467, "LN_estimada": 0, "LN_H_est": 0, "LN_M_est": 0, "LN_1839_est": 0, "rank_seccion": 58, "pct_acum_sec": 100.0, "prioridad_50": false, "prioridad_80": false, "rank_municipal": 937, "pct_acum_LN_mun": 100.0}}, {"type": "Feature", "geometry": {"type": "Polygon", "coordinates": [[[-97.62388250985484, 19.37128553961189], [-97.62389676989973, 19.371245999912176], [-97.62406456964138, 19.371271689735615], [-97.62435088035936, 19.37131548970442], [-97.62423269009187, 19.371489680412644], [-97.62388250985484, 19.37128553961189]]]}, "properties": {"CVEGEO": "2110800010078046", "CVE_LOC": "0001", "AGEB": "0078", "MZA": "046", "SECCION": 879, "POBTOT": 29, "P18YMAS": 18, "P18YMAS_H": 10, "P18YMAS_M": 8, "P18A24": 3, "ITER_MATCH": true, "LN_total_sec": 1640, "LN_H_sec": 768, "LN_M_sec": 872, "LN_1839_sec": 820, "LN_estimada": 25, "LN_H_est": 12, "LN_M_est": 13, "LN_1839_est": 12, "rank_seccion": 30, "pct_acum_sec": 54.57, "prioridad_50": false, "prioridad_80": true, "rank_municipal": 181, "pct_acum_LN_mun": 43.5}}, {"type": "Feature", "geometry": {"type": "Polygon", "coordinates": [[[-97.62116525963606, 19.37451854997657], [-97.62134302978355, 19.37416638020364], [-97.62147494027565, 19.374235659794675], [-97.62154028014231, 19.37426996992032], [-97.62139972017727, 19.374517940423654], [-97.62134640017692, 19.374612000224992], [-97.62116525963606, 19.37451854997657]]]}, "properties": {"CVEGEO": "2110800010078045", "CVE_LOC": "0001", "AGEB": "0078", "MZA": "045", "SECCION": 879, "POBTOT": 8, "P18YMAS": 7, "P18YMAS_H": 4, "P18YMAS_M": 3, "P18A24": 0, "ITER_MATCH": true, "LN_total_sec": 1640, "LN_H_sec": 768, "LN_M_sec": 872, "LN_1839_sec": 820, "LN_estimada": 10, "LN_H_est": 5, "LN_M_est": 5, "LN_1839_est": 5, "rank_seccion": 73, "pct_acum_sec": 98.6, "prioridad_50": false, "prioridad_80": false, "rank_municipal": 690, "pct_acum_LN_mun": 98.54}}, {"type": "Feature", "geometry": {"type": "Polygon", "coordinates": [[[-97.62165328044112, 19.374774909801715], [-97.62161780040951, 19.37475638037854], [-97.62140458031921, 19.37464491012036], [-97.62159236997088, 19.37429871971429], [-97.62195247974043, 19.374486739726656], [-97.62175937992765, 19.374830370322574], [-97.62165328044112, 19.374774909801715]]]}, "properties": {"CVEGEO": "2110800010078044", "CVE_LOC": "0001", "AGEB": "0078", "MZA": "044", "SECCION": 2747, "POBTOT": 28, "P18YMAS": 15, "P18YMAS_H": 8, "P18YMAS_M": 7, "P18A24": 0, "ITER_MATCH": true, "LN_total_sec": 923, "LN_H_sec": 421, "LN_M_sec": 502, "LN_1839_sec": 436, "LN_estimada": 19, "LN_H_est": 9, "LN_M_est": 11, "LN_1839_est": 9, "rank_seccion": 21, "pct_acum_sec": 67.93, "prioridad_50": false, "prioridad_80": true, "rank_municipal": 301, "pct_acum_LN_mun": 61.16}}, {"type": "Feature", "geometry": {"type": "Polygon", "coordinates": [[[-97.62190800003617, 19.37490697965395], [-97.62181764962065, 19.374859820309354], [-97.62200545028864, 19.374513619676456], [-97.62238086010768, 19.374711319814853], [-97.6222580899384, 19.37491473998037], [-97.62223777979032, 19.374948369774053], [-97.6222174603746, 19.374982020144543], [-97.62219714987872, 19.37501568980624], [-97.62217775036963, 19.375047849561494], [-97.62190800003617, 19.37490697965395]]]}, "properties": {"CVEGEO": "2110800010078043", "CVE_LOC": "0001", "AGEB": "0078", "MZA": "043", "SECCION": 2747, "POBTOT": 4, "P18YMAS": 0, "P18YMAS_H": 0, "P18YMAS_M": 0, "P18A24": 0, "ITER_MATCH": true, "LN_total_sec": 923, "LN_H_sec": 421, "LN_M_sec": 502, "LN_1839_sec": 436, "LN_estimada": 0, "LN_H_est": 0, "LN_M_est": 0, "LN_1839_est": 0, "rank_seccion": 64, "pct_acum_sec": 100.0, "prioridad_50": false, "prioridad_80": false, "rank_municipal": 938, "pct_acum_LN_mun": 100.0}}, {"type": "Feature", "geometry": {"type": "Polygon", "coordinates": [[[-97.62223286033326, 19.375078029909783], [-97.62231350998348, 19.37494391958075], [-97.6224364895662, 19.374739480324784], [-97.62277938025875, 19.3749172804105], [-97.62265123001312, 19.37529548970549], [-97.62223286033326, 19.375078029909783]]]}, "properties": {"CVEGEO": "2110800010078042", "CVE_LOC": "0001", "AGEB": "0078", "MZA": "042", "SECCION": 2747, "POBTOT": 0, "P18YMAS": 0, "P18YMAS_H": 0, "P18YMAS_M": 0, "P18A24": 0, "ITER_MATCH": true, "LN_total_sec": 923, "LN_H_sec": 421, "LN_M_sec": 502, "LN_1839_sec": 436, "LN_estimada": 0, "LN_H_est": 0, "LN_M_est": 0, "LN_1839_est": 0, "rank_seccion": 65, "pct_acum_sec": 100.0, "prioridad_50": false, "prioridad_80": false, "rank_municipal": 939, "pct_acum_LN_mun": 100.0}}, {"type": "Feature", "geometry": {"type": "Polygon", "coordinates": [[[-97.6242453797344, 19.372020200081185], [-97.62438177041045, 19.371658019602062], [-97.62467717967245, 19.371831820261093], [-97.62454433970493, 19.372200379606486], [-97.6242453797344, 19.372020200081185]]]}, "properties": {"CVEGEO": "2110800010078041", "CVE_LOC": "0001", "AGEB": "0078", "MZA": "041", "SECCION": 880, "POBTOT": 27, "P18YMAS": 15, "P18YMAS_H": 8, "P18YMAS_M": 7, "P18A24": 4, "ITER_MATCH": true, "LN_total_sec": 1026, "LN_H_sec": 513, "LN_M_sec": 513, "LN_1839_sec": 467, "LN_estimada": 20, "LN_H_est": 10, "LN_M_est": 10, "LN_1839_est": 9, "rank_seccion": 26, "pct_acum_sec": 71.35, "prioridad_50": false, "prioridad_80": true, "rank_municipal": 290, "pct_acum_LN_mun": 59.73}}, {"type": "Feature", "geometry": {"type": "Polygon", "coordinates": [[[-97.62407663016664, 19.372468220156914], [-97.62422483046242, 19.372077420429374], [-97.62451257043932, 19.372249709569815], [-97.62434814029541, 19.37262042025886], [-97.62407663016664, 19.372468220156914]]]}, "properties": {"CVEGEO": "2110800010078029", "CVE_LOC": "0001", "AGEB": "0078", "MZA": "029", "SECCION": 880, "POBTOT": 10, "P18YMAS": 0, "P18YMAS_H": 0, "P18YMAS_M": 0, "P18A24": 0, "ITER_MATCH": true, "LN_total_sec": 1026, "LN_H_sec": 513, "LN_M_sec": 513, "LN_1839_sec": 467, "LN_estimada": 0, "LN_H_est": 0, "LN_M_est": 0, "LN_1839_est": 0, "rank_seccion": 59, "pct_acum_sec": 100.0, "prioridad_50": false, "prioridad_80": false, "rank_municipal": 940, "pct_acum_LN_mun": 100.0}}, {"type": "Feature", "geometry": {"type": "Polygon", "coordinates": [[[-97.62383137988559, 19.372334980173747], [-97.6239336802323, 19.372150940209806], [-97.62403411020058, 19.371970260342717], [-97.62415548026584, 19.372038910368786], [-97.62400873955094, 19.37243225025164], [-97.62383137988559, 19.372334980173747]]]}, "properties": {"CVEGEO": "2110800010078028", "CVE_LOC": "0001", "AGEB": "0078", "MZA": "028", "SECCION": 880, "POBTOT": 1, "P18YMAS": 0, "P18YMAS_H": 0, "P18YMAS_M": 0, "P18A24": 0, "ITER_MATCH": true, "LN_total_sec": 1026, "LN_H_sec": 513, "LN_M_sec": 513, "LN_1839_sec": 467, "LN_estimada": 0, "LN_H_est": 0, "LN_M_est": 0, "LN_1839_est": 0, "rank_seccion": 60, "pct_acum_sec": 100.0, "prioridad_50": false, "prioridad_80": false, "rank_municipal": 941, "pct_acum_LN_mun": 100.0}}, {"type": "Feature", "geometry": {"type": "Polygon", "coordinates": [[[-97.6234061099861, 19.372101450095492], [-97.62361718026732, 19.371735459775177], [-97.62397964977566, 19.37192976964629], [-97.62376345974542, 19.372301090331632], [-97.6234061099861, 19.372101450095492]]]}, "properties": {"CVEGEO": "2110800010078027", "CVE_LOC": "0001", "AGEB": "0078", "MZA": "027", "SECCION": 880, "POBTOT": 20, "P18YMAS": 14, "P18YMAS_H": 7, "P18YMAS_M": 7, "P18A24": 5, "ITER_MATCH": true, "LN_total_sec": 1026, "LN_H_sec": 513, "LN_M_sec": 513, "LN_1839_sec": 467, "LN_estimada": 19, "LN_H_est": 9, "LN_M_est": 9, "LN_1839_est": 8, "rank_seccion": 28, "pct_acum_sec": 75.15, "prioridad_50": false, "prioridad_80": true, "rank_municipal": 302, "pct_acum_LN_mun": 61.28}}, {"type": "Feature", "geometry": {"type": "Polygon", "coordinates": [[[-97.623004250006, 19.371876660161337], [-97.62321476971091, 19.371525939546302], [-97.62355637036683, 19.37171515022365], [-97.62335181994801, 19.372070660450355], [-97.623004250006, 19.371876660161337]]]}, "properties": {"CVEGEO": "2110800010078026", "CVE_LOC": "0001", "AGEB": "0078", "MZA": "026", "SECCION": 880, "POBTOT": 0, "P18YMAS": 0, "P18YMAS_H": 0, "P18YMAS_M": 0, "P18A24": 0, "ITER_MATCH": true, "LN_total_sec": 1026, "LN_H_sec": 513, "LN_M_sec": 513, "LN_1839_sec": 467, "LN_estimada": 0, "LN_H_est": 0, "LN_M_est": 0, "LN_1839_est": 0, "rank_seccion": 61, "pct_acum_sec": 100.0, "prioridad_50": false, "prioridad_80": false, "rank_municipal": 942, "pct_acum_LN_mun": 100.0}}, {"type": "Feature", "geometry": {"type": "Polygon", "coordinates": [[[-97.62258381974236, 19.371646170222974], [-97.62279407956294, 19.37129707963843], [-97.62315304952304, 19.371493050237053], [-97.62294512036024, 19.371844939801182], [-97.62258381974236, 19.371646170222974]]]}, "properties": {"CVEGEO": "2110800010078025", "CVE_LOC": "0001", "AGEB": "0078", "MZA": "025", "SECCION": 879, "POBTOT": 7, "P18YMAS": 0, "P18YMAS_H": 0, "P18YMAS_M": 0, "P18A24": 0, "ITER_MATCH": true, "LN_total_sec": 1640, "LN_H_sec": 768, "LN_M_sec": 872, "LN_1839_sec": 820, "LN_estimada": 0, "LN_H_est": 0, "LN_M_est": 0, "LN_1839_est": 0, "rank_seccion": 162, "pct_acum_sec": 100.0, "prioridad_50": false, "prioridad_80": false, "rank_municipal": 943, "pct_acum_LN_mun": 100.0}}, {"type": "Feature", "geometry": {"type": "Polygon", "coordinates": [[[-97.62217593962572, 19.371421450219827], [-97.62237393970894, 19.371068879859084], [-97.62273515005542, 19.371263600305234], [-97.62253125040445, 19.371619229650285], [-97.62217593962572, 19.371421450219827]]]}, "properties": {"CVEGEO": "2110800010078024", "CVE_LOC": "0001", "AGEB": "0078", "MZA": "024", "SECCION": 879, "POBTOT": 20, "P18YMAS": 14, "P18YMAS_H": 7, "P18YMAS_M": 7, "P18A24": 0, "ITER_MATCH": true, "LN_total_sec": 1640, "LN_H_sec": 768, "LN_M_sec": 872, "LN_1839_sec": 820, "LN_estimada": 19, "LN_H_est": 9, "LN_M_est": 10, "LN_1839_est": 10, "rank_seccion": 43, "pct_acum_sec": 71.46, "prioridad_50": false, "prioridad_80": true, "rank_municipal": 303, "pct_acum_LN_mun": 61.41}}, {"type": "Feature", "geometry": {"type": "Polygon", "coordinates": [[[-97.62195529020894, 19.37181327977276], [-97.62216008011136, 19.37147761973338], [-97.62232670989874, 19.37157033991699], [-97.62249070962493, 19.371661549833345], [-97.62229711019062, 19.371995080194452], [-97.62195529020894, 19.37181327977276]]]}, "properties": {"CVEGEO": "2110800010078023", "CVE_LOC": "0001", "AGEB": "0078", "MZA": "023", "SECCION": 879, "POBTOT": 0, "P18YMAS": 0, "P18YMAS_H": 0, "P18YMAS_M": 0, "P18A24": 0, "ITER_MATCH": true, "LN_total_sec": 1640, "LN_H_sec": 768, "LN_M_sec": 872, "LN_1839_sec": 820, "LN_estimada": 0, "LN_H_est": 0, "LN_M_est": 0, "LN_1839_est": 0, "rank_seccion": 163, "pct_acum_sec": 100.0, "prioridad_50": false, "prioridad_80": false, "rank_municipal": 944, "pct_acum_LN_mun": 100.0}}, {"type": "Feature", "geometry": {"type": "Polygon", "coordinates": [[[-97.62311416998095, 19.374015779774286], [-97.62290505968248, 19.37391318000949], [-97.62298262984011, 19.37378004983724], [-97.62310147984356, 19.373576020046887], [-97.62345625994611, 19.373750250068905], [-97.62332457955642, 19.37411902960075], [-97.62311416998095, 19.374015779774286]]]}, "properties": {"CVEGEO": "2110800010078007", "CVE_LOC": "0001", "AGEB": "0078", "MZA": "007", "SECCION": 880, "POBTOT": 13, "P18YMAS": 8, "P18YMAS_H": 3, "P18YMAS_M": 5, "P18A24": 0, "ITER_MATCH": true, "LN_total_sec": 1026, "LN_H_sec": 513, "LN_M_sec": 513, "LN_1839_sec": 467, "LN_estimada": 11, "LN_H_est": 5, "LN_M_est": 5, "LN_1839_est": 5, "rank_seccion": 42, "pct_acum_sec": 94.93, "prioridad_50": false, "prioridad_80": false, "rank_municipal": 680, "pct_acum_LN_mun": 97.84}}, {"type": "Feature", "geometry": {"type": "Polygon", "coordinates": [[[-97.62337642006601, 19.373631919689295], [-97.62313957028285, 19.373508939939445], [-97.62331126027694, 19.373241200270733], [-97.62375919996393, 19.373083970004053], [-97.62349448033642, 19.37369322982564], [-97.62337642006601, 19.373631919689295]]]}, "properties": {"CVEGEO": "2110800010078006", "CVE_LOC": "0001", "AGEB": "0078", "MZA": "006", "SECCION": 880, "POBTOT": 25, "P18YMAS": 14, "P18YMAS_H": 3, "P18YMAS_M": 11, "P18A24": 0, "ITER_MATCH": true, "LN_total_sec": 1026, "LN_H_sec": 513, "LN_M_sec": 513, "LN_1839_sec": 467, "LN_estimada": 19, "LN_H_est": 9, "LN_M_est": 9, "LN_1839_est": 8, "rank_seccion": 29, "pct_acum_sec": 77.0, "prioridad_50": false, "prioridad_80": true, "rank_municipal": 304, "pct_acum_LN_mun": 61.54}}, {"type": "Feature", "geometry": {"type": "Polygon", "coordinates": [[[-97.62358725982756, 19.372769570380296], [-97.62382384963563, 19.37289428024], [-97.62341412025418, 19.373055660282045], [-97.62358725982756, 19.372769570380296]]]}, "properties": {"CVEGEO": "2110800010078005", "CVE_LOC": "0001", "AGEB": "0078", "MZA": "005", "SECCION": 880, "POBTOT": 3, "P18YMAS": 0, "P18YMAS_H": 0, "P18YMAS_M": 0, "P18A24": 0, "ITER_MATCH": true, "LN_total_sec": 1026, "LN_H_sec": 513, "LN_M_sec": 513, "LN_1839_sec": 467, "LN_estimada": 0, "LN_H_est": 0, "LN_M_est": 0, "LN_1839_est": 0, "rank_seccion": 62, "pct_acum_sec": 100.0, "prioridad_50": false, "prioridad_80": false, "rank_municipal": 945, "pct_acum_LN_mun": 100.0}}, {"type": "Feature", "geometry": {"type": "Polygon", "coordinates": [[[-97.62297057003045, 19.372886770072565], [-97.62316248979285, 19.372536829862327], [-97.62351944987878, 19.372729310006594], [-97.62341925032833, 19.37290442040229], [-97.62331985996502, 19.373078059609732], [-97.62297057003045, 19.372886770072565]]]}, "properties": {"CVEGEO": "2110800010078004", "CVE_LOC": "0001", "AGEB": "0078", "MZA": "004", "SECCION": 880, "POBTOT": 18, "P18YMAS": 9, "P18YMAS_H": 4, "P18YMAS_M": 5, "P18A24": 0, "ITER_MATCH": true, "LN_total_sec": 1026, "LN_H_sec": 513, "LN_M_sec": 513, "LN_1839_sec": 467, "LN_estimada": 12, "LN_H_est": 6, "LN_M_est": 6, "LN_1839_est": 5, "rank_seccion": 40, "pct_acum_sec": 92.79, "prioridad_50": false, "prioridad_80": false, "rank_municipal": 652, "pct_acum_LN_mun": 95.62}}, {"type": "Feature", "geometry": {"type": "Polygon", "coordinates": [[[-97.62256217995609, 19.37266800006907], [-97.62275582043323, 19.3723116197778], [-97.62309020046843, 19.372500829986176], [-97.62289944956609, 19.372847830155372], [-97.62256217995609, 19.37266800006907]]]}, "properties": {"CVEGEO": "2110800010078003", "CVE_LOC": "0001", "AGEB": "0078", "MZA": "003", "SECCION": 880, "POBTOT": 30, "P18YMAS": 19, "P18YMAS_H": 8, "P18YMAS_M": 11, "P18A24": 4, "ITER_MATCH": true, "LN_total_sec": 1026, "LN_H_sec": 513, "LN_M_sec": 513, "LN_1839_sec": 467, "LN_estimada": 25, "LN_H_est": 13, "LN_M_est": 13, "LN_1839_est": 12, "rank_seccion": 13, "pct_acum_sec": 43.08, "prioridad_50": true, "prioridad_80": true, "rank_municipal": 182, "pct_acum_LN_mun": 43.67}}, {"type": "Feature", "geometry": {"type": "Polygon", "coordinates": [[[-97.6222967503015, 19.373084000401835], [-97.6224692003553, 19.372813600045287], [-97.62252312022167, 19.37272904989134], [-97.62286473995535, 19.37291515040457], [-97.62265374971658, 19.37327021990837], [-97.6222967503015, 19.373084000401835]]]}, "properties": {"CVEGEO": "2110800010078002", "CVE_LOC": "0001", "AGEB": "0078", "MZA": "002", "SECCION": 880, "POBTOT": 34, "P18YMAS": 21, "P18YMAS_H": 11, "P18YMAS_M": 10, "P18A24": 0, "ITER_MATCH": true, "LN_total_sec": 1026, "LN_H_sec": 513, "LN_M_sec": 513, "LN_1839_sec": 467, "LN_estimada": 28, "LN_H_est": 14, "LN_M_est": 14, "LN_1839_est": 13, "rank_seccion": 10, "pct_acum_sec": 35.58, "prioridad_50": true, "prioridad_80": true, "rank_municipal": 146, "pct_acum_LN_mun": 37.33}}, {"type": "Feature", "geometry": {"type": "Polygon", "coordinates": [[[-97.62293920014162, 19.372955340006406], [-97.62325674992834, 19.373124579851964], [-97.62278367989292, 19.37322891974352], [-97.62293920014162, 19.372955340006406]]]}, "properties": {"CVEGEO": "2110800010078001", "CVE_LOC": "0001", "AGEB": "0078", "MZA": "001", "SECCION": 880, "POBTOT": 0, "P18YMAS": 0, "P18YMAS_H": 0, "P18YMAS_M": 0, "P18A24": 0, "ITER_MATCH": true, "LN_total_sec": 1026, "LN_H_sec": 513, "LN_M_sec": 513, "LN_1839_sec": 467, "LN_estimada": 0, "LN_H_est": 0, "LN_M_est": 0, "LN_1839_est": 0, "rank_seccion": 63, "pct_acum_sec": 100.0, "prioridad_50": false, "prioridad_80": false, "rank_municipal": 946, "pct_acum_LN_mun": 100.0}}, {"type": "Feature", "geometry": {"type": "Polygon", "coordinates": [[[-97.62788488985534, 19.372334050347472], [-97.62771377981596, 19.37224702013983], [-97.6279349796565, 19.37186514034048], [-97.62844577040785, 19.371944260411034], [-97.6282223703891, 19.372326650111457], [-97.62814172036036, 19.37246469027151], [-97.62788488985534, 19.372334050347472]]]}, "properties": {"CVEGEO": "2110800010063050", "CVE_LOC": "0001", "AGEB": "0063", "MZA": "050", "SECCION": 880, "POBTOT": 31, "P18YMAS": 19, "P18YMAS_H": 10, "P18YMAS_M": 9, "P18A24": 4, "ITER_MATCH": true, "LN_total_sec": 1026, "LN_H_sec": 513, "LN_M_sec": 513, "LN_1839_sec": 467, "LN_estimada": 25, "LN_H_est": 13, "LN_M_est": 13, "LN_1839_est": 12, "rank_seccion": 14, "pct_acum_sec": 45.52, "prioridad_50": true, "prioridad_80": true, "rank_municipal": 183, "pct_acum_LN_mun": 43.84}}, {"type": "Feature", "geometry": {"type": "Polygon", "coordinates": [[[-97.62469465957234, 19.37537188966062], [-97.62486992019747, 19.37502491985652], [-97.62531308996847, 19.375255179562927], [-97.62512831967453, 19.37559211020265], [-97.62469465957234, 19.37537188966062]]]}, "properties": {"CVEGEO": "2110800010063031", "CVE_LOC": "0001", "AGEB": "0063", "MZA": "031", "SECCION": 880, "POBTOT": 4, "P18YMAS": 0, "P18YMAS_H": 0, "P18YMAS_M": 0, "P18A24": 0, "ITER_MATCH": true, "LN_total_sec": 1026, "LN_H_sec": 513, "LN_M_sec": 513, "LN_1839_sec": 467, "LN_estimada": 0, "LN_H_est": 0, "LN_M_est": 0, "LN_1839_est": 0, "rank_seccion": 64, "pct_acum_sec": 100.0, "prioridad_50": false, "prioridad_80": false, "rank_municipal": 947, "pct_acum_LN_mun": 100.0}}, {"type": "Feature", "geometry": {"type": "Polygon", "coordinates": [[[-97.62517652000967, 19.37561624961563], [-97.62525111044425, 19.3754817700996], [-97.62536546018411, 19.375275570347164], [-97.6257761996224, 19.375483430343802], [-97.6255749704649, 19.375816950209238], [-97.62517652000967, 19.37561624961563]]]}, "properties": {"CVEGEO": "2110800010063030", "CVE_LOC": "0001", "AGEB": "0063", "MZA": "030", "SECCION": 880, "POBTOT": 10, "P18YMAS": 10, "P18YMAS_H": 5, "P18YMAS_M": 5, "P18A24": 0, "ITER_MATCH": true, "LN_total_sec": 1026, "LN_H_sec": 513, "LN_M_sec": 513, "LN_1839_sec": 467, "LN_estimada": 13, "LN_H_est": 7, "LN_M_est": 7, "LN_1839_est": 6, "rank_seccion": 37, "pct_acum_sec": 89.28, "prioridad_50": false, "prioridad_80": false, "rank_municipal": 612, "pct_acum_LN_mun": 92.19}}, {"type": "Feature", "geometry": {"type": "Polygon", "coordinates": [[[-97.62562437963514, 19.375841400020366], [-97.62562662012647, 19.37583760011453], [-97.62582060013352, 19.375506580344855], [-97.62623879958645, 19.375711569794724], [-97.62603894966718, 19.37606165981482], [-97.62562437963514, 19.375841400020366]]]}, "properties": {"CVEGEO": "2110800010063029", "CVE_LOC": "0001", "AGEB": "0063", "MZA": "029", "SECCION": 880, "POBTOT": 23, "P18YMAS": 20, "P18YMAS_H": 11, "P18YMAS_M": 9, "P18A24": 0, "ITER_MATCH": true, "LN_total_sec": 1026, "LN_H_sec": 513, "LN_M_sec": 513, "LN_1839_sec": 467, "LN_estimada": 27, "LN_H_est": 13, "LN_M_est": 13, "LN_1839_est": 12, "rank_seccion": 11, "pct_acum_sec": 38.21, "prioridad_50": true, "prioridad_80": true, "rank_municipal": 151, "pct_acum_LN_mun": 38.25}}, {"type": "Feature", "geometry": {"type": "Polygon", "coordinates": [[[-97.62749285975438, 19.373226769880347], [-97.62723018031828, 19.373088859867348], [-97.6274401703954, 19.37272719967636], [-97.6278723196564, 19.372951180263613], [-97.62766730965153, 19.373318320154343], [-97.62749285975438, 19.373226769880347]]]}, "properties": {"CVEGEO": "2110800010063028", "CVE_LOC": "0001", "AGEB": "0063", "MZA": "028", "SECCION": 880, "POBTOT": 30, "P18YMAS": 22, "P18YMAS_H": 13, "P18YMAS_M": 9, "P18A24": 6, "ITER_MATCH": true, "LN_total_sec": 1026, "LN_H_sec": 513, "LN_M_sec": 513, "LN_1839_sec": 467, "LN_estimada": 29, "LN_H_est": 14, "LN_M_est": 14, "LN_1839_est": 13, "rank_seccion": 9, "pct_acum_sec": 32.85, "prioridad_50": true, "prioridad_80": true, "rank_municipal": 137, "pct_acum_LN_mun": 35.61}}, {"type": "Feature", "geometry": {"type": "Polygon", "coordinates": [[[-97.6267461103691, 19.37283496966396], [-97.62695744971117, 19.372476910409045], [-97.62738020006445, 19.37269491018808], [-97.62717345993302, 19.373059600089846], [-97.6267461103691, 19.37283496966396]]]}, "properties": {"CVEGEO": "2110800010063027", "CVE_LOC": "0001", "AGEB": "0063", "MZA": "027", "SECCION": 880, "POBTOT": 10, "P18YMAS": 0, "P18YMAS_H": 0, "P18YMAS_M": 0, "P18A24": 0, "ITER_MATCH": true, "LN_total_sec": 1026, "LN_H_sec": 513, "LN_M_sec": 513, "LN_1839_sec": 467, "LN_estimada": 0, "LN_H_est": 0, "LN_M_est": 0, "LN_1839_est": 0, "rank_seccion": 65, "pct_acum_sec": 100.0, "prioridad_50": false, "prioridad_80": false, "rank_municipal": 948, "pct_acum_LN_mun": 100.0}}, {"type": "Feature", "geometry": {"type": "Polygon", "coordinates": [[[-97.62621349020478, 19.372555280104738], [-97.6264287202605, 19.372200880036115], [-97.62689455022335, 19.372442430444142], [-97.6266932001243, 19.372808999551566], [-97.62621349020478, 19.372555280104738]]]}, "properties": {"CVEGEO": "2110800010063026", "CVE_LOC": "0001", "AGEB": "0063", "MZA": "026", "SECCION": 880, "POBTOT": 23, "P18YMAS": 15, "P18YMAS_H": 6, "P18YMAS_M": 9, "P18A24": 6, "ITER_MATCH": true, "LN_total_sec": 1026, "LN_H_sec": 513, "LN_M_sec": 513, "LN_1839_sec": 467, "LN_estimada": 20, "LN_H_est": 10, "LN_M_est": 10, "LN_1839_est": 9, "rank_seccion": 27, "pct_acum_sec": 73.29, "prioridad_50": false, "prioridad_80": true, "rank_municipal": 291, "pct_acum_LN_mun": 59.86}}, {"type": "Feature", "geometry": {"type": "Polygon", "coordinates": [[[-97.62592170970602, 19.372401200420118], [-97.62613743003618, 19.372046449741482], [-97.62637031020301, 19.37217407988719], [-97.62625082965519, 19.372389569950894], [-97.62617112030794, 19.37253337006105], [-97.62592170970602, 19.372401200420118]]]}, "properties": {"CVEGEO": "2110800010063025", "CVE_LOC": "0001", "AGEB": "0063", "MZA": "025", "SECCION": 880, "POBTOT": 38, "P18YMAS": 23, "P18YMAS_H": 11, "P18YMAS_M": 12, "P18A24": 5, "ITER_MATCH": true, "LN_total_sec": 1026, "LN_H_sec": 513, "LN_M_sec": 513, "LN_1839_sec": 467, "LN_estimada": 31, "LN_H_est": 15, "LN_M_est": 15, "LN_1839_est": 14, "rank_seccion": 6, "pct_acum_sec": 24.37, "prioridad_50": true, "prioridad_80": true, "rank_municipal": 113, "pct_acum_LN_mun": 30.79}}, {"type": "Feature", "geometry": {"type": "Polygon", "coordinates": [[[-97.62552188004769, 19.37218974982598], [-97.62573078026516, 19.371835889952848], [-97.62607829038161, 19.372016799577107], [-97.62585694031415, 19.372369520037893], [-97.62552188004769, 19.37218974982598]]]}, "properties": {"CVEGEO": "2110800010063024", "CVE_LOC": "0001", "AGEB": "0063", "MZA": "024", "SECCION": 880, "POBTOT": 15, "P18YMAS": 12, "P18YMAS_H": 0, "P18YMAS_M": 10, "P18A24": 3, "ITER_MATCH": true, "LN_total_sec": 1026, "LN_H_sec": 513, "LN_M_sec": 513, "LN_1839_sec": 467, "LN_estimada": 16, "LN_H_est": 8, "LN_M_est": 8, "LN_1839_est": 7, "rank_seccion": 34, "pct_acum_sec": 85.09, "prioridad_50": false, "prioridad_80": false, "rank_municipal": 421, "pct_acum_LN_mun": 74.57}}, {"type": "Feature", "geometry": {"type": "Polygon", "coordinates": [[[-97.62563946019043, 19.374755289876756], [-97.62570796990596, 19.374631769922374], [-97.62581627984558, 19.374436520005478], [-97.62621751027422, 19.374640860336672], [-97.62603449016994, 19.374956420305033], [-97.62563946019043, 19.374755289876756]]]}, "properties": {"CVEGEO": "2110800010063008", "CVE_LOC": "0001", "AGEB": "0063", "MZA": "008", "SECCION": 880, "POBTOT": 7, "P18YMAS": 0, "P18YMAS_H": 0, "P18YMAS_M": 0, "P18A24": 0, "ITER_MATCH": true, "LN_total_sec": 1026, "LN_H_sec": 513, "LN_M_sec": 513, "LN_1839_sec": 467, "LN_estimada": 0, "LN_H_est": 0, "LN_M_est": 0, "LN_1839_est": 0, "rank_seccion": 66, "pct_acum_sec": 100.0, "prioridad_50": false, "prioridad_80": false, "rank_municipal": 949, "pct_acum_LN_mun": 100.0}}, {"type": "Feature", "geometry": {"type": "Polygon", "coordinates": [[[-97.6264091803236, 19.375146769626465], [-97.62609397959211, 19.37498541992938], [-97.62621188034227, 19.374784630228284], [-97.62627885029016, 19.37467051982034], [-97.62669502963162, 19.374882170137916], [-97.62650970977373, 19.375198229750005], [-97.6264091803236, 19.375146769626465]]]}, "properties": {"CVEGEO": "2110800010063007", "CVE_LOC": "0001", "AGEB": "0063", "MZA": "007", "SECCION": 880, "POBTOT": 27, "P18YMAS": 19, "P18YMAS_H": 5, "P18YMAS_M": 14, "P18A24": 0, "ITER_MATCH": true, "LN_total_sec": 1026, "LN_H_sec": 513, "LN_M_sec": 513, "LN_1839_sec": 467, "LN_estimada": 25, "LN_H_est": 13, "LN_M_est": 13, "LN_1839_est": 11, "rank_seccion": 15, "pct_acum_sec": 47.95, "prioridad_50": true, "prioridad_80": true, "rank_municipal": 184, "pct_acum_LN_mun": 44.01}}, {"type": "Feature", "geometry": {"type": "Polygon", "coordinates": [[[-97.62631678006254, 19.37460616964599], [-97.6264888600211, 19.37431187985201], [-97.62692972046446, 19.374534570254003], [-97.62674397028528, 19.37482551011334], [-97.62631678006254, 19.37460616964599]]]}, "properties": {"CVEGEO": "2110800010063006", "CVE_LOC": "0001", "AGEB": "0063", "MZA": "006", "SECCION": 880, "POBTOT": 6, "P18YMAS": 0, "P18YMAS_H": 0, "P18YMAS_M": 0, "P18A24": 0, "ITER_MATCH": true, "LN_total_sec": 1026, "LN_H_sec": 513, "LN_M_sec": 513, "LN_1839_sec": 467, "LN_estimada": 0, "LN_H_est": 0, "LN_M_est": 0, "LN_1839_est": 0, "rank_seccion": 67, "pct_acum_sec": 100.0, "prioridad_50": false, "prioridad_80": false, "rank_municipal": 950, "pct_acum_LN_mun": 100.0}}, {"type": "Feature", "geometry": {"type": "Polygon", "coordinates": [[[-97.626523400317, 19.374243749851665], [-97.62653758005813, 19.37422057019337], [-97.62695517980463, 19.37353858009159], [-97.62739050958342, 19.373768019994554], [-97.6269747500927, 19.374472230035586], [-97.626523400317, 19.374243749851665]]]}, "properties": {"CVEGEO": "2110800010063005", "CVE_LOC": "0001", "AGEB": "0063", "MZA": "005", "SECCION": 880, "POBTOT": 71, "P18YMAS": 50, "P18YMAS_H": 26, "P18YMAS_M": 24, "P18A24": 8, "ITER_MATCH": true, "LN_total_sec": 1026, "LN_H_sec": 513, "LN_M_sec": 513, "LN_1839_sec": 467, "LN_estimada": 66, "LN_H_est": 33, "LN_M_est": 33, "LN_1839_est": 30, "rank_seccion": 1, "pct_acum_sec": 6.43, "prioridad_50": true, "prioridad_80": true, "rank_municipal": 2, "pct_acum_LN_mun": 0.92}}, {"type": "Feature", "geometry": {"type": "Polygon", "coordinates": [[[-97.6260696897458, 19.37401457005689], [-97.62628762035844, 19.373637830423068], [-97.62634725024219, 19.37353477022293], [-97.62648702004141, 19.373293120127656], [-97.6269079704494, 19.373515030113673], [-97.62647517983349, 19.37421979974727], [-97.6260696897458, 19.37401457005689]]]}, "properties": {"CVEGEO": "2110800010063004", "CVE_LOC": "0001", "AGEB": "0063", "MZA": "004", "SECCION": 880, "POBTOT": 22, "P18YMAS": 17, "P18YMAS_H": 8, "P18YMAS_M": 9, "P18A24": 3, "ITER_MATCH": true, "LN_total_sec": 1026, "LN_H_sec": 513, "LN_M_sec": 513, "LN_1839_sec": 467, "LN_estimada": 23, "LN_H_est": 11, "LN_M_est": 11, "LN_1839_est": 10, "rank_seccion": 20, "pct_acum_sec": 59.45, "prioridad_50": false, "prioridad_80": true, "rank_municipal": 208, "pct_acum_LN_mun": 47.85}}, {"type": "Feature", "geometry": {"type": "Polygon", "coordinates": [[[-97.61710127968509, 19.373424859692083], [-97.61712086001708, 19.373391119712867], [-97.61717311005046, 19.37330114988626], [-97.61720985980617, 19.373237830019523], [-97.61729677988919, 19.373088109996118], [-97.61734348981102, 19.37311202014185], [-97.61765168997847, 19.373269819739235], [-97.6174591204626, 19.373608319970188], [-97.61710127968509, 19.373424859692083]]]}, "properties": {"CVEGEO": "2110800010059039", "CVE_LOC": "0001", "AGEB": "0059", "MZA": "039", "SECCION": 878, "POBTOT": 35, "P18YMAS": 24, "P18YMAS_H": 12, "P18YMAS_M": 12, "P18A24": 4, "ITER_MATCH": true, "LN_total_sec": 1218, "LN_H_sec": 568, "LN_M_sec": 650, "LN_1839_sec": 631, "LN_estimada": 34, "LN_H_est": 16, "LN_M_est": 18, "LN_1839_est": 17, "rank_seccion": 9, "pct_acum_sec": 31.61, "prioridad_50": true, "prioridad_80": true, "rank_municipal": 77, "pct_acum_LN_mun": 23.05}}, {"type": "Feature", "geometry": {"type": "Polygon", "coordinates": [[[-97.61664937031865, 19.374235400020794], [-97.61667819963395, 19.374184849609893], [-97.61684599962196, 19.373890650102368], [-97.61720172011269, 19.37406571997091], [-97.6170073400001, 19.37442394999242], [-97.61664937031865, 19.374235400020794]]]}, "properties": {"CVEGEO": "2110800010059037", "CVE_LOC": "0001", "AGEB": "0059", "MZA": "037", "SECCION": 878, "POBTOT": 10, "P18YMAS": 8, "P18YMAS_H": 6, "P18YMAS_M": 0, "P18A24": 0, "ITER_MATCH": true, "LN_total_sec": 1218, "LN_H_sec": 568, "LN_M_sec": 650, "LN_1839_sec": 631, "LN_estimada": 11, "LN_H_est": 5, "LN_M_est": 6, "LN_1839_est": 6, "rank_seccion": 47, "pct_acum_sec": 96.06, "prioridad_50": false, "prioridad_80": false, "rank_municipal": 681, "pct_acum_LN_mun": 97.92}}, {"type": "Feature", "geometry": {"type": "Polygon", "coordinates": [[[-97.61640785962811, 19.374653089616974], [-97.61643951001813, 19.3745975100331], [-97.61661554012531, 19.3742881800314], [-97.61667349047852, 19.374317719739096], [-97.616976889598, 19.374472319841704], [-97.61675790975659, 19.37482411954574], [-97.61640785962811, 19.374653089616974]]]}, "properties": {"CVEGEO": "2110800010059036", "CVE_LOC": "0001", "AGEB": "0059", "MZA": "036", "SECCION": 878, "POBTOT": 29, "P18YMAS": 22, "P18YMAS_H": 12, "P18YMAS_M": 10, "P18A24": 7, "ITER_MATCH": true, "LN_total_sec": 1218, "LN_H_sec": 568, "LN_M_sec": 650, "LN_1839_sec": 631, "LN_estimada": 31, "LN_H_est": 14, "LN_M_est": 17, "LN_1839_est": 16, "rank_seccion": 15, "pct_acum_sec": 47.13, "prioridad_50": true, "prioridad_80": true, "rank_municipal": 114, "pct_acum_LN_mun": 31.0}}, {"type": "Feature", "geometry": {"type": "Polygon", "coordinates": [[[-97.61917771963199, 19.376596449873674], [-97.61923284995102, 19.3765004000819], [-97.61936657007666, 19.376267349971872], [-97.61973676978137, 19.3764557497636], [-97.6196398503344, 19.376622599650478], [-97.61960171032958, 19.3766882900896], [-97.61954597982191, 19.376784180327725], [-97.61917771963199, 19.376596449873674]]]}, "properties": {"CVEGEO": "2110800010059035", "CVE_LOC": "0001", "AGEB": "0059", "MZA": "035", "SECCION": 877, "POBTOT": 12, "P18YMAS": 11, "P18YMAS_H": 6, "P18YMAS_M": 5, "P18A24": 0, "ITER_MATCH": true, "LN_total_sec": 3745, "LN_H_sec": 1798, "LN_M_sec": 1947, "LN_1839_sec": 2000, "LN_estimada": 17, "LN_H_est": 8, "LN_M_est": 9, "LN_1839_est": 9, "rank_seccion": 102, "pct_acum_sec": 85.47, "prioridad_50": false, "prioridad_80": false, "rank_municipal": 339, "pct_acum_LN_mun": 65.68}}, {"type": "Feature", "geometry": {"type": "Polygon", "coordinates": [[[-97.61939142968306, 19.376219939538565], [-97.61956151956463, 19.375891230056133], [-97.61969671984032, 19.375961230285533], [-97.6198317098723, 19.376031120066774], [-97.61996651001051, 19.376100919930636], [-97.61978525018067, 19.37641854014429], [-97.61939142968306, 19.376219939538565]]]}, "properties": {"CVEGEO": "2110800010059034", "CVE_LOC": "0001", "AGEB": "0059", "MZA": "034", "SECCION": 878, "POBTOT": 0, "P18YMAS": 0, "P18YMAS_H": 0, "P18YMAS_M": 0, "P18A24": 0, "ITER_MATCH": true, "LN_total_sec": 1218, "LN_H_sec": 568, "LN_M_sec": 650, "LN_1839_sec": 631, "LN_estimada": 0, "LN_H_est": 0, "LN_M_est": 0, "LN_1839_est": 0, "rank_seccion": 64, "pct_acum_sec": 100.0, "prioridad_50": false, "prioridad_80": false, "rank_municipal": 951, "pct_acum_LN_mun": 100.0}}, {"type": "Feature", "geometry": {"type": "Polygon", "coordinates": [[[-97.6203942798284, 19.375226580383607], [-97.62035347981194, 19.375201919797195], [-97.62031269026939, 19.375177290320423], [-97.62027190967882, 19.375152650215938], [-97.62023111988194, 19.3751279998637], [-97.62019031957486, 19.375103350102357], [-97.62014954952441, 19.375078710271183], [-97.620106139956, 19.375052490231376], [-97.6202565102739, 19.37480826019976], [-97.620312399711, 19.374717450253407], [-97.6206432902813, 19.374901749596216], [-97.6206044495257, 19.374965830038825], [-97.62058688000985, 19.374994829550662], [-97.62043242986017, 19.37524962964679], [-97.6203942798284, 19.375226580383607]]]}, "properties": {"CVEGEO": "2110800010059032", "CVE_LOC": "0001", "AGEB": "0059", "MZA": "032", "SECCION": 878, "POBTOT": 26, "P18YMAS": 19, "P18YMAS_H": 10, "P18YMAS_M": 9, "P18A24": 0, "ITER_MATCH": true, "LN_total_sec": 1218, "LN_H_sec": 568, "LN_M_sec": 650, "LN_1839_sec": 631, "LN_estimada": 27, "LN_H_est": 12, "LN_M_est": 14, "LN_1839_est": 14, "rank_seccion": 19, "pct_acum_sec": 56.32, "prioridad_50": false, "prioridad_80": true, "rank_municipal": 152, "pct_acum_LN_mun": 38.43}}, {"type": "Feature", "geometry": {"type": "Polygon", "coordinates": [[[-97.61859760036346, 19.373703400428834], [-97.61880651010307, 19.373340660408868], [-97.61892258018763, 19.37340177958551], [-97.61915337964983, 19.37352330989406], [-97.61894282005936, 19.373877779988085], [-97.61859760036346, 19.373703400428834]]]}, "properties": {"CVEGEO": "2110800010059016", "CVE_LOC": "0001", "AGEB": "0059", "MZA": "016", "SECCION": 878, "POBTOT": 28, "P18YMAS": 19, "P18YMAS_H": 10, "P18YMAS_M": 9, "P18A24": 3, "ITER_MATCH": true, "LN_total_sec": 1218, "LN_H_sec": 568, "LN_M_sec": 650, "LN_1839_sec": 631, "LN_estimada": 27, "LN_H_est": 12, "LN_M_est": 14, "LN_1839_est": 14, "rank_seccion": 20, "pct_acum_sec": 58.54, "prioridad_50": false, "prioridad_80": true, "rank_municipal": 153, "pct_acum_LN_mun": 38.62}}, {"type": "Feature", "geometry": {"type": "Polygon", "coordinates": [[[-97.61817494000115, 19.37346488956448], [-97.6183760601001, 19.37312932029701], [-97.61853748016465, 19.373211200366864], [-97.61874531028683, 19.373316619636068], [-97.61854385042459, 19.373673260018574], [-97.61817494000115, 19.37346488956448]]]}, "properties": {"CVEGEO": "2110800010059015", "CVE_LOC": "0001", "AGEB": "0059", "MZA": "015", "SECCION": 878, "POBTOT": 9, "P18YMAS": 0, "P18YMAS_H": 0, "P18YMAS_M": 0, "P18A24": 0, "ITER_MATCH": true, "LN_total_sec": 1218, "LN_H_sec": 568, "LN_M_sec": 650, "LN_1839_sec": 631, "LN_estimada": 0, "LN_H_est": 0, "LN_M_est": 0, "LN_1839_est": 0, "rank_seccion": 65, "pct_acum_sec": 100.0, "prioridad_50": false, "prioridad_80": false, "rank_municipal": 952, "pct_acum_LN_mun": 100.0}}, {"type": "Feature", "geometry": {"type": "Polygon", "coordinates": [[[-97.61793162986109, 19.373887369803082], [-97.61814710987139, 19.373517709733903], [-97.61849987958281, 19.373710909871907], [-97.61833607978762, 19.373981370409172], [-97.61828609045006, 19.374063909645557], [-97.61793162986109, 19.373887369803082]]]}, "properties": {"CVEGEO": "2110800010059014", "CVE_LOC": "0001", "AGEB": "0059", "MZA": "014", "SECCION": 878, "POBTOT": 13, "P18YMAS": 8, "P18YMAS_H": 3, "P18YMAS_M": 5, "P18A24": 0, "ITER_MATCH": true, "LN_total_sec": 1218, "LN_H_sec": 568, "LN_M_sec": 650, "LN_1839_sec": 631, "LN_estimada": 11, "LN_H_est": 5, "LN_M_est": 6, "LN_1839_est": 6, "rank_seccion": 48, "pct_acum_sec": 96.96, "prioridad_50": false, "prioridad_80": false, "rank_municipal": 682, "pct_acum_LN_mun": 97.99}}, {"type": "Feature", "geometry": {"type": "Polygon", "coordinates": [[[-97.61770661998897, 19.374267649744567], [-97.6178968501043, 19.373925199987212], [-97.6182607502544, 19.374109250186493], [-97.61805765032999, 19.374447820405322], [-97.61770661998897, 19.374267649744567]]]}, "properties": {"CVEGEO": "2110800010059013", "CVE_LOC": "0001", "AGEB": "0059", "MZA": "013", "SECCION": 878, "POBTOT": 6, "P18YMAS": 0, "P18YMAS_H": 0, "P18YMAS_M": 0, "P18A24": 0, "ITER_MATCH": true, "LN_total_sec": 1218, "LN_H_sec": 568, "LN_M_sec": 650, "LN_1839_sec": 631, "LN_estimada": 0, "LN_H_est": 0, "LN_M_est": 0, "LN_1839_est": 0, "rank_seccion": 66, "pct_acum_sec": 100.0, "prioridad_50": false, "prioridad_80": false, "rank_municipal": 953, "pct_acum_LN_mun": 100.0}}, {"type": "Feature", "geometry": {"type": "Polygon", "coordinates": [[[-97.61747534980289, 19.374675019843504], [-97.6176686902013, 19.37432028024609], [-97.61802844960738, 19.374503749608376], [-97.61782868040483, 19.37485344960873], [-97.61747534980289, 19.374675019843504]]]}, "properties": {"CVEGEO": "2110800010059012", "CVE_LOC": "0001", "AGEB": "0059", "MZA": "012", "SECCION": 878, "POBTOT": 7, "P18YMAS": 7, "P18YMAS_H": 4, "P18YMAS_M": 3, "P18A24": 0, "ITER_MATCH": true, "LN_total_sec": 1218, "LN_H_sec": 568, "LN_M_sec": 650, "LN_1839_sec": 631, "LN_estimada": 10, "LN_H_est": 5, "LN_M_est": 5, "LN_1839_est": 5, "rank_seccion": 51, "pct_acum_sec": 99.51, "prioridad_50": false, "prioridad_80": false, "rank_municipal": 691, "pct_acum_LN_mun": 98.61}}, {"type": "Feature", "geometry": {"type": "Polygon", "coordinates": [[[-97.615136980069, 19.3746126601019], [-97.61478524994394, 19.374523349831872], [-97.61485811009202, 19.37440516975952], [-97.615086179737, 19.374035319768062], [-97.61547987966773, 19.37424312041407], [-97.61524323004593, 19.37463962958952], [-97.615136980069, 19.3746126601019]]]}, "properties": {"CVEGEO": "2110800010044053", "CVE_LOC": "0001", "AGEB": "0044", "MZA": "053", "SECCION": 877, "POBTOT": 44, "P18YMAS": 25, "P18YMAS_H": 12, "P18YMAS_M": 13, "P18A24": 8, "ITER_MATCH": true, "LN_total_sec": 3745, "LN_H_sec": 1798, "LN_M_sec": 1947, "LN_1839_sec": 2000, "LN_estimada": 38, "LN_H_est": 18, "LN_M_est": 20, "LN_1839_est": 20, "rank_seccion": 24, "pct_acum_sec": 29.93, "prioridad_50": true, "prioridad_80": true, "rank_municipal": 54, "pct_acum_LN_mun": 17.5}}, {"type": "Feature", "geometry": {"type": "Polygon", "coordinates": [[[-97.61458161997723, 19.373790379957622], [-97.61446313967122, 19.37442842977524], [-97.61350833986626, 19.37425983041393], [-97.61261888034872, 19.37402417010312], [-97.61281385983769, 19.37214297019686], [-97.61468453990017, 19.37277502978453], [-97.61464834975446, 19.373169999953692], [-97.61466665038284, 19.37323691033673], [-97.61484711033971, 19.373363059679793], [-97.61477658042446, 19.373473880405303], [-97.61463028020556, 19.373703750024955], [-97.61458161997723, 19.373790379957622]]]}, "properties": {"CVEGEO": "2110800010044051", "CVE_LOC": "0001", "AGEB": "0044", "MZA": "051", "SECCION": 878, "POBTOT": 17, "P18YMAS": 11, "P18YMAS_H": 4, "P18YMAS_M": 7, "P18A24": 0, "ITER_MATCH": true, "LN_total_sec": 1218, "LN_H_sec": 568, "LN_M_sec": 650, "LN_1839_sec": 631, "LN_estimada": 15, "LN_H_est": 7, "LN_M_est": 8, "LN_1839_est": 8, "rank_seccion": 38, "pct_acum_sec": 86.54, "prioridad_50": false, "prioridad_80": false, "rank_municipal": 457, "pct_acum_LN_mun": 78.35}}, {"type": "Feature", "geometry": {"type": "Polygon", "coordinates": [[[-97.61556034036509, 19.374219280351216], [-97.6157901401744, 19.373843770403717], [-97.61606145036413, 19.373996119600267], [-97.61614991999829, 19.37404582006783], [-97.61593088003258, 19.37441094040293], [-97.61556034036509, 19.374219280351216]]]}, "properties": {"CVEGEO": "2110800010044050", "CVE_LOC": "0001", "AGEB": "0044", "MZA": "050", "SECCION": 878, "POBTOT": 30, "P18YMAS": 21, "P18YMAS_H": 9, "P18YMAS_M": 12, "P18A24": 3, "ITER_MATCH": true, "LN_total_sec": 1218, "LN_H_sec": 568, "LN_M_sec": 650, "LN_1839_sec": 631, "LN_estimada": 30, "LN_H_est": 14, "LN_M_est": 16, "LN_1839_est": 15, "rank_seccion": 16, "pct_acum_sec": 49.59, "prioridad_50": true, "prioridad_80": true, "rank_municipal": 126, "pct_acum_LN_mun": 33.43}}, {"type": "Feature", "geometry": {"type": "Polygon", "coordinates": [[[-97.61512247952237, 19.373986770222416], [-97.6153241499308, 19.373613519937763], [-97.61573614010585, 19.37381067962562], [-97.61556580009447, 19.374099369606427], [-97.61550813973173, 19.374197090095244], [-97.61512247952237, 19.373986770222416]]]}, "properties": {"CVEGEO": "2110800010044049", "CVE_LOC": "0001", "AGEB": "0044", "MZA": "049", "SECCION": 878, "POBTOT": 15, "P18YMAS": 13, "P18YMAS_H": 8, "P18YMAS_M": 5, "P18A24": 4, "ITER_MATCH": true, "LN_total_sec": 1218, "LN_H_sec": 568, "LN_M_sec": 650, "LN_1839_sec": 631, "LN_estimada": 18, "LN_H_est": 9, "LN_M_est": 10, "LN_1839_est": 9, "rank_seccion": 29, "pct_acum_sec": 74.47, "prioridad_50": false, "prioridad_80": true, "rank_municipal": 317, "pct_acum_LN_mun": 63.14}}, {"type": "Feature", "geometry": {"type": "Polygon", "coordinates": [[[-97.61470605979508, 19.373788850303953], [-97.61491257969017, 19.373390889541188], [-97.6152606201505, 19.37358391023382], [-97.61506070971753, 19.373958969873712], [-97.61470605979508, 19.373788850303953]]]}, "properties": {"CVEGEO": "2110800010044048", "CVE_LOC": "0001", "AGEB": "0044", "MZA": "048", "SECCION": 878, "POBTOT": 15, "P18YMAS": 8, "P18YMAS_H": 5, "P18YMAS_M": 3, "P18A24": 0, "ITER_MATCH": true, "LN_total_sec": 1218, "LN_H_sec": 568, "LN_M_sec": 650, "LN_1839_sec": 631, "LN_estimada": 11, "LN_H_est": 5, "LN_M_est": 6, "LN_1839_est": 6, "rank_seccion": 49, "pct_acum_sec": 97.87, "prioridad_50": false, "prioridad_80": false, "rank_municipal": 683, "pct_acum_LN_mun": 98.07}}, {"type": "Feature", "geometry": {"type": "Polygon", "coordinates": [[[-97.61525430971058, 19.3782918502278], [-97.61474671983312, 19.37915435021151], [-97.61378846047475, 19.379026820025835], [-97.6140230198216, 19.37764503025878], [-97.614836819922, 19.378081080124808], [-97.61490320004971, 19.378113200113155], [-97.61525430971058, 19.3782918502278]]]}, "properties": {"CVEGEO": "2110800010044047", "CVE_LOC": "0001", "AGEB": "0044", "MZA": "047", "SECCION": 877, "POBTOT": 16, "P18YMAS": 11, "P18YMAS_H": 3, "P18YMAS_M": 8, "P18A24": 3, "ITER_MATCH": true, "LN_total_sec": 3745, "LN_H_sec": 1798, "LN_M_sec": 1947, "LN_1839_sec": 2000, "LN_estimada": 17, "LN_H_est": 8, "LN_M_est": 9, "LN_1839_est": 9, "rank_seccion": 103, "pct_acum_sec": 85.93, "prioridad_50": false, "prioridad_80": false, "rank_municipal": 340, "pct_acum_LN_mun": 65.79}}, {"type": "Feature", "geometry": {"type": "Polygon", "coordinates": [[[-97.61484403002312, 19.379173520360496], [-97.61533428973055, 19.378329770377157], [-97.61570366025306, 19.378516230369556], [-97.61554885967892, 19.378796550305406], [-97.61529872034114, 19.379249550198715], [-97.61484403002312, 19.379173520360496]]]}, "properties": {"CVEGEO": "2110800010044046", "CVE_LOC": "0001", "AGEB": "0044", "MZA": "046", "SECCION": 877, "POBTOT": 24, "P18YMAS": 13, "P18YMAS_H": 5, "P18YMAS_M": 8, "P18A24": 0, "ITER_MATCH": true, "LN_total_sec": 3745, "LN_H_sec": 1798, "LN_M_sec": 1947, "LN_1839_sec": 2000, "LN_estimada": 20, "LN_H_est": 9, "LN_M_est": 10, "LN_1839_est": 10, "rank_seccion": 93, "pct_acum_sec": 81.2, "prioridad_50": false, "prioridad_80": false, "rank_municipal": 292, "pct_acum_LN_mun": 60.0}}, {"type": "Feature", "geometry": {"type": "Polygon", "coordinates": [[[-97.61538673979662, 19.378281080132524], [-97.61554960043591, 19.37802028035854], [-97.61590851028622, 19.378179620115638], [-97.61583310969644, 19.37831051016599], [-97.61574374042924, 19.37846566011616], [-97.61538673979662, 19.378281080132524]]]}, "properties": {"CVEGEO": "2110800010044034", "CVE_LOC": "0001", "AGEB": "0044", "MZA": "034", "SECCION": 877, "POBTOT": 26, "P18YMAS": 20, "P18YMAS_H": 9, "P18YMAS_M": 11, "P18A24": 0, "ITER_MATCH": true, "LN_total_sec": 3745, "LN_H_sec": 1798, "LN_M_sec": 1947, "LN_1839_sec": 2000, "LN_estimada": 30, "LN_H_est": 15, "LN_M_est": 16, "LN_1839_est": 16, "rank_seccion": 55, "pct_acum_sec": 57.12, "prioridad_50": false, "prioridad_80": true, "rank_municipal": 127, "pct_acum_LN_mun": 33.63}}, {"type": "Feature", "geometry": {"type": "Polygon", "coordinates": [[[-97.61678768047265, 19.375896569775655], [-97.61694919992613, 19.375601480335675], [-97.6173086897577, 19.37577943030542], [-97.61714074978636, 19.37606314016761], [-97.61678768047265, 19.375896569775655]]]}, "properties": {"CVEGEO": "2110800010044033", "CVE_LOC": "0001", "AGEB": "0044", "MZA": "033", "SECCION": 877, "POBTOT": 9, "P18YMAS": 0, "P18YMAS_H": 0, "P18YMAS_M": 0, "P18A24": 0, "ITER_MATCH": true, "LN_total_sec": 3745, "LN_H_sec": 1798, "LN_M_sec": 1947, "LN_1839_sec": 2000, "LN_estimada": 0, "LN_H_est": 0, "LN_M_est": 0, "LN_1839_est": 0, "rank_seccion": 174, "pct_acum_sec": 100.0, "prioridad_50": false, "prioridad_80": false, "rank_municipal": 954, "pct_acum_LN_mun": 100.0}}, {"type": "Feature", "geometry": {"type": "Polygon", "coordinates": [[[-97.61554856957355, 19.375217430134466], [-97.61568613961185, 19.374986849966685], [-97.61578377042937, 19.375032290115914], [-97.6160269403115, 19.375145479587744], [-97.6158918297895, 19.3753972001631], [-97.61554856957355, 19.375217430134466]]]}, "properties": {"CVEGEO": "2110800010044030", "CVE_LOC": "0001", "AGEB": "0044", "MZA": "030", "SECCION": 877, "POBTOT": 9, "P18YMAS": 0, "P18YMAS_H": 0, "P18YMAS_M": 0, "P18A24": 0, "ITER_MATCH": true, "LN_total_sec": 3745, "LN_H_sec": 1798, "LN_M_sec": 1947, "LN_1839_sec": 2000, "LN_estimada": 0, "LN_H_est": 0, "LN_M_est": 0, "LN_1839_est": 0, "rank_seccion": 175, "pct_acum_sec": 100.0, "prioridad_50": false, "prioridad_80": false, "rank_municipal": 955, "pct_acum_LN_mun": 100.0}}, {"type": "Feature", "geometry": {"type": "Polygon", "coordinates": [[[-97.61510457998111, 19.374978719960932], [-97.61522853972164, 19.374798739685527], [-97.61560603027759, 19.374944850372373], [-97.61548707963293, 19.37518623009115], [-97.61510457998111, 19.374978719960932]]]}, "properties": {"CVEGEO": "2110800010044029", "CVE_LOC": "0001", "AGEB": "0044", "MZA": "029", "SECCION": 877, "POBTOT": 24, "P18YMAS": 19, "P18YMAS_H": 9, "P18YMAS_M": 10, "P18A24": 3, "ITER_MATCH": true, "LN_total_sec": 3745, "LN_H_sec": 1798, "LN_M_sec": 1947, "LN_1839_sec": 2000, "LN_estimada": 29, "LN_H_est": 14, "LN_M_est": 15, "LN_1839_est": 15, "rank_seccion": 57, "pct_acum_sec": 58.66, "prioridad_50": false, "prioridad_80": true, "rank_municipal": 138, "pct_acum_LN_mun": 35.8}}, {"type": "Feature", "geometry": {"type": "Polygon", "coordinates": [[[-97.61442012046027, 19.3751795800989], [-97.61449081964453, 19.374734510285425], [-97.61500957966072, 19.37501045017011], [-97.61480188026556, 19.375377939720448], [-97.61442012046027, 19.3751795800989]]]}, "properties": {"CVEGEO": "2110800010044028", "CVE_LOC": "0001", "AGEB": "0044", "MZA": "028", "SECCION": 877, "POBTOT": 66, "P18YMAS": 39, "P18YMAS_H": 19, "P18YMAS_M": 20, "P18A24": 16, "ITER_MATCH": true, "LN_total_sec": 3745, "LN_H_sec": 1798, "LN_M_sec": 1947, "LN_1839_sec": 2000, "LN_estimada": 59, "LN_H_est": 28, "LN_M_est": 31, "LN_1839_est": 31, "rank_seccion": 3, "pct_acum_sec": 5.07, "prioridad_50": true, "prioridad_80": true, "rank_municipal": 6, "pct_acum_LN_mun": 2.62}}, {"type": "Feature", "geometry": {"type": "Polygon", "coordinates": [[[-97.61433768022498, 19.3756712595542], [-97.61440582018263, 19.3752604197226], [-97.61477377962066, 19.375448820178462], [-97.61458746046345, 19.37578995015222], [-97.61433768022498, 19.3756712595542]]]}, "properties": {"CVEGEO": "2110800010044027", "CVE_LOC": "0001", "AGEB": "0044", "MZA": "027", "SECCION": 877, "POBTOT": 31, "P18YMAS": 18, "P18YMAS_H": 9, "P18YMAS_M": 9, "P18A24": 10, "ITER_MATCH": true, "LN_total_sec": 3745, "LN_H_sec": 1798, "LN_M_sec": 1947, "LN_1839_sec": 2000, "LN_estimada": 27, "LN_H_est": 13, "LN_M_est": 14, "LN_1839_est": 15, "rank_seccion": 60, "pct_acum_sec": 60.88, "prioridad_50": false, "prioridad_80": true, "rank_municipal": 154, "pct_acum_LN_mun": 38.8}}, {"type": "Feature", "geometry": {"type": "Polygon", "coordinates": [[[-97.61570706048593, 19.375862649575023], [-97.6159251695369, 19.375506029949367], [-97.61625285017496, 19.375706309732884], [-97.61605865013833, 19.376036419720563], [-97.61570706048593, 19.375862649575023]]]}, "properties": {"CVEGEO": "2110800010044015", "CVE_LOC": "0001", "AGEB": "0044", "MZA": "015", "SECCION": 877, "POBTOT": 13, "P18YMAS": 8, "P18YMAS_H": 4, "P18YMAS_M": 4, "P18A24": 0, "ITER_MATCH": true, "LN_total_sec": 3745, "LN_H_sec": 1798, "LN_M_sec": 1947, "LN_1839_sec": 2000, "LN_estimada": 12, "LN_H_est": 6, "LN_M_est": 6, "LN_1839_est": 6, "rank_seccion": 132, "pct_acum_sec": 96.8, "prioridad_50": false, "prioridad_80": false, "rank_municipal": 653, "pct_acum_LN_mun": 95.7}}, {"type": "Feature", "geometry": {"type": "Polygon", "coordinates": [[[-97.61486328018502, 19.375409619630233], [-97.61506988007206, 19.37503834024147], [-97.61519811999537, 19.375109279998032], [-97.61545092020671, 19.375249120007233], [-97.61523857984149, 19.37560896984569], [-97.61486328018502, 19.375409619630233]]]}, "properties": {"CVEGEO": "2110800010044013", "CVE_LOC": "0001", "AGEB": "0044", "MZA": "013", "SECCION": 877, "POBTOT": 29, "P18YMAS": 17, "P18YMAS_H": 8, "P18YMAS_M": 9, "P18A24": 6, "ITER_MATCH": true, "LN_total_sec": 3745, "LN_H_sec": 1798, "LN_M_sec": 1947, "LN_1839_sec": 2000, "LN_estimada": 26, "LN_H_est": 12, "LN_M_est": 13, "LN_1839_est": 14, "rank_seccion": 68, "pct_acum_sec": 66.54, "prioridad_50": false, "prioridad_80": true, "rank_municipal": 169, "pct_acum_LN_mun": 41.46}}, {"type": "Feature", "geometry": {"type": "Polygon", "coordinates": [[[-97.6141708499617, 19.37658968957918], [-97.6143900795714, 19.37630674009679], [-97.61471010959151, 19.376459230147], [-97.61454196970521, 19.376784919634208], [-97.6141708499617, 19.37658968957918]]]}, "properties": {"CVEGEO": "2110800010044010", "CVE_LOC": "0001", "AGEB": "0044", "MZA": "010", "SECCION": 877, "POBTOT": 15, "P18YMAS": 11, "P18YMAS_H": 6, "P18YMAS_M": 5, "P18A24": 0, "ITER_MATCH": true, "LN_total_sec": 3745, "LN_H_sec": 1798, "LN_M_sec": 1947, "LN_1839_sec": 2000, "LN_estimada": 17, "LN_H_est": 8, "LN_M_est": 9, "LN_1839_est": 9, "rank_seccion": 104, "pct_acum_sec": 86.38, "prioridad_50": false, "prioridad_80": false, "rank_municipal": 341, "pct_acum_LN_mun": 65.91}}, {"type": "Feature", "geometry": {"type": "Polygon", "coordinates": [[[-97.61461608001609, 19.37680677007875], [-97.6147937704561, 19.37650049042794], [-97.6150022300442, 19.376602659615315], [-97.6151423399845, 19.376671320067487], [-97.6150028299193, 19.376921920201013], [-97.61496299956865, 19.37699349001666], [-97.61461608001609, 19.37680677007875]]]}, "properties": {"CVEGEO": "2110800010044009", "CVE_LOC": "0001", "AGEB": "0044", "MZA": "009", "SECCION": 877, "POBTOT": 39, "P18YMAS": 26, "P18YMAS_H": 14, "P18YMAS_M": 12, "P18A24": 7, "ITER_MATCH": true, "LN_total_sec": 3745, "LN_H_sec": 1798, "LN_M_sec": 1947, "LN_1839_sec": 2000, "LN_estimada": 39, "LN_H_est": 19, "LN_M_est": 20, "LN_1839_est": 21, "rank_seccion": 22, "pct_acum_sec": 27.9, "prioridad_50": true, "prioridad_80": true, "rank_municipal": 52, "pct_acum_LN_mun": 16.99}}, {"type": "Feature", "geometry": {"type": "Polygon", "coordinates": [[[-97.6150465701005, 19.377048649562603], [-97.61507108994738, 19.37700235017093], [-97.61522741963512, 19.376707089671623], [-97.61555667967026, 19.37688428990866], [-97.61550311019806, 19.376977370075384], [-97.61537305958468, 19.377203369628468], [-97.6150465701005, 19.377048649562603]]]}, "properties": {"CVEGEO": "2110800010044008", "CVE_LOC": "0001", "AGEB": "0044", "MZA": "008", "SECCION": 877, "POBTOT": 18, "P18YMAS": 11, "P18YMAS_H": 3, "P18YMAS_M": 8, "P18A24": 0, "ITER_MATCH": true, "LN_total_sec": 3745, "LN_H_sec": 1798, "LN_M_sec": 1947, "LN_1839_sec": 2000, "LN_estimada": 17, "LN_H_est": 8, "LN_M_est": 9, "LN_1839_est": 9, "rank_seccion": 105, "pct_acum_sec": 86.84, "prioridad_50": false, "prioridad_80": false, "rank_municipal": 342, "pct_acum_LN_mun": 66.02}}, {"type": "Feature", "geometry": {"type": "Polygon", "coordinates": [[[-97.61805560043638, 19.376535769848758], [-97.61806247962441, 19.376524120322262], [-97.61806987965028, 19.376511630283325], [-97.61808749031556, 19.376481909804752], [-97.6182315697788, 19.37623846044206], [-97.61858640011181, 19.376424629953974], [-97.61848544956173, 19.376606940114076], [-97.61842417955076, 19.376717520270233], [-97.61805560043638, 19.376535769848758]]]}, "properties": {"CVEGEO": "211080001003A046", "CVE_LOC": "0001", "AGEB": "003A", "MZA": "046", "SECCION": 877, "POBTOT": 13, "P18YMAS": 10, "P18YMAS_H": 4, "P18YMAS_M": 6, "P18A24": 0, "ITER_MATCH": true, "LN_total_sec": 3745, "LN_H_sec": 1798, "LN_M_sec": 1947, "LN_1839_sec": 2000, "LN_estimada": 15, "LN_H_est": 7, "LN_M_est": 8, "LN_1839_est": 8, "rank_seccion": 113, "pct_acum_sec": 90.09, "prioridad_50": false, "prioridad_80": false, "rank_municipal": 458, "pct_acum_LN_mun": 78.45}}, {"type": "Feature", "geometry": {"type": "Polygon", "coordinates": [[[-97.6176164902391, 19.376301720414595], [-97.61778907957074, 19.376010719799826], [-97.61815633993807, 19.37619753999275], [-97.61797371959493, 19.37649766011815], [-97.6176164902391, 19.376301720414595]]]}, "properties": {"CVEGEO": "211080001003A045", "CVE_LOC": "0001", "AGEB": "003A", "MZA": "045", "SECCION": 877, "POBTOT": 27, "P18YMAS": 19, "P18YMAS_H": 8, "P18YMAS_M": 11, "P18A24": 4, "ITER_MATCH": true, "LN_total_sec": 3745, "LN_H_sec": 1798, "LN_M_sec": 1947, "LN_1839_sec": 2000, "LN_estimada": 29, "LN_H_est": 14, "LN_M_est": 15, "LN_1839_est": 15, "rank_seccion": 58, "pct_acum_sec": 59.44, "prioridad_50": false, "prioridad_80": true, "rank_municipal": 139, "pct_acum_LN_mun": 36.0}}, {"type": "Feature", "geometry": {"type": "Polygon", "coordinates": [[[-97.6172065097257, 19.37608902969787], [-97.61736577020339, 19.375800420077727], [-97.61772691043299, 19.375975079663732], [-97.61754642999675, 19.376273619840983], [-97.6172065097257, 19.37608902969787]]]}, "properties": {"CVEGEO": "211080001003A044", "CVE_LOC": "0001", "AGEB": "003A", "MZA": "044", "SECCION": 877, "POBTOT": 24, "P18YMAS": 14, "P18YMAS_H": 8, "P18YMAS_M": 6, "P18A24": 0, "ITER_MATCH": true, "LN_total_sec": 3745, "LN_H_sec": 1798, "LN_M_sec": 1947, "LN_1839_sec": 2000, "LN_estimada": 21, "LN_H_est": 10, "LN_M_est": 11, "LN_1839_est": 11, "rank_seccion": 84, "pct_acum_sec": 76.34, "prioridad_50": false, "prioridad_80": true, "rank_municipal": 270, "pct_acum_LN_mun": 56.97}}, {"type": "Feature", "geometry": {"type": "Polygon", "coordinates": [[[-97.61636786016595, 19.37940988040533], [-97.61638631002212, 19.379377169737182], [-97.61660353958561, 19.378991579587225], [-97.6169594302036, 19.37917985972826], [-97.61679230971642, 19.379474090088845], [-97.61636786016595, 19.37940988040533]]]}, "properties": {"CVEGEO": "211080001003A043", "CVE_LOC": "0001", "AGEB": "003A", "MZA": "043", "SECCION": 877, "POBTOT": 79, "P18YMAS": 44, "P18YMAS_H": 18, "P18YMAS_M": 26, "P18A24": 12, "ITER_MATCH": true, "LN_total_sec": 3745, "LN_H_sec": 1798, "LN_M_sec": 1947, "LN_1839_sec": 2000, "LN_estimada": 66, "LN_H_est": 32, "LN_M_est": 35, "LN_1839_est": 35, "rank_seccion": 1, "pct_acum_sec": 1.76, "prioridad_50": true, "prioridad_80": true, "rank_municipal": 3, "pct_acum_LN_mun": 1.36}}, {"type": "Feature", "geometry": {"type": "Polygon", "coordinates": [[[-97.6169356897958, 19.37950927972954], [-97.61708082029872, 19.379241430424898], [-97.61746002988376, 19.379435340165863], [-97.61736851965529, 19.37957305021946], [-97.6169356897958, 19.37950927972954]]]}, "properties": {"CVEGEO": "211080001003A042", "CVE_LOC": "0001", "AGEB": "003A", "MZA": "042", "SECCION": 2747, "POBTOT": 5, "P18YMAS": 0, "P18YMAS_H": 0, "P18YMAS_M": 0, "P18A24": 0, "ITER_MATCH": true, "LN_total_sec": 923, "LN_H_sec": 421, "LN_M_sec": 502, "LN_1839_sec": 436, "LN_estimada": 0, "LN_H_est": 0, "LN_M_est": 0, "LN_1839_est": 0, "rank_seccion": 66, "pct_acum_sec": 100.0, "prioridad_50": false, "prioridad_80": false, "rank_municipal": 956, "pct_acum_LN_mun": 100.0}}, {"type": "Feature", "geometry": {"type": "Polygon", "coordinates": [[[-97.61600950963603, 19.37813519992975], [-97.6162492495917, 19.377722690241402], [-97.61659082987057, 19.377928059823482], [-97.61635296965893, 19.378310260093713], [-97.61600950963603, 19.37813519992975]]]}, "properties": {"CVEGEO": "211080001003A027", "CVE_LOC": "0001", "AGEB": "003A", "MZA": "027", "SECCION": 877, "POBTOT": 40, "P18YMAS": 21, "P18YMAS_H": 8, "P18YMAS_M": 13, "P18A24": 3, "ITER_MATCH": true, "LN_total_sec": 3745, "LN_H_sec": 1798, "LN_M_sec": 1947, "LN_1839_sec": 2000, "LN_estimada": 32, "LN_H_est": 15, "LN_M_est": 16, "LN_1839_est": 17, "rank_seccion": 45, "pct_acum_sec": 49.0, "prioridad_50": true, "prioridad_80": true, "rank_municipal": 95, "pct_acum_LN_mun": 27.0}}, {"type": "Feature", "geometry": {"type": "Polygon", "coordinates": [[[-97.61582682011787, 19.378489850402747], [-97.61599719989704, 19.378221449881647], [-97.61633138042879, 19.37838762026953], [-97.61618093976683, 19.378676879995613], [-97.61582682011787, 19.378489850402747]]]}, "properties": {"CVEGEO": "211080001003A026", "CVE_LOC": "0001", "AGEB": "003A", "MZA": "026", "SECCION": 877, "POBTOT": 7, "P18YMAS": 0, "P18YMAS_H": 0, "P18YMAS_M": 0, "P18A24": 0, "ITER_MATCH": true, "LN_total_sec": 3745, "LN_H_sec": 1798, "LN_M_sec": 1947, "LN_1839_sec": 2000, "LN_estimada": 0, "LN_H_est": 0, "LN_M_est": 0, "LN_1839_est": 0, "rank_seccion": 176, "pct_acum_sec": 100.0, "prioridad_50": false, "prioridad_80": false, "rank_municipal": 957, "pct_acum_LN_mun": 100.0}}, {"type": "Feature", "geometry": {"type": "Polygon", "coordinates": [[[-97.61622288969652, 19.378709940132776], [-97.61640458025676, 19.378399880226898], [-97.61675778004118, 19.37859445997303], [-97.61659282994015, 19.37888577995579], [-97.61622288969652, 19.378709940132776]]]}, "properties": {"CVEGEO": "211080001003A025", "CVE_LOC": "0001", "AGEB": "003A", "MZA": "025", "SECCION": 877, "POBTOT": 32, "P18YMAS": 18, "P18YMAS_H": 10, "P18YMAS_M": 8, "P18A24": 5, "ITER_MATCH": true, "LN_total_sec": 3745, "LN_H_sec": 1798, "LN_M_sec": 1947, "LN_1839_sec": 2000, "LN_estimada": 27, "LN_H_est": 13, "LN_M_est": 14, "LN_1839_est": 15, "rank_seccion": 61, "pct_acum_sec": 61.6, "prioridad_50": false, "prioridad_80": true, "rank_municipal": 155, "pct_acum_LN_mun": 38.98}}, {"type": "Feature", "geometry": {"type": "Polygon", "coordinates": [[[-97.61665156955607, 19.378916110371936], [-97.61667342046398, 19.378877970363195], [-97.6168205396312, 19.378621140037893], [-97.61717797989422, 19.378803749846302], [-97.61699073957898, 19.379096140354985], [-97.61665156955607, 19.378916110371936]]]}, "properties": {"CVEGEO": "211080001003A024", "CVE_LOC": "0001", "AGEB": "003A", "MZA": "024", "SECCION": 877, "POBTOT": 8, "P18YMAS": 0, "P18YMAS_H": 0, "P18YMAS_M": 0, "P18A24": 0, "ITER_MATCH": true, "LN_total_sec": 3745, "LN_H_sec": 1798, "LN_M_sec": 1947, "LN_1839_sec": 2000, "LN_estimada": 0, "LN_H_est": 0, "LN_M_est": 0, "LN_1839_est": 0, "rank_seccion": 177, "pct_acum_sec": 100.0, "prioridad_50": false, "prioridad_80": false, "rank_municipal": 958, "pct_acum_LN_mun": 100.0}}, {"type": "Feature", "geometry": {"type": "Polygon", "coordinates": [[[-97.61712364978861, 19.37917754959476], [-97.61714817957889, 19.3791369203588], [-97.61719392041832, 19.37906116974598], [-97.61730661987956, 19.378874480244324], [-97.617700579679, 19.379059980018564], [-97.61750151965012, 19.379370379831943], [-97.61712364978861, 19.37917754959476]]]}, "properties": {"CVEGEO": "211080001003A023", "CVE_LOC": "0001", "AGEB": "003A", "MZA": "023", "SECCION": 877, "POBTOT": 20, "P18YMAS": 12, "P18YMAS_H": 6, "P18YMAS_M": 6, "P18A24": 0, "ITER_MATCH": true, "LN_total_sec": 3745, "LN_H_sec": 1798, "LN_M_sec": 1947, "LN_1839_sec": 2000, "LN_estimada": 18, "LN_H_est": 9, "LN_M_est": 9, "LN_1839_est": 10, "rank_seccion": 97, "pct_acum_sec": 83.18, "prioridad_50": false, "prioridad_80": false, "rank_municipal": 318, "pct_acum_LN_mun": 63.26}}, {"type": "Feature", "geometry": {"type": "Polygon", "coordinates": [[[-97.6175625097516, 19.37939590973706], [-97.61776802045921, 19.379082599850125], [-97.61794101986875, 19.379166650391788], [-97.61811561994203, 19.379251480422987], [-97.61798874024768, 19.379442199645172], [-97.6179073200644, 19.37956455040407], [-97.6175625097516, 19.37939590973706]]]}, "properties": {"CVEGEO": "211080001003A022", "CVE_LOC": "0001", "AGEB": "003A", "MZA": "022", "SECCION": 2747, "POBTOT": 10, "P18YMAS": 9, "P18YMAS_H": 4, "P18YMAS_M": 5, "P18A24": 0, "ITER_MATCH": true, "LN_total_sec": 923, "LN_H_sec": 421, "LN_M_sec": 502, "LN_1839_sec": 436, "LN_estimada": 12, "LN_H_est": 5, "LN_M_est": 6, "LN_1839_est": 5, "rank_seccion": 38, "pct_acum_sec": 94.8, "prioridad_50": false, "prioridad_80": false, "rank_municipal": 654, "pct_acum_LN_mun": 95.78}}, {"type": "Feature", "geometry": {"type": "Polygon", "coordinates": [[[-97.61734805028124, 19.37879517030181], [-97.6175693701684, 19.37840132012735], [-97.61794101993696, 19.378610460262827], [-97.617732750077, 19.378975399960293], [-97.61734805028124, 19.37879517030181]]]}, "properties": {"CVEGEO": "211080001003A008", "CVE_LOC": "0001", "AGEB": "003A", "MZA": "008", "SECCION": 877, "POBTOT": 45, "P18YMAS": 32, "P18YMAS_H": 16, "P18YMAS_M": 16, "P18A24": 3, "ITER_MATCH": true, "LN_total_sec": 3745, "LN_H_sec": 1798, "LN_M_sec": 1947, "LN_1839_sec": 2000, "LN_estimada": 48, "LN_H_est": 23, "LN_M_est": 25, "LN_1839_est": 26, "rank_seccion": 7, "pct_acum_sec": 10.55, "prioridad_50": true, "prioridad_80": true, "rank_municipal": 25, "pct_acum_LN_mun": 9.19}}, {"type": "Feature", "geometry": {"type": "Polygon", "coordinates": [[[-97.61780912041932, 19.37901808044135], [-97.61802285034503, 19.378663550129918], [-97.6183591202528, 19.378853089574534], [-97.61814942011043, 19.379183430031784], [-97.61780912041932, 19.37901808044135]]]}, "properties": {"CVEGEO": "211080001003A007", "CVE_LOC": "0001", "AGEB": "003A", "MZA": "007", "SECCION": 877, "POBTOT": 44, "P18YMAS": 28, "P18YMAS_H": 16, "P18YMAS_M": 12, "P18A24": 4, "ITER_MATCH": true, "LN_total_sec": 3745, "LN_H_sec": 1798, "LN_M_sec": 1947, "LN_1839_sec": 2000, "LN_estimada": 42, "LN_H_est": 20, "LN_M_est": 22, "LN_1839_est": 23, "rank_seccion": 17, "pct_acum_sec": 22.56, "prioridad_50": true, "prioridad_80": true, "rank_municipal": 40, "pct_acum_LN_mun": 13.73}}, {"type": "Feature", "geometry": {"type": "Polygon", "coordinates": [[[-97.61803903007349, 19.378590339924944], [-97.61821860006452, 19.378257050387386], [-97.61857974013046, 19.37845111012379], [-97.61839941999307, 19.378781169810576], [-97.61803903007349, 19.378590339924944]]]}, "properties": {"CVEGEO": "211080001003A006", "CVE_LOC": "0001", "AGEB": "003A", "MZA": "006", "SECCION": 877, "POBTOT": 36, "P18YMAS": 22, "P18YMAS_H": 12, "P18YMAS_M": 10, "P18A24": 4, "ITER_MATCH": true, "LN_total_sec": 3745, "LN_H_sec": 1798, "LN_M_sec": 1947, "LN_1839_sec": 2000, "LN_estimada": 33, "LN_H_est": 16, "LN_M_est": 17, "LN_1839_est": 18, "rank_seccion": 36, "pct_acum_sec": 41.26, "prioridad_50": true, "prioridad_80": true, "rank_municipal": 82, "pct_acum_LN_mun": 24.17}}, {"type": "Feature", "geometry": {"type": "Polygon", "coordinates": [[[-97.61848888970512, 19.37833579989336], [-97.61824357996608, 19.378200619605405], [-97.61843911040647, 19.37786939989239], [-97.6188151095701, 19.37805361977812], [-97.61860977039792, 19.378402420277414], [-97.61848888970512, 19.37833579989336]]]}, "properties": {"CVEGEO": "211080001003A005", "CVE_LOC": "0001", "AGEB": "003A", "MZA": "005", "SECCION": 877, "POBTOT": 38, "P18YMAS": 25, "P18YMAS_H": 11, "P18YMAS_M": 14, "P18A24": 6, "ITER_MATCH": true, "LN_total_sec": 3745, "LN_H_sec": 1798, "LN_M_sec": 1947, "LN_1839_sec": 2000, "LN_estimada": 38, "LN_H_est": 18, "LN_M_est": 20, "LN_1839_est": 20, "rank_seccion": 25, "pct_acum_sec": 30.95, "prioridad_50": true, "prioridad_80": true, "rank_municipal": 55, "pct_acum_LN_mun": 17.75}}, {"type": "Feature", "geometry": {"type": "Polygon", "coordinates": [[[-97.61781027968844, 19.377962799845704], [-97.61782977968201, 19.377932310245733], [-97.61791302954371, 19.377802140057675], [-97.61801838039128, 19.37763739993737], [-97.61839446005906, 19.37783153986602], [-97.61833465960736, 19.377934339834024], [-97.61819864996195, 19.378168149783484], [-97.61781027968844, 19.377962799845704]]]}, "properties": {"CVEGEO": "211080001003A004", "CVE_LOC": "0001", "AGEB": "003A", "MZA": "004", "SECCION": 877, "POBTOT": 33, "P18YMAS": 21, "P18YMAS_H": 9, "P18YMAS_M": 12, "P18A24": 4, "ITER_MATCH": true, "LN_total_sec": 3745, "LN_H_sec": 1798, "LN_M_sec": 1947, "LN_1839_sec": 2000, "LN_estimada": 32, "LN_H_est": 15, "LN_M_est": 16, "LN_1839_est": 17, "rank_seccion": 46, "pct_acum_sec": 49.85, "prioridad_50": true, "prioridad_80": true, "rank_municipal": 96, "pct_acum_LN_mun": 27.21}}, {"type": "Feature", "geometry": {"type": "Polygon", "coordinates": [[[-97.61734841964135, 19.377733449805984], [-97.61752492021641, 19.37739869013435], [-97.6178878300249, 19.377609049578336], [-97.61783979959786, 19.377693079761933], [-97.61775483008412, 19.377841769874877], [-97.61771157034859, 19.377917430258602], [-97.61734841964135, 19.377733449805984]]]}, "properties": {"CVEGEO": "211080001003A003", "CVE_LOC": "0001", "AGEB": "003A", "MZA": "003", "SECCION": 877, "POBTOT": 54, "P18YMAS": 37, "P18YMAS_H": 16, "P18YMAS_M": 21, "P18A24": 5, "ITER_MATCH": true, "LN_total_sec": 3745, "LN_H_sec": 1798, "LN_M_sec": 1947, "LN_1839_sec": 2000, "LN_estimada": 56, "LN_H_est": 27, "LN_M_est": 29, "LN_1839_est": 30, "rank_seccion": 4, "pct_acum_sec": 6.57, "prioridad_50": true, "prioridad_80": true, "rank_municipal": 9, "pct_acum_LN_mun": 3.75}}, {"type": "Feature", "geometry": {"type": "Polygon", "coordinates": [[[-97.61712060044434, 19.378105549879212], [-97.61728891008421, 19.377792829634274], [-97.61765310965967, 19.377986799942434], [-97.61748868013414, 19.37829792014477], [-97.61712060044434, 19.378105549879212]]]}, "properties": {"CVEGEO": "211080001003A002", "CVE_LOC": "0001", "AGEB": "003A", "MZA": "002", "SECCION": 877, "POBTOT": 32, "P18YMAS": 23, "P18YMAS_H": 11, "P18YMAS_M": 12, "P18A24": 4, "ITER_MATCH": true, "LN_total_sec": 3745, "LN_H_sec": 1798, "LN_M_sec": 1947, "LN_1839_sec": 2000, "LN_estimada": 35, "LN_H_est": 17, "LN_M_est": 18, "LN_1839_est": 19, "rank_seccion": 32, "pct_acum_sec": 37.68, "prioridad_50": true, "prioridad_80": true, "rank_municipal": 71, "pct_acum_LN_mun": 21.66}}, {"type": "Feature", "geometry": {"type": "Polygon", "coordinates": [[[-97.6176062603536, 19.378340259811285], [-97.61779325041961, 19.378018260211523], [-97.61815717005973, 19.378222089838033], [-97.61797106046288, 19.378550309672125], [-97.6176062603536, 19.378340259811285]]]}, "properties": {"CVEGEO": "211080001003A001", "CVE_LOC": "0001", "AGEB": "003A", "MZA": "001", "SECCION": 877, "POBTOT": 14, "P18YMAS": 10, "P18YMAS_H": 6, "P18YMAS_M": 4, "P18A24": 0, "ITER_MATCH": true, "LN_total_sec": 3745, "LN_H_sec": 1798, "LN_M_sec": 1947, "LN_1839_sec": 2000, "LN_estimada": 15, "LN_H_est": 7, "LN_M_est": 8, "LN_1839_est": 8, "rank_seccion": 114, "pct_acum_sec": 90.49, "prioridad_50": false, "prioridad_80": false, "rank_municipal": 459, "pct_acum_LN_mun": 78.55}}, {"type": "Feature", "geometry": {"type": "Polygon", "coordinates": [[[-97.62309196991862, 19.38018711016954], [-97.62316121955368, 19.380064379600473], [-97.62328597963385, 19.379843319835327], [-97.62369509012007, 19.380055660085826], [-97.62349636984997, 19.380391249591458], [-97.62309196991862, 19.38018711016954]]]}, "properties": {"CVEGEO": "2110800010010043", "CVE_LOC": "0001", "AGEB": "0010", "MZA": "043", "SECCION": 875, "POBTOT": 34, "P18YMAS": 30, "P18YMAS_H": 12, "P18YMAS_M": 18, "P18A24": 10, "ITER_MATCH": true, "LN_total_sec": 1680, "LN_H_sec": 825, "LN_M_sec": 855, "LN_1839_sec": 803, "LN_estimada": 56, "LN_H_est": 27, "LN_M_est": 28, "LN_1839_est": 27, "rank_seccion": 5, "pct_acum_sec": 17.92, "prioridad_50": true, "prioridad_80": true, "rank_municipal": 10, "pct_acum_LN_mun": 4.13}}, {"type": "Feature", "geometry": {"type": "Polygon", "coordinates": [[[-97.62355181990327, 19.380417019918223], [-97.62375336964995, 19.38008257003603], [-97.62412093983885, 19.380273970386373], [-97.6240498603704, 19.380402660414106], [-97.62399129003917, 19.380508709759752], [-97.62355181990327, 19.380417019918223]]]}, "properties": {"CVEGEO": "2110800010010042", "CVE_LOC": "0001", "AGEB": "0010", "MZA": "042", "SECCION": 875, "POBTOT": 38, "P18YMAS": 27, "P18YMAS_H": 12, "P18YMAS_M": 15, "P18A24": 13, "ITER_MATCH": true, "LN_total_sec": 1680, "LN_H_sec": 825, "LN_M_sec": 855, "LN_1839_sec": 803, "LN_estimada": 50, "LN_H_est": 25, "LN_M_est": 25, "LN_1839_est": 24, "rank_seccion": 9, "pct_acum_sec": 30.06, "prioridad_50": true, "prioridad_80": true, "rank_municipal": 18, "pct_acum_LN_mun": 6.92}}, {"type": "Feature", "geometry": {"type": "Polygon", "coordinates": [[[-97.62405638026175, 19.380518020115815], [-97.62416990995949, 19.380300799974584], [-97.62454170988484, 19.380491000322046], [-97.62449297981787, 19.380586519931224], [-97.62405638026175, 19.380518020115815]]]}, "properties": {"CVEGEO": "2110800010010041", "CVE_LOC": "0001", "AGEB": "0010", "MZA": "041", "SECCION": 875, "POBTOT": 40, "P18YMAS": 28, "P18YMAS_H": 11, "P18YMAS_M": 17, "P18A24": 0, "ITER_MATCH": true, "LN_total_sec": 1680, "LN_H_sec": 825, "LN_M_sec": 855, "LN_1839_sec": 803, "LN_estimada": 52, "LN_H_est": 26, "LN_M_est": 26, "LN_1839_est": 25, "rank_seccion": 6, "pct_acum_sec": 21.01, "prioridad_50": true, "prioridad_80": true, "rank_municipal": 13, "pct_acum_LN_mun": 5.22}}, {"type": "Feature", "geometry": {"type": "Polygon", "coordinates": [[[-97.62566948039543, 19.377072880032742], [-97.62561403002078, 19.37735278018463], [-97.62541573956388, 19.377253060219896], [-97.62561866040056, 19.376912540052775], [-97.62569208994759, 19.376945249962095], [-97.62566948039543, 19.377072880032742]]]}, "properties": {"CVEGEO": "2110800010010040", "CVE_LOC": "0001", "AGEB": "0010", "MZA": "040", "SECCION": 875, "POBTOT": 21, "P18YMAS": 16, "P18YMAS_H": 8, "P18YMAS_M": 8, "P18A24": 0, "ITER_MATCH": true, "LN_total_sec": 1680, "LN_H_sec": 825, "LN_M_sec": 855, "LN_1839_sec": 803, "LN_estimada": 30, "LN_H_est": 15, "LN_M_est": 15, "LN_1839_est": 14, "rank_seccion": 29, "pct_acum_sec": 73.51, "prioridad_50": false, "prioridad_80": true, "rank_municipal": 128, "pct_acum_LN_mun": 33.84}}, {"type": "Feature", "geometry": {"type": "Polygon", "coordinates": [[[-97.62493830958272, 19.377008599742194], [-97.62503837000703, 19.37684161999193], [-97.6251402601251, 19.376671579800195], [-97.62555873974138, 19.376885849845657], [-97.6253609697778, 19.377223450087524], [-97.62493830958272, 19.377008599742194]]]}, "properties": {"CVEGEO": "2110800010010039", "CVE_LOC": "0001", "AGEB": "0010", "MZA": "039", "SECCION": 875, "POBTOT": 14, "P18YMAS": 10, "P18YMAS_H": 4, "P18YMAS_M": 6, "P18A24": 0, "ITER_MATCH": true, "LN_total_sec": 1680, "LN_H_sec": 825, "LN_M_sec": 855, "LN_1839_sec": 803, "LN_estimada": 19, "LN_H_est": 9, "LN_M_est": 9, "LN_1839_est": 9, "rank_seccion": 41, "pct_acum_sec": 91.13, "prioridad_50": false, "prioridad_80": false, "rank_municipal": 305, "pct_acum_LN_mun": 61.67}}, {"type": "Feature", "geometry": {"type": "Polygon", "coordinates": [[[-97.62449434001789, 19.376784459778438], [-97.62469097983585, 19.376443620405254], [-97.6250845803864, 19.37664214988205], [-97.62487601980263, 19.376977859851443], [-97.62449434001789, 19.376784459778438]]]}, "properties": {"CVEGEO": "2110800010010038", "CVE_LOC": "0001", "AGEB": "0010", "MZA": "038", "SECCION": 875, "POBTOT": 22, "P18YMAS": 19, "P18YMAS_H": 9, "P18YMAS_M": 10, "P18A24": 8, "ITER_MATCH": true, "LN_total_sec": 1680, "LN_H_sec": 825, "LN_M_sec": 855, "LN_1839_sec": 803, "LN_estimada": 35, "LN_H_est": 17, "LN_M_est": 18, "LN_1839_est": 17, "rank_seccion": 19, "pct_acum_sec": 55.12, "prioridad_50": false, "prioridad_80": true, "rank_municipal": 72, "pct_acum_LN_mun": 21.89}}, {"type": "Feature", "geometry": {"type": "Polygon", "coordinates": [[[-97.62401248994982, 19.376539179550882], [-97.62401443017609, 19.376535690011085], [-97.62420244954868, 19.37619568023771], [-97.62463529003294, 19.376415429952797], [-97.6244360001108, 19.37675625956403], [-97.62401248994982, 19.376539179550882]]]}, "properties": {"CVEGEO": "2110800010010037", "CVE_LOC": "0001", "AGEB": "0010", "MZA": "037", "SECCION": 875, "POBTOT": 28, "P18YMAS": 18, "P18YMAS_H": 6, "P18YMAS_M": 12, "P18A24": 3, "ITER_MATCH": true, "LN_total_sec": 1680, "LN_H_sec": 825, "LN_M_sec": 855, "LN_1839_sec": 803, "LN_estimada": 33, "LN_H_est": 16, "LN_M_est": 17, "LN_1839_est": 16, "rank_seccion": 20, "pct_acum_sec": 57.08, "prioridad_50": false, "prioridad_80": true, "rank_municipal": 83, "pct_acum_LN_mun": 24.39}}, {"type": "Feature", "geometry": {"type": "Polygon", "coordinates": [[[-97.62245279967705, 19.379347580349773], [-97.6226519798485, 19.379002479878213], [-97.62285463047712, 19.379092089720277], [-97.62306177976907, 19.379183690416603], [-97.62285001978412, 19.3795522801675], [-97.62245279967705, 19.379347580349773]]]}, "properties": {"CVEGEO": "2110800010010036", "CVE_LOC": "0001", "AGEB": "0010", "MZA": "036", "SECCION": 875, "POBTOT": 4, "P18YMAS": 0, "P18YMAS_H": 0, "P18YMAS_M": 0, "P18A24": 0, "ITER_MATCH": true, "LN_total_sec": 1680, "LN_H_sec": 825, "LN_M_sec": 855, "LN_1839_sec": 803, "LN_estimada": 0, "LN_H_est": 0, "LN_M_est": 0, "LN_1839_est": 0, "rank_seccion": 120, "pct_acum_sec": 100.0, "prioridad_50": false, "prioridad_80": false, "rank_municipal": 959, "pct_acum_LN_mun": 100.0}}, {"type": "Feature", "geometry": {"type": "Polygon", "coordinates": [[[-97.62355279977847, 19.379367029663168], [-97.62374685967022, 19.379029980401917], [-97.62415104953023, 19.379239949768923], [-97.62396482020827, 19.379581660423042], [-97.62355279977847, 19.379367029663168]]]}, "properties": {"CVEGEO": "2110800010010022", "CVE_LOC": "0001", "AGEB": "0010", "MZA": "022", "SECCION": 875, "POBTOT": 34, "P18YMAS": 23, "P18YMAS_H": 12, "P18YMAS_M": 11, "P18A24": 5, "ITER_MATCH": true, "LN_total_sec": 1680, "LN_H_sec": 825, "LN_M_sec": 855, "LN_1839_sec": 803, "LN_estimada": 43, "LN_H_est": 21, "LN_M_est": 22, "LN_1839_est": 20, "rank_seccion": 13, "pct_acum_sec": 41.19, "prioridad_50": true, "prioridad_80": true, "rank_municipal": 37, "pct_acum_LN_mun": 12.87}}, {"type": "Feature", "geometry": {"type": "Polygon", "coordinates": [[[-97.62402444981235, 19.37961237989638], [-97.62420751984719, 19.379268820189832], [-97.62457592014195, 19.379460849711446], [-97.62441019961045, 19.379748319953638], [-97.62438226002375, 19.37979676970213], [-97.62402444981235, 19.37961237989638]]]}, "properties": {"CVEGEO": "2110800010010021", "CVE_LOC": "0001", "AGEB": "0010", "MZA": "021", "SECCION": 875, "POBTOT": 26, "P18YMAS": 16, "P18YMAS_H": 7, "P18YMAS_M": 9, "P18A24": 0, "ITER_MATCH": true, "LN_total_sec": 1680, "LN_H_sec": 825, "LN_M_sec": 855, "LN_1839_sec": 803, "LN_estimada": 30, "LN_H_est": 15, "LN_M_est": 15, "LN_1839_est": 14, "rank_seccion": 30, "pct_acum_sec": 75.3, "prioridad_50": false, "prioridad_80": true, "rank_municipal": 129, "pct_acum_LN_mun": 34.04}}, {"type": "Feature", "geometry": {"type": "Polygon", "coordinates": [[[-97.62443311006517, 19.379824150335782], [-97.62449037032945, 19.37972511006838], [-97.62462759958545, 19.37948774037577], [-97.62500592016613, 19.37968313965705], [-97.62480551032932, 19.380013680310523], [-97.62443311006517, 19.379824150335782]]]}, "properties": {"CVEGEO": "2110800010010020", "CVE_LOC": "0001", "AGEB": "0010", "MZA": "020", "SECCION": 875, "POBTOT": 17, "P18YMAS": 15, "P18YMAS_H": 8, "P18YMAS_M": 7, "P18A24": 3, "ITER_MATCH": true, "LN_total_sec": 1680, "LN_H_sec": 825, "LN_M_sec": 855, "LN_1839_sec": 803, "LN_estimada": 28, "LN_H_est": 14, "LN_M_est": 14, "LN_1839_est": 13, "rank_seccion": 32, "pct_acum_sec": 78.75, "prioridad_50": false, "prioridad_80": true, "rank_municipal": 147, "pct_acum_LN_mun": 37.52}}, {"type": "Feature", "geometry": {"type": "Polygon", "coordinates": [[[-97.62466806012799, 19.379434689889788], [-97.62477528995736, 19.379244740439187], [-97.62485914048031, 19.379096179801174], [-97.62502534036342, 19.37918211983715], [-97.62520198005205, 19.379273450399975], [-97.62503123032666, 19.37963010987205], [-97.62466806012799, 19.379434689889788]]]}, "properties": {"CVEGEO": "2110800010010019", "CVE_LOC": "0001", "AGEB": "0010", "MZA": "019", "SECCION": 875, "POBTOT": 40, "P18YMAS": 28, "P18YMAS_H": 15, "P18YMAS_M": 13, "P18A24": 3, "ITER_MATCH": true, "LN_total_sec": 1680, "LN_H_sec": 825, "LN_M_sec": 855, "LN_1839_sec": 803, "LN_estimada": 52, "LN_H_est": 26, "LN_M_est": 26, "LN_1839_est": 25, "rank_seccion": 7, "pct_acum_sec": 24.11, "prioridad_50": true, "prioridad_80": true, "rank_municipal": 14, "pct_acum_LN_mun": 5.57}}, {"type": "Feature", "geometry": {"type": "Polygon", "coordinates": [[[-97.62486828979033, 19.379038569841203], [-97.62507459971765, 19.378701220360597], [-97.62535440029377, 19.378841800374616], [-97.62533677967498, 19.378962799977778], [-97.62532464957269, 19.379046199808062], [-97.62529370961393, 19.379258770285325], [-97.62486828979033, 19.379038569841203]]]}, "properties": {"CVEGEO": "2110800010010018", "CVE_LOC": "0001", "AGEB": "0010", "MZA": "018", "SECCION": 875, "POBTOT": 20, "P18YMAS": 13, "P18YMAS_H": 6, "P18YMAS_M": 7, "P18A24": 0, "ITER_MATCH": true, "LN_total_sec": 1680, "LN_H_sec": 825, "LN_M_sec": 855, "LN_1839_sec": 803, "LN_estimada": 24, "LN_H_est": 12, "LN_M_est": 12, "LN_1839_est": 12, "rank_seccion": 37, "pct_acum_sec": 86.25, "prioridad_50": false, "prioridad_80": false, "rank_municipal": 197, "pct_acum_LN_mun": 46.12}}, {"type": "Feature", "geometry": {"type": "Polygon", "coordinates": [[[-97.6251005700801, 19.378651889637432], [-97.6252859102525, 19.37829178006495], [-97.62544097985094, 19.378368659822282], [-97.62536828974153, 19.378786379699942], [-97.6251005700801, 19.378651889637432]]]}, "properties": {"CVEGEO": "2110800010010017", "CVE_LOC": "0001", "AGEB": "0010", "MZA": "017", "SECCION": 875, "POBTOT": 11, "P18YMAS": 0, "P18YMAS_H": 0, "P18YMAS_M": 0, "P18A24": 0, "ITER_MATCH": true, "LN_total_sec": 1680, "LN_H_sec": 825, "LN_M_sec": 855, "LN_1839_sec": 803, "LN_estimada": 0, "LN_H_est": 0, "LN_M_est": 0, "LN_1839_est": 0, "rank_seccion": 121, "pct_acum_sec": 100.0, "prioridad_50": false, "prioridad_80": false, "rank_municipal": 960, "pct_acum_LN_mun": 100.0}}, {"type": "Feature", "geometry": {"type": "Polygon", "coordinates": [[[-97.6242278495732, 19.378209380048936], [-97.62434386020838, 19.378012119977377], [-97.62443311018895, 19.377860419684705], [-97.62456664975785, 19.37792751965263], [-97.62483602047345, 19.378062819776748], [-97.62462621976688, 19.378412000030636], [-97.6242278495732, 19.378209380048936]]]}, "properties": {"CVEGEO": "2110800010010004", "CVE_LOC": "0001", "AGEB": "0010", "MZA": "004", "SECCION": 875, "POBTOT": 29, "P18YMAS": 22, "P18YMAS_H": 10, "P18YMAS_M": 12, "P18A24": 4, "ITER_MATCH": true, "LN_total_sec": 1680, "LN_H_sec": 825, "LN_M_sec": 855, "LN_1839_sec": 803, "LN_estimada": 41, "LN_H_est": 20, "LN_M_est": 21, "LN_1839_est": 19, "rank_seccion": 16, "pct_acum_sec": 48.63, "prioridad_50": true, "prioridad_80": true, "rank_municipal": 46, "pct_acum_LN_mun": 15.4}}, {"type": "Feature", "geometry": {"type": "Polygon", "coordinates": [[[-97.6239885499129, 19.37858034008865], [-97.62405003039098, 19.378485490191817], [-97.6241980601604, 19.378257089966983], [-97.62460624968112, 19.378464549862244], [-97.62441259982614, 19.378801830238167], [-97.6239885499129, 19.37858034008865]]]}, "properties": {"CVEGEO": "2110800010010001", "CVE_LOC": "0001", "AGEB": "0010", "MZA": "001", "SECCION": 875, "POBTOT": 23, "P18YMAS": 17, "P18YMAS_H": 7, "P18YMAS_M": 10, "P18A24": 0, "ITER_MATCH": true, "LN_total_sec": 1680, "LN_H_sec": 825, "LN_M_sec": 855, "LN_1839_sec": 803, "LN_estimada": 31, "LN_H_est": 15, "LN_M_est": 16, "LN_1839_est": 15, "rank_seccion": 26, "pct_acum_sec": 68.15, "prioridad_50": false, "prioridad_80": true, "rank_municipal": 115, "pct_acum_LN_mun": 31.21}}, {"type": "Feature", "geometry": {"type": "Polygon", "coordinates": [[[-97.6194963503505, 19.373641029913863], [-97.61934877022699, 19.37356142020607], [-97.61923982014366, 19.373502660451802], [-97.61944248965462, 19.373150090421962], [-97.61951722973251, 19.373190430349663], [-97.61966497028544, 19.37327014965894], [-97.61981188978885, 19.37334944984243], [-97.61959692010346, 19.373695280201883], [-97.6194963503505, 19.373641029913863]]]}, "properties": {"CVEGEO": "2110800010082042", "CVE_LOC": "0001", "AGEB": "0082", "MZA": "042", "SECCION": 879, "POBTOT": 28, "P18YMAS": 21, "P18YMAS_H": 11, "P18YMAS_M": 10, "P18A24": 0, "ITER_MATCH": true, "LN_total_sec": 1640, "LN_H_sec": 768, "LN_M_sec": 872, "LN_1839_sec": 820, "LN_estimada": 29, "LN_H_est": 14, "LN_M_est": 16, "LN_1839_est": 15, "rank_seccion": 15, "pct_acum_sec": 30.61, "prioridad_50": true, "prioridad_80": true, "rank_municipal": 140, "pct_acum_LN_mun": 36.2}}, {"type": "Feature", "geometry": {"type": "Polygon", "coordinates": [[[-97.62428248987437, 19.3711671401394], [-97.62379096957207, 19.37110142007618], [-97.6231805796229, 19.371019770265534], [-97.62271332010218, 19.370957280135144], [-97.62257122027226, 19.370935969832306], [-97.62197630979735, 19.37084675044617], [-97.62216274996985, 19.370606740219333], [-97.62235832039111, 19.370430080414867], [-97.6224487497866, 19.370409419789187], [-97.6225605800419, 19.370425430045287], [-97.6227325396507, 19.370450999895752], [-97.6228201502787, 19.37046871007653], [-97.62292859978506, 19.37048299970394], [-97.62307960031444, 19.370522619697088], [-97.6232122801096, 19.370534139735454], [-97.62336334029719, 19.370547680406034], [-97.62356602968771, 19.37059276997147], [-97.62374037034827, 19.370618939684096], [-97.62391900031605, 19.370646290268393], [-97.62409975027145, 19.370672460321778], [-97.62434984987622, 19.370699600118343], [-97.62464053969154, 19.370743949652375], [-97.62441307991267, 19.371199089780937], [-97.62428248987437, 19.3711671401394]]]}, "properties": {"CVEGEO": "2110800010078048", "CVE_LOC": "0001", "AGEB": "0078", "MZA": "048", "SECCION": 879, "POBTOT": 3, "P18YMAS": 0, "P18YMAS_H": 0, "P18YMAS_M": 0, "P18A24": 0, "ITER_MATCH": true, "LN_total_sec": 1640, "LN_H_sec": 768, "LN_M_sec": 872, "LN_1839_sec": 820, "LN_estimada": 0, "LN_H_est": 0, "LN_M_est": 0, "LN_1839_est": 0, "rank_seccion": 164, "pct_acum_sec": 100.0, "prioridad_50": false, "prioridad_80": false, "rank_municipal": 961, "pct_acum_LN_mun": 100.0}}, {"type": "Feature", "geometry": {"type": "Polygon", "coordinates": [[[-97.61682184955163, 19.37485525961538], [-97.61694557022741, 19.374654400006865], [-97.61703972023234, 19.374501539653433], [-97.6171258002893, 19.37454888979502], [-97.61729569023967, 19.37464232041102], [-97.61737948997569, 19.374688419627127], [-97.61717885033836, 19.375041509773666], [-97.61682184955163, 19.37485525961538]]]}, "properties": {"CVEGEO": "2110800010059027", "CVE_LOC": "0001", "AGEB": "0059", "MZA": "027", "SECCION": 878, "POBTOT": 34, "P18YMAS": 23, "P18YMAS_H": 9, "P18YMAS_M": 14, "P18A24": 7, "ITER_MATCH": true, "LN_total_sec": 1218, "LN_H_sec": 568, "LN_M_sec": 650, "LN_1839_sec": 631, "LN_estimada": 32, "LN_H_est": 15, "LN_M_est": 17, "LN_1839_est": 17, "rank_seccion": 11, "pct_acum_sec": 36.86, "prioridad_50": true, "prioridad_80": true, "rank_municipal": 97, "pct_acum_LN_mun": 27.43}}, {"type": "Feature", "geometry": {"type": "Polygon", "coordinates": [[[-97.6169735096251, 19.376509489556522], [-97.61717705014144, 19.376141380230404], [-97.61751862003833, 19.37633165958505], [-97.61730991010052, 19.37669020040604], [-97.6169735096251, 19.376509489556522]]]}, "properties": {"CVEGEO": "211080001003A031", "CVE_LOC": "0001", "AGEB": "003A", "MZA": "031", "SECCION": 877, "POBTOT": 14, "P18YMAS": 11, "P18YMAS_H": 5, "P18YMAS_M": 6, "P18A24": 3, "ITER_MATCH": true, "LN_total_sec": 3745, "LN_H_sec": 1798, "LN_M_sec": 1947, "LN_1839_sec": 2000, "LN_estimada": 16, "LN_H_est": 8, "LN_M_est": 9, "LN_1839_est": 9, "rank_seccion": 106, "pct_acum_sec": 87.26, "prioridad_50": false, "prioridad_80": false, "rank_municipal": 422, "pct_acum_LN_mun": 74.68}}, {"type": "Feature", "geometry": {"type": "Polygon", "coordinates": [[[-97.6235592603789, 19.377337229825926], [-97.62374334005456, 19.376990550309873], [-97.62417325968455, 19.377208850072474], [-97.62398335045972, 19.377552400190638], [-97.6235592603789, 19.377337229825926]]]}, "properties": {"CVEGEO": "2110800010010013", "CVE_LOC": "0001", "AGEB": "0010", "MZA": "013", "SECCION": 875, "POBTOT": 23, "P18YMAS": 20, "P18YMAS_H": 10, "P18YMAS_M": 10, "P18A24": 8, "ITER_MATCH": true, "LN_total_sec": 1680, "LN_H_sec": 825, "LN_M_sec": 855, "LN_1839_sec": 803, "LN_estimada": 37, "LN_H_est": 18, "LN_M_est": 19, "LN_1839_est": 18, "rank_seccion": 17, "pct_acum_sec": 50.83, "prioridad_50": true, "prioridad_80": true, "rank_municipal": 59, "pct_acum_LN_mun": 18.77}}, {"type": "Feature", "geometry": {"type": "Polygon", "coordinates": [[[-97.62333625988254, 19.377758779611604], [-97.62353402011536, 19.377404709794202], [-97.62395782040988, 19.37761873978383], [-97.62374710962652, 19.37796753974558], [-97.62333625988254, 19.377758779611604]]]}, "properties": {"CVEGEO": "2110800010010012", "CVE_LOC": "0001", "AGEB": "0010", "MZA": "012", "SECCION": 875, "POBTOT": 0, "P18YMAS": 0, "P18YMAS_H": 0, "P18YMAS_M": 0, "P18A24": 0, "ITER_MATCH": true, "LN_total_sec": 1680, "LN_H_sec": 825, "LN_M_sec": 855, "LN_1839_sec": 803, "LN_estimada": 0, "LN_H_est": 0, "LN_M_est": 0, "LN_1839_est": 0, "rank_seccion": 122, "pct_acum_sec": 100.0, "prioridad_50": false, "prioridad_80": false, "rank_municipal": 962, "pct_acum_LN_mun": 100.0}}, {"type": "Feature", "geometry": {"type": "Polygon", "coordinates": [[[-97.62313185024668, 19.378134139646228], [-97.62319864988105, 19.37800879963797], [-97.62330648011104, 19.377806509555246], [-97.62370938029304, 19.378010149603057], [-97.62352277965394, 19.378336430085433], [-97.62313185024668, 19.378134139646228]]]}, "properties": {"CVEGEO": "2110800010010011", "CVE_LOC": "0001", "AGEB": "0010", "MZA": "011", "SECCION": 875, "POBTOT": 4, "P18YMAS": 0, "P18YMAS_H": 0, "P18YMAS_M": 0, "P18A24": 0, "ITER_MATCH": true, "LN_total_sec": 1680, "LN_H_sec": 825, "LN_M_sec": 855, "LN_1839_sec": 803, "LN_estimada": 0, "LN_H_est": 0, "LN_M_est": 0, "LN_1839_est": 0, "rank_seccion": 123, "pct_acum_sec": 100.0, "prioridad_50": false, "prioridad_80": false, "rank_municipal": 963, "pct_acum_LN_mun": 100.0}}, {"type": "Feature", "geometry": {"type": "Polygon", "coordinates": [[[-97.6018231100939, 19.373955309792674], [-97.60201685996738, 19.3735526902312], [-97.60245537999684, 19.373730949843978], [-97.6022140897094, 19.37412457981187], [-97.6018231100939, 19.373955309792674]]]}, "properties": {"CVEGEO": "2110800850114005", "CVE_LOC": "0085", "AGEB": "0114", "MZA": "005", "SECCION": 879, "POBTOT": 0, "P18YMAS": 0, "P18YMAS_H": 0, "P18YMAS_M": 0, "P18A24": 0, "ITER_MATCH": false, "LN_total_sec": 1640, "LN_H_sec": 768, "LN_M_sec": 872, "LN_1839_sec": 820, "LN_estimada": 0, "LN_H_est": 0, "LN_M_est": 0, "LN_1839_est": 0, "rank_seccion": 165, "pct_acum_sec": 100.0, "prioridad_50": false, "prioridad_80": false, "rank_municipal": 964, "pct_acum_LN_mun": 100.0}}, {"type": "Feature", "geometry": {"type": "Polygon", "coordinates": [[[-97.60184586013516, 19.3745185402888], [-97.60155751006481, 19.37439701962169], [-97.60176606001743, 19.374032659568933], [-97.60215590972962, 19.374198449903425], [-97.60195625045506, 19.374565049796345], [-97.60184586013516, 19.3745185402888]]]}, "properties": {"CVEGEO": "2110800850114006", "CVE_LOC": "0085", "AGEB": "0114", "MZA": "006", "SECCION": 879, "POBTOT": 0, "P18YMAS": 0, "P18YMAS_H": 0, "P18YMAS_M": 0, "P18A24": 0, "ITER_MATCH": false, "LN_total_sec": 1640, "LN_H_sec": 768, "LN_M_sec": 872, "LN_1839_sec": 820, "LN_estimada": 0, "LN_H_est": 0, "LN_M_est": 0, "LN_1839_est": 0, "rank_seccion": 166, "pct_acum_sec": 100.0, "prioridad_50": false, "prioridad_80": false, "rank_municipal": 965, "pct_acum_LN_mun": 100.0}}, {"type": "Feature", "geometry": {"type": "Polygon", "coordinates": [[[-97.60180341988371, 19.374592860350766], [-97.60162849035333, 19.37494264971366], [-97.60131125978052, 19.37478557980018], [-97.6015117501696, 19.374455879852796], [-97.60180341988371, 19.374592860350766]]]}, "properties": {"CVEGEO": "2110800850114007", "CVE_LOC": "0085", "AGEB": "0114", "MZA": "007", "SECCION": 879, "POBTOT": 0, "P18YMAS": 0, "P18YMAS_H": 0, "P18YMAS_M": 0, "P18A24": 0, "ITER_MATCH": false, "LN_total_sec": 1640, "LN_H_sec": 768, "LN_M_sec": 872, "LN_1839_sec": 820, "LN_estimada": 0, "LN_H_est": 0, "LN_M_est": 0, "LN_1839_est": 0, "rank_seccion": 167, "pct_acum_sec": 100.0, "prioridad_50": false, "prioridad_80": false, "rank_municipal": 966, "pct_acum_LN_mun": 100.0}}, {"type": "Feature", "geometry": {"type": "Polygon", "coordinates": [[[-97.60131785026705, 19.375283780061554], [-97.60103734018554, 19.375155550086014], [-97.60127501967006, 19.3748360503862], [-97.60158820030962, 19.374983889751523], [-97.60131785026705, 19.375283780061554]]]}, "properties": {"CVEGEO": "2110800850114008", "CVE_LOC": "0085", "AGEB": "0114", "MZA": "008", "SECCION": 879, "POBTOT": 0, "P18YMAS": 0, "P18YMAS_H": 0, "P18YMAS_M": 0, "P18A24": 0, "ITER_MATCH": false, "LN_total_sec": 1640, "LN_H_sec": 768, "LN_M_sec": 872, "LN_1839_sec": 820, "LN_estimada": 0, "LN_H_est": 0, "LN_M_est": 0, "LN_1839_est": 0, "rank_seccion": 168, "pct_acum_sec": 100.0, "prioridad_50": false, "prioridad_80": false, "rank_municipal": 967, "pct_acum_LN_mun": 100.0}}, {"type": "Feature", "geometry": {"type": "Polygon", "coordinates": [[[-97.5994734901789, 19.372900710432727], [-97.59969215026017, 19.372498889560127], [-97.60009905964746, 19.372700690179624], [-97.59992411962001, 19.373114150392734], [-97.5994734901789, 19.372900710432727]]]}, "properties": {"CVEGEO": "2110800850114013", "CVE_LOC": "0085", "AGEB": "0114", "MZA": "013", "SECCION": 879, "POBTOT": 0, "P18YMAS": 0, "P18YMAS_H": 0, "P18YMAS_M": 0, "P18A24": 0, "ITER_MATCH": false, "LN_total_sec": 1640, "LN_H_sec": 768, "LN_M_sec": 872, "LN_1839_sec": 820, "LN_estimada": 0, "LN_H_est": 0, "LN_M_est": 0, "LN_1839_est": 0, "rank_seccion": 169, "pct_acum_sec": 100.0, "prioridad_50": false, "prioridad_80": false, "rank_municipal": 968, "pct_acum_LN_mun": 100.0}}, {"type": "Feature", "geometry": {"type": "Polygon", "coordinates": [[[-97.5999755501632, 19.3731333996922], [-97.6001567800427, 19.37273822020189], [-97.60058273988886, 19.372930370375776], [-97.60036028002128, 19.373297919793007], [-97.5999755501632, 19.3731333996922]]]}, "properties": {"CVEGEO": "2110800850114003", "CVE_LOC": "0085", "AGEB": "0114", "MZA": "003", "SECCION": 879, "POBTOT": 0, "P18YMAS": 0, "P18YMAS_H": 0, "P18YMAS_M": 0, "P18A24": 0, "ITER_MATCH": false, "LN_total_sec": 1640, "LN_H_sec": 768, "LN_M_sec": 872, "LN_1839_sec": 820, "LN_estimada": 0, "LN_H_est": 0, "LN_M_est": 0, "LN_1839_est": 0, "rank_seccion": 170, "pct_acum_sec": 100.0, "prioridad_50": false, "prioridad_80": false, "rank_municipal": 969, "pct_acum_LN_mun": 100.0}}, {"type": "Feature", "geometry": {"type": "Polygon", "coordinates": [[[-97.60087517010334, 19.375709799642753], [-97.60092568025772, 19.375751849894126], [-97.60105937028939, 19.375869550275237], [-97.60075753970195, 19.376128600060586], [-97.59987097001999, 19.37568457974152], [-97.59983912026796, 19.3756710298762], [-97.59929757041235, 19.37544073974489], [-97.59947336981413, 19.375093910160228], [-97.60087517010334, 19.375709799642753]]]}, "properties": {"CVEGEO": "2110800850114046", "CVE_LOC": "0085", "AGEB": "0114", "MZA": "046", "SECCION": 879, "POBTOT": 0, "P18YMAS": 0, "P18YMAS_H": 0, "P18YMAS_M": 0, "P18A24": 0, "ITER_MATCH": false, "LN_total_sec": 1640, "LN_H_sec": 768, "LN_M_sec": 872, "LN_1839_sec": 820, "LN_estimada": 0, "LN_H_est": 0, "LN_M_est": 0, "LN_1839_est": 0, "rank_seccion": 171, "pct_acum_sec": 100.0, "prioridad_50": false, "prioridad_80": false, "rank_municipal": 970, "pct_acum_LN_mun": 100.0}}, {"type": "Feature", "geometry": {"type": "Polygon", "coordinates": [[[-97.60067932042435, 19.372894880336325], [-97.6007720202261, 19.372798460333573], [-97.6008314298473, 19.372657199609932], [-97.60086470961161, 19.372502489662672], [-97.60144225984286, 19.372753619798736], [-97.60156111044235, 19.372769309853126], [-97.60175363005416, 19.372776029697516], [-97.60151832014252, 19.37324242026315], [-97.60067932042435, 19.372894880336325]]]}, "properties": {"CVEGEO": "2110800850114016", "CVE_LOC": "0085", "AGEB": "0114", "MZA": "016", "SECCION": 879, "POBTOT": 0, "P18YMAS": 0, "P18YMAS_H": 0, "P18YMAS_M": 0, "P18A24": 0, "ITER_MATCH": false, "LN_total_sec": 1640, "LN_H_sec": 768, "LN_M_sec": 872, "LN_1839_sec": 820, "LN_estimada": 0, "LN_H_est": 0, "LN_M_est": 0, "LN_1839_est": 0, "rank_seccion": 172, "pct_acum_sec": 100.0, "prioridad_50": false, "prioridad_80": false, "rank_municipal": 971, "pct_acum_LN_mun": 100.0}}, {"type": "Feature", "geometry": {"type": "Polygon", "coordinates": [[[-97.6015836900775, 19.373279420167723], [-97.60183563020333, 19.37279508974467], [-97.60196635045233, 19.372790620106297], [-97.60211370971409, 19.37283546026664], [-97.60228008958741, 19.372889259695338], [-97.6019829800706, 19.373458800386448], [-97.6015836900775, 19.373279420167723]]]}, "properties": {"CVEGEO": "2110800850114017", "CVE_LOC": "0085", "AGEB": "0114", "MZA": "017", "SECCION": 879, "POBTOT": 0, "P18YMAS": 0, "P18YMAS_H": 0, "P18YMAS_M": 0, "P18A24": 0, "ITER_MATCH": false, "LN_total_sec": 1640, "LN_H_sec": 768, "LN_M_sec": 872, "LN_1839_sec": 820, "LN_estimada": 0, "LN_H_est": 0, "LN_M_est": 0, "LN_1839_est": 0, "rank_seccion": 173, "pct_acum_sec": 100.0, "prioridad_50": false, "prioridad_80": false, "rank_municipal": 972, "pct_acum_LN_mun": 100.0}}, {"type": "Feature", "geometry": {"type": "Polygon", "coordinates": [[[-97.60205489035259, 19.373482889730116], [-97.60218424976885, 19.373215479593846], [-97.6023668504029, 19.372888709927356], [-97.60275307979995, 19.373084909951903], [-97.60247082959829, 19.37365385998076], [-97.60205489035259, 19.373482889730116]]]}, "properties": {"CVEGEO": "2110800850114018", "CVE_LOC": "0085", "AGEB": "0114", "MZA": "018", "SECCION": 879, "POBTOT": 0, "P18YMAS": 0, "P18YMAS_H": 0, "P18YMAS_M": 0, "P18A24": 0, "ITER_MATCH": false, "LN_total_sec": 1640, "LN_H_sec": 768, "LN_M_sec": 872, "LN_1839_sec": 820, "LN_estimada": 0, "LN_H_est": 0, "LN_M_est": 0, "LN_1839_est": 0, "rank_seccion": 174, "pct_acum_sec": 100.0, "prioridad_50": false, "prioridad_80": false, "rank_municipal": 973, "pct_acum_LN_mun": 100.0}}, {"type": "Feature", "geometry": {"type": "Polygon", "coordinates": [[[-97.60283233983341, 19.37312529013247], [-97.60320466010802, 19.373266520362947], [-97.603440449527, 19.373379539930333], [-97.60355451970415, 19.373458460355867], [-97.60363614009358, 19.37357261982015], [-97.60364580026643, 19.373614509934086], [-97.6036420002506, 19.373655769973077], [-97.6036229798476, 19.373668319943103], [-97.6034746595508, 19.373784919638894], [-97.60325219988437, 19.37399120011844], [-97.603100090187, 19.37392842972579], [-97.60279204963415, 19.373795690307052], [-97.60256007986767, 19.37368805959633], [-97.60283233983341, 19.37312529013247]]]}, "properties": {"CVEGEO": "2110800850114019", "CVE_LOC": "0085", "AGEB": "0114", "MZA": "019", "SECCION": 879, "POBTOT": 0, "P18YMAS": 0, "P18YMAS_H": 0, "P18YMAS_M": 0, "P18A24": 0, "ITER_MATCH": false, "LN_total_sec": 1640, "LN_H_sec": 768, "LN_M_sec": 872, "LN_1839_sec": 820, "LN_estimada": 0, "LN_H_est": 0, "LN_M_est": 0, "LN_1839_est": 0, "rank_seccion": 175, "pct_acum_sec": 100.0, "prioridad_50": false, "prioridad_80": false, "rank_municipal": 974, "pct_acum_LN_mun": 100.0}}, {"type": "Feature", "geometry": {"type": "Polygon", "coordinates": [[[-97.60077045999324, 19.372623340313087], [-97.60070808027945, 19.372766280138634], [-97.60061448037028, 19.37286613986807], [-97.60051794027046, 19.37282234038861], [-97.60017626039829, 19.37267660020635], [-97.6003456199186, 19.37228699999309], [-97.60079719981462, 19.372474799977603], [-97.60077045999324, 19.372623340313087]]]}, "properties": {"CVEGEO": "2110800850114015", "CVE_LOC": "0085", "AGEB": "0114", "MZA": "015", "SECCION": 879, "POBTOT": 0, "P18YMAS": 0, "P18YMAS_H": 0, "P18YMAS_M": 0, "P18A24": 0, "ITER_MATCH": false, "LN_total_sec": 1640, "LN_H_sec": 768, "LN_M_sec": 872, "LN_1839_sec": 820, "LN_estimada": 0, "LN_H_est": 0, "LN_M_est": 0, "LN_1839_est": 0, "rank_seccion": 176, "pct_acum_sec": 100.0, "prioridad_50": false, "prioridad_80": false, "rank_municipal": 975, "pct_acum_LN_mun": 100.0}}, {"type": "Feature", "geometry": {"type": "Polygon", "coordinates": [[[-97.5997187400166, 19.372455170065606], [-97.59990888032321, 19.372079600008576], [-97.60029807968827, 19.372261779631742], [-97.6001168500038, 19.372640150317757], [-97.5997187400166, 19.372455170065606]]]}, "properties": {"CVEGEO": "2110800850114014", "CVE_LOC": "0085", "AGEB": "0114", "MZA": "014", "SECCION": 879, "POBTOT": 0, "P18YMAS": 0, "P18YMAS_H": 0, "P18YMAS_M": 0, "P18A24": 0, "ITER_MATCH": false, "LN_total_sec": 1640, "LN_H_sec": 768, "LN_M_sec": 872, "LN_1839_sec": 820, "LN_estimada": 0, "LN_H_est": 0, "LN_M_est": 0, "LN_1839_est": 0, "rank_seccion": 177, "pct_acum_sec": 100.0, "prioridad_50": false, "prioridad_80": false, "rank_municipal": 976, "pct_acum_LN_mun": 100.0}}, {"type": "Feature", "geometry": {"type": "Polygon", "coordinates": [[[-97.60199328003115, 19.372748509862], [-97.6018168000052, 19.372735510223762], [-97.60152028986927, 19.37271935022047], [-97.60112574988514, 19.372562400363822], [-97.60087262046457, 19.372443550031722], [-97.60102461964941, 19.37207165005657], [-97.60147277027068, 19.37227540001529], [-97.60178768954715, 19.372465979587204], [-97.60205508020582, 19.37262854016408], [-97.60219768959662, 19.372712630311128], [-97.60226874986013, 19.372826540155692], [-97.60218342978911, 19.3728090496187], [-97.60199328003115, 19.372748509862]]]}, "properties": {"CVEGEO": "2110800850114037", "CVE_LOC": "0085", "AGEB": "0114", "MZA": "037", "SECCION": 879, "POBTOT": 0, "P18YMAS": 0, "P18YMAS_H": 0, "P18YMAS_M": 0, "P18A24": 0, "ITER_MATCH": false, "LN_total_sec": 1640, "LN_H_sec": 768, "LN_M_sec": 872, "LN_1839_sec": 820, "LN_estimada": 0, "LN_H_est": 0, "LN_M_est": 0, "LN_1839_est": 0, "rank_seccion": 178, "pct_acum_sec": 100.0, "prioridad_50": false, "prioridad_80": false, "rank_municipal": 977, "pct_acum_LN_mun": 100.0}}, {"type": "Feature", "geometry": {"type": "Polygon", "coordinates": [[[-97.59935992026527, 19.371003420239727], [-97.59961579972075, 19.37036753960914], [-97.60003603025704, 19.370565169961864], [-97.599715019952, 19.37126557978837], [-97.59935992026527, 19.371003420239727]]]}, "properties": {"CVEGEO": "2110800850114058", "CVE_LOC": "0085", "AGEB": "0114", "MZA": "058", "SECCION": 879, "POBTOT": 0, "P18YMAS": 0, "P18YMAS_H": 0, "P18YMAS_M": 0, "P18A24": 0, "ITER_MATCH": false, "LN_total_sec": 1640, "LN_H_sec": 768, "LN_M_sec": 872, "LN_1839_sec": 820, "LN_estimada": 0, "LN_H_est": 0, "LN_M_est": 0, "LN_1839_est": 0, "rank_seccion": 179, "pct_acum_sec": 100.0, "prioridad_50": false, "prioridad_80": false, "rank_municipal": 978, "pct_acum_LN_mun": 100.0}}, {"type": "Feature", "geometry": {"type": "Polygon", "coordinates": [[[-97.59959333971048, 19.370294260422696], [-97.59925103022688, 19.3701319804574], [-97.59941882979187, 19.36976682989329], [-97.59974963026323, 19.369908679922926], [-97.59959333971048, 19.370294260422696]]]}, "properties": {"CVEGEO": "2110800850114084", "CVE_LOC": "0085", "AGEB": "0114", "MZA": "084", "SECCION": 879, "POBTOT": 0, "P18YMAS": 0, "P18YMAS_H": 0, "P18YMAS_M": 0, "P18A24": 0, "ITER_MATCH": false, "LN_total_sec": 1640, "LN_H_sec": 768, "LN_M_sec": 872, "LN_1839_sec": 820, "LN_estimada": 0, "LN_H_est": 0, "LN_M_est": 0, "LN_1839_est": 0, "rank_seccion": 180, "pct_acum_sec": 100.0, "prioridad_50": false, "prioridad_80": false, "rank_municipal": 979, "pct_acum_LN_mun": 100.0}}, {"type": "Feature", "geometry": {"type": "Polygon", "coordinates": [[[-97.59943665952864, 19.369716380297216], [-97.59963045993379, 19.369296140051322], [-97.59996380037916, 19.369443879738302], [-97.59977238028999, 19.36985931984895], [-97.59943665952864, 19.369716380297216]]]}, "properties": {"CVEGEO": "2110800850114103", "CVE_LOC": "0085", "AGEB": "0114", "MZA": "103", "SECCION": 879, "POBTOT": 0, "P18YMAS": 0, "P18YMAS_H": 0, "P18YMAS_M": 0, "P18A24": 0, "ITER_MATCH": false, "LN_total_sec": 1640, "LN_H_sec": 768, "LN_M_sec": 872, "LN_1839_sec": 820, "LN_estimada": 0, "LN_H_est": 0, "LN_M_est": 0, "LN_1839_est": 0, "rank_seccion": 181, "pct_acum_sec": 100.0, "prioridad_50": false, "prioridad_80": false, "rank_municipal": 980, "pct_acum_LN_mun": 100.0}}, {"type": "Feature", "geometry": {"type": "Polygon", "coordinates": [[[-97.59951806045366, 19.371814020142104], [-97.59974708991776, 19.37137136960954], [-97.60007957957684, 19.371606600349832], [-97.59989538043546, 19.371982180280153], [-97.59951806045366, 19.371814020142104]]]}, "properties": {"CVEGEO": "2110800850114034", "CVE_LOC": "0085", "AGEB": "0114", "MZA": "034", "SECCION": 879, "POBTOT": 0, "P18YMAS": 0, "P18YMAS_H": 0, "P18YMAS_M": 0, "P18A24": 0, "ITER_MATCH": false, "LN_total_sec": 1640, "LN_H_sec": 768, "LN_M_sec": 872, "LN_1839_sec": 820, "LN_estimada": 0, "LN_H_est": 0, "LN_M_est": 0, "LN_1839_est": 0, "rank_seccion": 182, "pct_acum_sec": 100.0, "prioridad_50": false, "prioridad_80": false, "rank_municipal": 981, "pct_acum_LN_mun": 100.0}}, {"type": "Feature", "geometry": {"type": "Polygon", "coordinates": [[[-97.59904449038592, 19.371618940187926], [-97.59933270973973, 19.371064419660605], [-97.59967939970669, 19.37132988007239], [-97.59944854016624, 19.37179157993351], [-97.59904449038592, 19.371618940187926]]]}, "properties": {"CVEGEO": "2110800850114057", "CVE_LOC": "0085", "AGEB": "0114", "MZA": "057", "SECCION": 879, "POBTOT": 0, "P18YMAS": 0, "P18YMAS_H": 0, "P18YMAS_M": 0, "P18A24": 0, "ITER_MATCH": false, "LN_total_sec": 1640, "LN_H_sec": 768, "LN_M_sec": 872, "LN_1839_sec": 820, "LN_estimada": 0, "LN_H_est": 0, "LN_M_est": 0, "LN_1839_est": 0, "rank_seccion": 183, "pct_acum_sec": 100.0, "prioridad_50": false, "prioridad_80": false, "rank_municipal": 982, "pct_acum_LN_mun": 100.0}}, {"type": "Feature", "geometry": {"type": "Polygon", "coordinates": [[[-97.59897793986515, 19.371603249943053], [-97.59861429023836, 19.371441799605982], [-97.59893039965303, 19.37081397012069], [-97.59927279965967, 19.371018850396744], [-97.59897793986515, 19.371603249943053]]]}, "properties": {"CVEGEO": "2110800850114082", "CVE_LOC": "0085", "AGEB": "0114", "MZA": "082", "SECCION": 879, "POBTOT": 0, "P18YMAS": 0, "P18YMAS_H": 0, "P18YMAS_M": 0, "P18A24": 0, "ITER_MATCH": false, "LN_total_sec": 1640, "LN_H_sec": 768, "LN_M_sec": 872, "LN_1839_sec": 820, "LN_estimada": 0, "LN_H_est": 0, "LN_M_est": 0, "LN_1839_est": 0, "rank_seccion": 184, "pct_acum_sec": 100.0, "prioridad_50": false, "prioridad_80": false, "rank_municipal": 983, "pct_acum_LN_mun": 100.0}}, {"type": "Feature", "geometry": {"type": "Polygon", "coordinates": [[[-97.5983754295605, 19.37395501962586], [-97.59855385967819, 19.37359945019054], [-97.59895685038718, 19.37378858025758], [-97.59877527995776, 19.374155279687642], [-97.5983754295605, 19.37395501962586]]]}, "properties": {"CVEGEO": "2110800850114029", "CVE_LOC": "0085", "AGEB": "0114", "MZA": "029", "SECCION": 879, "POBTOT": 0, "P18YMAS": 0, "P18YMAS_H": 0, "P18YMAS_M": 0, "P18A24": 0, "ITER_MATCH": false, "LN_total_sec": 1640, "LN_H_sec": 768, "LN_M_sec": 872, "LN_1839_sec": 820, "LN_estimada": 0, "LN_H_est": 0, "LN_M_est": 0, "LN_1839_est": 0, "rank_seccion": 185, "pct_acum_sec": 100.0, "prioridad_50": false, "prioridad_80": false, "rank_municipal": 984, "pct_acum_LN_mun": 100.0}}, {"type": "Feature", "geometry": {"type": "Polygon", "coordinates": [[[-97.59814788023994, 19.374392679647457], [-97.5983546899838, 19.373996369758938], [-97.59875374991606, 19.37419679991224], [-97.59855720020602, 19.37458455039237], [-97.59814788023994, 19.374392679647457]]]}, "properties": {"CVEGEO": "2110800850114028", "CVE_LOC": "0085", "AGEB": "0114", "MZA": "028", "SECCION": 879, "POBTOT": 0, "P18YMAS": 0, "P18YMAS_H": 0, "P18YMAS_M": 0, "P18A24": 0, "ITER_MATCH": false, "LN_total_sec": 1640, "LN_H_sec": 768, "LN_M_sec": 872, "LN_1839_sec": 820, "LN_estimada": 0, "LN_H_est": 0, "LN_M_est": 0, "LN_1839_est": 0, "rank_seccion": 186, "pct_acum_sec": 100.0, "prioridad_50": false, "prioridad_80": false, "rank_municipal": 985, "pct_acum_LN_mun": 100.0}}, {"type": "Feature", "geometry": {"type": "Polygon", "coordinates": [[[-97.59796345047934, 19.37481241976751], [-97.59812506015973, 19.374435720276082], [-97.59852868023181, 19.374637369805527], [-97.59834971989496, 19.37498549010886], [-97.59796345047934, 19.37481241976751]]]}, "properties": {"CVEGEO": "2110800850114049", "CVE_LOC": "0085", "AGEB": "0114", "MZA": "049", "SECCION": 879, "POBTOT": 0, "P18YMAS": 0, "P18YMAS_H": 0, "P18YMAS_M": 0, "P18A24": 0, "ITER_MATCH": false, "LN_total_sec": 1640, "LN_H_sec": 768, "LN_M_sec": 872, "LN_1839_sec": 820, "LN_estimada": 0, "LN_H_est": 0, "LN_M_est": 0, "LN_1839_est": 0, "rank_seccion": 187, "pct_acum_sec": 100.0, "prioridad_50": false, "prioridad_80": false, "rank_municipal": 986, "pct_acum_LN_mun": 100.0}}, {"type": "Feature", "geometry": {"type": "Polygon", "coordinates": [[[-97.59794822984237, 19.373763280069912], [-97.59814647996662, 19.373410429551384], [-97.59850656953842, 19.373567379777132], [-97.59832377008671, 19.37393256992921], [-97.59794822984237, 19.373763280069912]]]}, "properties": {"CVEGEO": "2110800850114052", "CVE_LOC": "0085", "AGEB": "0114", "MZA": "052", "SECCION": 879, "POBTOT": 0, "P18YMAS": 0, "P18YMAS_H": 0, "P18YMAS_M": 0, "P18A24": 0, "ITER_MATCH": false, "LN_total_sec": 1640, "LN_H_sec": 768, "LN_M_sec": 872, "LN_1839_sec": 820, "LN_estimada": 0, "LN_H_est": 0, "LN_M_est": 0, "LN_1839_est": 0, "rank_seccion": 188, "pct_acum_sec": 100.0, "prioridad_50": false, "prioridad_80": false, "rank_municipal": 987, "pct_acum_LN_mun": 100.0}}, {"type": "Feature", "geometry": {"type": "Polygon", "coordinates": [[[-97.59773431979471, 19.37420725003563], [-97.59793160011655, 19.373800279640665], [-97.59830474971625, 19.373971820218312], [-97.59809202971681, 19.374375400089598], [-97.59773431979471, 19.37420725003563]]]}, "properties": {"CVEGEO": "2110800850114051", "CVE_LOC": "0085", "AGEB": "0114", "MZA": "051", "SECCION": 879, "POBTOT": 0, "P18YMAS": 0, "P18YMAS_H": 0, "P18YMAS_M": 0, "P18A24": 0, "ITER_MATCH": false, "LN_total_sec": 1640, "LN_H_sec": 768, "LN_M_sec": 872, "LN_1839_sec": 820, "LN_estimada": 0, "LN_H_est": 0, "LN_M_est": 0, "LN_1839_est": 0, "rank_seccion": 189, "pct_acum_sec": 100.0, "prioridad_50": false, "prioridad_80": false, "rank_municipal": 988, "pct_acum_LN_mun": 100.0}}, {"type": "Feature", "geometry": {"type": "Polygon", "coordinates": [[[-97.59751696960068, 19.374639370334165], [-97.5977200596004, 19.37424087985543], [-97.59808608967231, 19.374407920058733], [-97.59790914030151, 19.37478533994074], [-97.59751696960068, 19.374639370334165]]]}, "properties": {"CVEGEO": "2110800850114050", "CVE_LOC": "0085", "AGEB": "0114", "MZA": "050", "SECCION": 879, "POBTOT": 0, "P18YMAS": 0, "P18YMAS_H": 0, "P18YMAS_M": 0, "P18A24": 0, "ITER_MATCH": false, "LN_total_sec": 1640, "LN_H_sec": 768, "LN_M_sec": 872, "LN_1839_sec": 820, "LN_estimada": 0, "LN_H_est": 0, "LN_M_est": 0, "LN_1839_est": 0, "rank_seccion": 190, "pct_acum_sec": 100.0, "prioridad_50": false, "prioridad_80": false, "rank_municipal": 989, "pct_acum_LN_mun": 100.0}}, {"type": "Feature", "geometry": {"type": "Polygon", "coordinates": [[[-97.59730821984186, 19.375074780296863], [-97.59746983021363, 19.374680149566068], [-97.5978857200237, 19.374835710169886], [-97.5976861098558, 19.37525885000874], [-97.59730821984186, 19.375074780296863]]]}, "properties": {"CVEGEO": "2110800850114076", "CVE_LOC": "0085", "AGEB": "0114", "MZA": "076", "SECCION": 879, "POBTOT": 0, "P18YMAS": 0, "P18YMAS_H": 0, "P18YMAS_M": 0, "P18A24": 0, "ITER_MATCH": false, "LN_total_sec": 1640, "LN_H_sec": 768, "LN_M_sec": 872, "LN_1839_sec": 820, "LN_estimada": 0, "LN_H_est": 0, "LN_M_est": 0, "LN_1839_est": 0, "rank_seccion": 191, "pct_acum_sec": 100.0, "prioridad_50": false, "prioridad_80": false, "rank_municipal": 990, "pct_acum_LN_mun": 100.0}}, {"type": "Feature", "geometry": {"type": "Polygon", "coordinates": [[[-97.59773375009752, 19.375282060202004], [-97.59794085956092, 19.374859030042963], [-97.59833071982358, 19.375033939877724], [-97.59810548987319, 19.375461399638567], [-97.59773375009752, 19.375282060202004]]]}, "properties": {"CVEGEO": "2110800850114075", "CVE_LOC": "0085", "AGEB": "0114", "MZA": "075", "SECCION": 879, "POBTOT": 0, "P18YMAS": 0, "P18YMAS_H": 0, "P18YMAS_M": 0, "P18A24": 0, "ITER_MATCH": false, "LN_total_sec": 1640, "LN_H_sec": 768, "LN_M_sec": 872, "LN_1839_sec": 820, "LN_estimada": 0, "LN_H_est": 0, "LN_M_est": 0, "LN_1839_est": 0, "rank_seccion": 192, "pct_acum_sec": 100.0, "prioridad_50": false, "prioridad_80": false, "rank_municipal": 991, "pct_acum_LN_mun": 100.0}}, {"type": "Feature", "geometry": {"type": "Polygon", "coordinates": [[[-97.59816979977874, 19.37549237996508], [-97.59840494029942, 19.375064859887416], [-97.59879694971904, 19.3752601702752], [-97.59859770986722, 19.375681379875818], [-97.59816979977874, 19.37549237996508]]]}, "properties": {"CVEGEO": "2110800850114074", "CVE_LOC": "0085", "AGEB": "0114", "MZA": "074", "SECCION": 879, "POBTOT": 0, "P18YMAS": 0, "P18YMAS_H": 0, "P18YMAS_M": 0, "P18A24": 0, "ITER_MATCH": false, "LN_total_sec": 1640, "LN_H_sec": 768, "LN_M_sec": 872, "LN_1839_sec": 820, "LN_estimada": 0, "LN_H_est": 0, "LN_M_est": 0, "LN_1839_est": 0, "rank_seccion": 193, "pct_acum_sec": 100.0, "prioridad_50": false, "prioridad_80": false, "rank_municipal": 992, "pct_acum_LN_mun": 100.0}}, {"type": "Feature", "geometry": {"type": "Polygon", "coordinates": [[[-97.5991960204651, 19.37545349010248], [-97.59870718010342, 19.37573025967095], [-97.59868378012041, 19.375719420169276], [-97.59864988958817, 19.37570445012046], [-97.59885185990395, 19.3752812896999], [-97.5991960204651, 19.37545349010248]]]}, "properties": {"CVEGEO": "2110800850114073", "CVE_LOC": "0085", "AGEB": "0114", "MZA": "073", "SECCION": 879, "POBTOT": 0, "P18YMAS": 0, "P18YMAS_H": 0, "P18YMAS_M": 0, "P18A24": 0, "ITER_MATCH": false, "LN_total_sec": 1640, "LN_H_sec": 768, "LN_M_sec": 872, "LN_1839_sec": 820, "LN_estimada": 0, "LN_H_est": 0, "LN_M_est": 0, "LN_1839_est": 0, "rank_seccion": 194, "pct_acum_sec": 100.0, "prioridad_50": false, "prioridad_80": false, "rank_municipal": 993, "pct_acum_LN_mun": 100.0}}, {"type": "Feature", "geometry": {"type": "Polygon", "coordinates": [[[-97.59907595015854, 19.375887570409], [-97.59885908036742, 19.37580069013507], [-97.59879058035756, 19.37576893997122], [-97.59926792042351, 19.375512880333456], [-97.59978361969806, 19.375722350439318], [-97.5995942903389, 19.376114229681562], [-97.59907595015854, 19.375887570409]]]}, "properties": {"CVEGEO": "2110800850114072", "CVE_LOC": "0085", "AGEB": "0114", "MZA": "072", "SECCION": 879, "POBTOT": 0, "P18YMAS": 0, "P18YMAS_H": 0, "P18YMAS_M": 0, "P18A24": 0, "ITER_MATCH": false, "LN_total_sec": 1640, "LN_H_sec": 768, "LN_M_sec": 872, "LN_1839_sec": 820, "LN_estimada": 0, "LN_H_est": 0, "LN_M_est": 0, "LN_1839_est": 0, "rank_seccion": 195, "pct_acum_sec": 100.0, "prioridad_50": false, "prioridad_80": false, "rank_municipal": 994, "pct_acum_LN_mun": 100.0}}, {"type": "Feature", "geometry": {"type": "Polygon", "coordinates": [[[-97.6001905099737, 19.37591328957187], [-97.60071195005577, 19.376182549855976], [-97.60057831024447, 19.37630678039807], [-97.60041750997458, 19.376435940056687], [-97.60033479968597, 19.376452750257574], [-97.60010986030072, 19.37635282962829], [-97.59997022984162, 19.37626593989756], [-97.5996463801221, 19.376137019612074], [-97.59984184997019, 19.37574926007738], [-97.6001905099737, 19.37591328957187]]]}, "properties": {"CVEGEO": "2110800850114071", "CVE_LOC": "0085", "AGEB": "0114", "MZA": "071", "SECCION": 879, "POBTOT": 0, "P18YMAS": 0, "P18YMAS_H": 0, "P18YMAS_M": 0, "P18A24": 0, "ITER_MATCH": false, "LN_total_sec": 1640, "LN_H_sec": 768, "LN_M_sec": 872, "LN_1839_sec": 820, "LN_estimada": 0, "LN_H_est": 0, "LN_M_est": 0, "LN_1839_est": 0, "rank_seccion": 196, "pct_acum_sec": 100.0, "prioridad_50": false, "prioridad_80": false, "rank_municipal": 995, "pct_acum_LN_mun": 100.0}}, {"type": "Feature", "geometry": {"type": "Polygon", "coordinates": [[[-97.60208787991854, 19.37770932011885], [-97.6014784302305, 19.377463259568945], [-97.6017635201093, 19.37714374991632], [-97.60225128028063, 19.377364580068182], [-97.60208787991854, 19.37770932011885]]]}, "properties": {"CVEGEO": "2110800850114120", "CVE_LOC": "0085", "AGEB": "0114", "MZA": "120", "SECCION": 879, "POBTOT": 0, "P18YMAS": 0, "P18YMAS_H": 0, "P18YMAS_M": 0, "P18A24": 0, "ITER_MATCH": false, "LN_total_sec": 1640, "LN_H_sec": 768, "LN_M_sec": 872, "LN_1839_sec": 820, "LN_estimada": 0, "LN_H_est": 0, "LN_M_est": 0, "LN_1839_est": 0, "rank_seccion": 197, "pct_acum_sec": 100.0, "prioridad_50": false, "prioridad_80": false, "rank_municipal": 996, "pct_acum_LN_mun": 100.0}}, {"type": "Feature", "geometry": {"type": "Polygon", "coordinates": [[[-97.6023169701628, 19.378360400099634], [-97.60193631958855, 19.37820348997862], [-97.60213243014289, 19.37780459956555], [-97.60249488974769, 19.377967170235287], [-97.6023169701628, 19.378360400099634]]]}, "properties": {"CVEGEO": "2110800850114122", "CVE_LOC": "0085", "AGEB": "0114", "MZA": "122", "SECCION": 879, "POBTOT": 0, "P18YMAS": 0, "P18YMAS_H": 0, "P18YMAS_M": 0, "P18A24": 0, "ITER_MATCH": false, "LN_total_sec": 1640, "LN_H_sec": 768, "LN_M_sec": 872, "LN_1839_sec": 820, "LN_estimada": 0, "LN_H_est": 0, "LN_M_est": 0, "LN_1839_est": 0, "rank_seccion": 198, "pct_acum_sec": 100.0, "prioridad_50": false, "prioridad_80": false, "rank_municipal": 997, "pct_acum_LN_mun": 100.0}}, {"type": "Feature", "geometry": {"type": "Polygon", "coordinates": [[[-97.60217700028275, 19.37774294977426], [-97.60235229038072, 19.377392619829482], [-97.60269691990759, 19.37756076998758], [-97.60252757960897, 19.377902710078715], [-97.60217700028275, 19.37774294977426]]]}, "properties": {"CVEGEO": "2110800850114119", "CVE_LOC": "0085", "AGEB": "0114", "MZA": "119", "SECCION": 879, "POBTOT": 0, "P18YMAS": 0, "P18YMAS_H": 0, "P18YMAS_M": 0, "P18A24": 0, "ITER_MATCH": false, "LN_total_sec": 1640, "LN_H_sec": 768, "LN_M_sec": 872, "LN_1839_sec": 820, "LN_estimada": 0, "LN_H_est": 0, "LN_M_est": 0, "LN_1839_est": 0, "rank_seccion": 199, "pct_acum_sec": 100.0, "prioridad_50": false, "prioridad_80": false, "rank_municipal": 998, "pct_acum_LN_mun": 100.0}}, {"type": "Feature", "geometry": {"type": "Polygon", "coordinates": [[[-97.60183148973964, 19.377075860373115], [-97.60211740004291, 19.376790279967228], [-97.60249123023054, 19.376958250010777], [-97.60231094973157, 19.377296260157504], [-97.60183148973964, 19.377075860373115]]]}, "properties": {"CVEGEO": "2110800850114117", "CVE_LOC": "0085", "AGEB": "0114", "MZA": "117", "SECCION": 879, "POBTOT": 0, "P18YMAS": 0, "P18YMAS_H": 0, "P18YMAS_M": 0, "P18A24": 0, "ITER_MATCH": false, "LN_total_sec": 1640, "LN_H_sec": 768, "LN_M_sec": 872, "LN_1839_sec": 820, "LN_estimada": 0, "LN_H_est": 0, "LN_M_est": 0, "LN_1839_est": 0, "rank_seccion": 200, "pct_acum_sec": 100.0, "prioridad_50": false, "prioridad_80": false, "rank_municipal": 999, "pct_acum_LN_mun": 100.0}}, {"type": "Feature", "geometry": {"type": "Polygon", "coordinates": [[[-97.60238725041177, 19.377324169778248], [-97.60256550989254, 19.376983349846178], [-97.60291251982652, 19.37713583036737], [-97.6027437703827, 19.37748337009594], [-97.60238725041177, 19.377324169778248]]]}, "properties": {"CVEGEO": "2110800850114116", "CVE_LOC": "0085", "AGEB": "0114", "MZA": "116", "SECCION": 879, "POBTOT": 0, "P18YMAS": 0, "P18YMAS_H": 0, "P18YMAS_M": 0, "P18A24": 0, "ITER_MATCH": false, "LN_total_sec": 1640, "LN_H_sec": 768, "LN_M_sec": 872, "LN_1839_sec": 820, "LN_estimada": 0, "LN_H_est": 0, "LN_M_est": 0, "LN_1839_est": 0, "rank_seccion": 201, "pct_acum_sec": 100.0, "prioridad_50": false, "prioridad_80": false, "rank_municipal": 1000, "pct_acum_LN_mun": 100.0}}, {"type": "Feature", "geometry": {"type": "Polygon", "coordinates": [[[-97.60281128047262, 19.377507119865925], [-97.60298049008132, 19.37716631969306], [-97.60335317025388, 19.377334060179404], [-97.60319666026177, 19.377696550283087], [-97.60281128047262, 19.377507119865925]]]}, "properties": {"CVEGEO": "2110800850114115", "CVE_LOC": "0085", "AGEB": "0114", "MZA": "115", "SECCION": 879, "POBTOT": 0, "P18YMAS": 0, "P18YMAS_H": 0, "P18YMAS_M": 0, "P18A24": 0, "ITER_MATCH": false, "LN_total_sec": 1640, "LN_H_sec": 768, "LN_M_sec": 872, "LN_1839_sec": 820, "LN_estimada": 0, "LN_H_est": 0, "LN_M_est": 0, "LN_1839_est": 0, "rank_seccion": 202, "pct_acum_sec": 100.0, "prioridad_50": false, "prioridad_80": false, "rank_municipal": 1001, "pct_acum_LN_mun": 100.0}}, {"type": "Feature", "geometry": {"type": "Polygon", "coordinates": [[[-97.60261511016716, 19.377933290362773], [-97.60277038031133, 19.37759412022767], [-97.60315375024703, 19.377782769884252], [-97.6029927700344, 19.378106140118263], [-97.60261511016716, 19.377933290362773]]]}, "properties": {"CVEGEO": "2110800850114118", "CVE_LOC": "0085", "AGEB": "0114", "MZA": "118", "SECCION": 879, "POBTOT": 0, "P18YMAS": 0, "P18YMAS_H": 0, "P18YMAS_M": 0, "P18A24": 0, "ITER_MATCH": false, "LN_total_sec": 1640, "LN_H_sec": 768, "LN_M_sec": 872, "LN_1839_sec": 820, "LN_estimada": 0, "LN_H_est": 0, "LN_M_est": 0, "LN_1839_est": 0, "rank_seccion": 203, "pct_acum_sec": 100.0, "prioridad_50": false, "prioridad_80": false, "rank_municipal": 1002, "pct_acum_LN_mun": 100.0}}, {"type": "Feature", "geometry": {"type": "Polygon", "coordinates": [[[-97.60243837981399, 19.374781369862564], [-97.60285669018997, 19.374433819977536], [-97.6031110195803, 19.37454368991495], [-97.60288760042455, 19.37497868007436], [-97.60243837981399, 19.374781369862564]]]}, "properties": {"CVEGEO": "2110800850114041", "CVE_LOC": "0085", "AGEB": "0114", "MZA": "041", "SECCION": 879, "POBTOT": 0, "P18YMAS": 0, "P18YMAS_H": 0, "P18YMAS_M": 0, "P18A24": 0, "ITER_MATCH": false, "LN_total_sec": 1640, "LN_H_sec": 768, "LN_M_sec": 872, "LN_1839_sec": 820, "LN_estimada": 0, "LN_H_est": 0, "LN_M_est": 0, "LN_1839_est": 0, "rank_seccion": 204, "pct_acum_sec": 100.0, "prioridad_50": false, "prioridad_80": false, "rank_municipal": 1003, "pct_acum_LN_mun": 100.0}}, {"type": "Feature", "geometry": {"type": "Polygon", "coordinates": [[[-97.60295889016825, 19.375016799790924], [-97.60317757006224, 19.37457732006708], [-97.60358265995373, 19.374758539933875], [-97.60391436970386, 19.37490691995304], [-97.60349288987425, 19.37525577015782], [-97.60295889016825, 19.375016799790924]]]}, "properties": {"CVEGEO": "2110800850114065", "CVE_LOC": "0085", "AGEB": "0114", "MZA": "065", "SECCION": 879, "POBTOT": 0, "P18YMAS": 0, "P18YMAS_H": 0, "P18YMAS_M": 0, "P18A24": 0, "ITER_MATCH": false, "LN_total_sec": 1640, "LN_H_sec": 768, "LN_M_sec": 872, "LN_1839_sec": 820, "LN_estimada": 0, "LN_H_est": 0, "LN_M_est": 0, "LN_1839_est": 0, "rank_seccion": 205, "pct_acum_sec": 100.0, "prioridad_50": false, "prioridad_80": false, "rank_municipal": 1004, "pct_acum_LN_mun": 100.0}}, {"type": "Feature", "geometry": {"type": "Polygon", "coordinates": [[[-97.60383923011422, 19.375414889830655], [-97.60354516972076, 19.37528380038743], [-97.60396408989995, 19.37493906028918], [-97.60445131979358, 19.375149260149545], [-97.6042493096051, 19.37559770972593], [-97.60383923011422, 19.375414889830655]]]}, "properties": {"CVEGEO": "2110800850114093", "CVE_LOC": "0085", "AGEB": "0114", "MZA": "093", "SECCION": 879, "POBTOT": 0, "P18YMAS": 0, "P18YMAS_H": 0, "P18YMAS_M": 0, "P18A24": 0, "ITER_MATCH": false, "LN_total_sec": 1640, "LN_H_sec": 768, "LN_M_sec": 872, "LN_1839_sec": 820, "LN_estimada": 0, "LN_H_est": 0, "LN_M_est": 0, "LN_1839_est": 0, "rank_seccion": 206, "pct_acum_sec": 100.0, "prioridad_50": false, "prioridad_80": false, "rank_municipal": 1005, "pct_acum_LN_mun": 100.0}}, {"type": "Feature", "geometry": {"type": "Polygon", "coordinates": [[[-97.60330297979124, 19.374039830382536], [-97.60365712031467, 19.37372143007032], [-97.60371225976301, 19.373677490161054], [-97.60376171034788, 19.373659549949224], [-97.60382065029995, 19.373652369907436], [-97.60389480027662, 19.373662249934732], [-97.6040240901004, 19.373710680093836], [-97.60405547982384, 19.373726819680375], [-97.60379972015077, 19.374270769576324], [-97.60330297979124, 19.374039830382536]]]}, "properties": {"CVEGEO": "2110800850114039", "CVE_LOC": "0085", "AGEB": "0114", "MZA": "039", "SECCION": 879, "POBTOT": 0, "P18YMAS": 0, "P18YMAS_H": 0, "P18YMAS_M": 0, "P18A24": 0, "ITER_MATCH": false, "LN_total_sec": 1640, "LN_H_sec": 768, "LN_M_sec": 872, "LN_1839_sec": 820, "LN_estimada": 0, "LN_H_est": 0, "LN_M_est": 0, "LN_1839_est": 0, "rank_seccion": 207, "pct_acum_sec": 100.0, "prioridad_50": false, "prioridad_80": false, "rank_municipal": 1006, "pct_acum_LN_mun": 100.0}}, {"type": "Feature", "geometry": {"type": "Polygon", "coordinates": [[[-97.60317534990652, 19.374490769873262], [-97.60292744968926, 19.37438288995558], [-97.60325781975597, 19.374082430029585], [-97.60377595034159, 19.374324580120902], [-97.60360245969449, 19.37467662040339], [-97.60317534990652, 19.374490769873262]]]}, "properties": {"CVEGEO": "2110800850114040", "CVE_LOC": "0085", "AGEB": "0114", "MZA": "040", "SECCION": 879, "POBTOT": 0, "P18YMAS": 0, "P18YMAS_H": 0, "P18YMAS_M": 0, "P18A24": 0, "ITER_MATCH": false, "LN_total_sec": 1640, "LN_H_sec": 768, "LN_M_sec": 872, "LN_1839_sec": 820, "LN_estimada": 0, "LN_H_est": 0, "LN_M_est": 0, "LN_1839_est": 0, "rank_seccion": 208, "pct_acum_sec": 100.0, "prioridad_50": false, "prioridad_80": false, "rank_municipal": 1007, "pct_acum_LN_mun": 100.0}}, {"type": "Feature", "geometry": {"type": "Polygon", "coordinates": [[[-97.60454431977561, 19.3741254000075], [-97.60446161987419, 19.374196259887928], [-97.60439981988257, 19.374290429836154], [-97.60437699956901, 19.374381019850507], [-97.60430757967035, 19.374511059997516], [-97.60386834995437, 19.37430208974519], [-97.60412235028826, 19.373753880224317], [-97.60444265032126, 19.37392877020785], [-97.6044924496774, 19.373951859760215], [-97.60464033975194, 19.374020479893098], [-97.60454431977561, 19.3741254000075]]]}, "properties": {"CVEGEO": "2110800850114063", "CVE_LOC": "0085", "AGEB": "0114", "MZA": "063", "SECCION": 879, "POBTOT": 0, "P18YMAS": 0, "P18YMAS_H": 0, "P18YMAS_M": 0, "P18A24": 0, "ITER_MATCH": false, "LN_total_sec": 1640, "LN_H_sec": 768, "LN_M_sec": 872, "LN_1839_sec": 820, "LN_estimada": 0, "LN_H_est": 0, "LN_M_est": 0, "LN_1839_est": 0, "rank_seccion": 209, "pct_acum_sec": 100.0, "prioridad_50": false, "prioridad_80": false, "rank_municipal": 1008, "pct_acum_LN_mun": 100.0}}, {"type": "Feature", "geometry": {"type": "Polygon", "coordinates": [[[-97.60413550954586, 19.37475950983555], [-97.60398340031793, 19.374858149759188], [-97.6036582495464, 19.374709280077887], [-97.60384458007572, 19.374348719984408], [-97.60427051028537, 19.37454782989814], [-97.60422298042411, 19.3746698202375], [-97.60413550954586, 19.37475950983555]]]}, "properties": {"CVEGEO": "2110800850114064", "CVE_LOC": "0085", "AGEB": "0114", "MZA": "064", "SECCION": 879, "POBTOT": 0, "P18YMAS": 0, "P18YMAS_H": 0, "P18YMAS_M": 0, "P18A24": 0, "ITER_MATCH": false, "LN_total_sec": 1640, "LN_H_sec": 768, "LN_M_sec": 872, "LN_1839_sec": 820, "LN_estimada": 0, "LN_H_est": 0, "LN_M_est": 0, "LN_1839_est": 0, "rank_seccion": 210, "pct_acum_sec": 100.0, "prioridad_50": false, "prioridad_80": false, "rank_municipal": 1009, "pct_acum_LN_mun": 100.0}}, {"type": "Feature", "geometry": {"type": "Polygon", "coordinates": [[[-97.6058956496735, 19.37253002008939], [-97.60578821989279, 19.372541459888502], [-97.60587020017921, 19.372366550339365], [-97.60585242980923, 19.372358739874645], [-97.605834549941, 19.37235086005765], [-97.60574304988123, 19.372535849824637], [-97.6053703695372, 19.37236893973906], [-97.60553197972706, 19.372031710276364], [-97.6055063798335, 19.37202011994429], [-97.6054844503445, 19.37201017993009], [-97.60531523021633, 19.372342029789294], [-97.6049444504596, 19.37216624978727], [-97.60512318022663, 19.371814659771925], [-97.60509737042322, 19.371800049572077], [-97.60506613963092, 19.37178237039071], [-97.6048854902914, 19.372141140067917], [-97.6045109197188, 19.371968919539967], [-97.60425803034451, 19.37185591995139], [-97.6043568904519, 19.371574290238343], [-97.60448114038283, 19.371387720133466], [-97.60537445988754, 19.371762630198663], [-97.60605965014278, 19.37209472010977], [-97.60596551985, 19.372419169740947], [-97.60592701995004, 19.372505799665635], [-97.6058956496735, 19.37253002008939]]]}, "properties": {"CVEGEO": "2110800850114106", "CVE_LOC": "0085", "AGEB": "0114", "MZA": "106", "SECCION": 879, "POBTOT": 0, "P18YMAS": 0, "P18YMAS_H": 0, "P18YMAS_M": 0, "P18A24": 0, "ITER_MATCH": false, "LN_total_sec": 1640, "LN_H_sec": 768, "LN_M_sec": 872, "LN_1839_sec": 820, "LN_estimada": 0, "LN_H_est": 0, "LN_M_est": 0, "LN_1839_est": 0, "rank_seccion": 211, "pct_acum_sec": 100.0, "prioridad_50": false, "prioridad_80": false, "rank_municipal": 1010, "pct_acum_LN_mun": 100.0}}, {"type": "Feature", "geometry": {"type": "Polygon", "coordinates": [[[-97.60653078008285, 19.37334357026766], [-97.60622273959994, 19.373343570270343], [-97.6057504204595, 19.37334021985489], [-97.60582457019669, 19.37298368958133], [-97.60590157989708, 19.372715970328088], [-97.60597228963087, 19.372559280013903], [-97.60602423011008, 19.37244422010566], [-97.60606842985226, 19.372306979960346], [-97.60612560047629, 19.37212668998532], [-97.60712437979566, 19.37255470964114], [-97.60896688030111, 19.373270480198393], [-97.6088896301697, 19.373351750034693], [-97.60795080043576, 19.373357369627854], [-97.60691095020151, 19.373287290223246], [-97.60675050979707, 19.37332654036452], [-97.60653078008285, 19.37334357026766]]]}, "properties": {"CVEGEO": "2110800850114107", "CVE_LOC": "0085", "AGEB": "0114", "MZA": "107", "SECCION": 877, "POBTOT": 0, "P18YMAS": 0, "P18YMAS_H": 0, "P18YMAS_M": 0, "P18A24": 0, "ITER_MATCH": false, "LN_total_sec": 3745, "LN_H_sec": 1798, "LN_M_sec": 1947, "LN_1839_sec": 2000, "LN_estimada": 0, "LN_H_est": 0, "LN_M_est": 0, "LN_1839_est": 0, "rank_seccion": 178, "pct_acum_sec": 100.0, "prioridad_50": false, "prioridad_80": false, "rank_municipal": 1011, "pct_acum_LN_mun": 100.0}}, {"type": "Feature", "geometry": {"type": "Polygon", "coordinates": [[[-97.60647125041174, 19.374122520161546], [-97.60626028963998, 19.37461020037256], [-97.60623653964346, 19.3747671502709], [-97.60610580037648, 19.375010979981806], [-97.60582951028968, 19.37548465000325], [-97.60582357035182, 19.375638799781697], [-97.60580226023289, 19.37571518035957], [-97.60553364965035, 19.375552249866566], [-97.60530834029615, 19.375432079724014], [-97.6045620195678, 19.375121750196904], [-97.60457722984854, 19.375071519896412], [-97.604925180377, 19.374357619999124], [-97.6050678004271, 19.374065229925066], [-97.6051229397646, 19.37397554016168], [-97.60519519999757, 19.37390019967839], [-97.60527506025937, 19.373808720169933], [-97.60535871969093, 19.3737226199086], [-97.60542908030054, 19.37364189006396], [-97.60554697038299, 19.373541449572937], [-97.6056705498592, 19.37343742028877], [-97.60580555011342, 19.37342665013658], [-97.60604133956447, 19.373415880112066], [-97.60636077995356, 19.373419480403246], [-97.60656613968759, 19.373410510170856], [-97.60665169035452, 19.373405119859136], [-97.60668218036815, 19.373421830024395], [-97.6065603704253, 19.373752549819656], [-97.60647125041174, 19.374122520161546]]]}, "properties": {"CVEGEO": "2110800850114108", "CVE_LOC": "0085", "AGEB": "0114", "MZA": "108", "SECCION": 879, "POBTOT": 0, "P18YMAS": 0, "P18YMAS_H": 0, "P18YMAS_M": 0, "P18A24": 0, "ITER_MATCH": false, "LN_total_sec": 1640, "LN_H_sec": 768, "LN_M_sec": 872, "LN_1839_sec": 820, "LN_estimada": 0, "LN_H_est": 0, "LN_M_est": 0, "LN_1839_est": 0, "rank_seccion": 212, "pct_acum_sec": 100.0, "prioridad_50": false, "prioridad_80": false, "rank_municipal": 1012, "pct_acum_LN_mun": 100.0}}, {"type": "Feature", "geometry": {"type": "Polygon", "coordinates": [[[-97.60573003038061, 19.37598633968027], [-97.60530697008416, 19.377172450310287], [-97.60498372004297, 19.37797290990117], [-97.60492191992033, 19.37798859976189], [-97.60477932008352, 19.37792805992421], [-97.60467234967685, 19.377867519626275], [-97.60433248017691, 19.377732979676683], [-97.60345811009024, 19.377311219726064], [-97.60364745999469, 19.376948320180958], [-97.60388512010385, 19.376487579668268], [-97.60398195034973, 19.37629822956395], [-97.60410603033681, 19.376033939896388], [-97.6043123396801, 19.375654720308283], [-97.60454763042789, 19.375147979952956], [-97.60501586015815, 19.375338570424987], [-97.60530108003996, 19.37545516967965], [-97.60549122958498, 19.375558309576085], [-97.60579430963463, 19.375743649556814], [-97.60573003038061, 19.37598633968027]]]}, "properties": {"CVEGEO": "2110800850114109", "CVE_LOC": "0085", "AGEB": "0114", "MZA": "109", "SECCION": 879, "POBTOT": 0, "P18YMAS": 0, "P18YMAS_H": 0, "P18YMAS_M": 0, "P18A24": 0, "ITER_MATCH": false, "LN_total_sec": 1640, "LN_H_sec": 768, "LN_M_sec": 872, "LN_1839_sec": 820, "LN_estimada": 0, "LN_H_est": 0, "LN_M_est": 0, "LN_1839_est": 0, "rank_seccion": 213, "pct_acum_sec": 100.0, "prioridad_50": false, "prioridad_80": false, "rank_municipal": 1013, "pct_acum_LN_mun": 100.0}}, {"type": "Feature", "geometry": {"type": "Polygon", "coordinates": [[[-97.57214311027471, 19.277915020369928], [-97.57200717019289, 19.27839779976558], [-97.57190297983404, 19.278808659830077], [-97.57145236957595, 19.278776540370597], [-97.5716321803792, 19.27787212033963], [-97.57214311027471, 19.277915020369928]]]}, "properties": {"CVEGEO": "2110800350133040", "CVE_LOC": "0035", "AGEB": "0133", "MZA": "040", "SECCION": 882, "POBTOT": 0, "P18YMAS": 0, "P18YMAS_H": 0, "P18YMAS_M": 0, "P18A24": 0, "ITER_MATCH": false, "LN_total_sec": 2061, "LN_H_sec": 985, "LN_M_sec": 1076, "LN_1839_sec": 1194, "LN_estimada": 13, "LN_H_est": 6, "LN_M_est": 7, "LN_1839_est": 7, "rank_seccion": 113, "pct_acum_sec": 71.28, "prioridad_50": false, "prioridad_80": true, "rank_municipal": 613, "pct_acum_LN_mun": 92.28}}, {"type": "Feature", "geometry": {"type": "Polygon", "coordinates": [[[-97.57286974034625, 19.282551979915414], [-97.57268194029034, 19.283440290237834], [-97.57168408996978, 19.283459320365502], [-97.57192389045615, 19.28258360006467], [-97.57286974034625, 19.282551979915414]]]}, "properties": {"CVEGEO": "2110800350133025", "CVE_LOC": "0035", "AGEB": "0133", "MZA": "025", "SECCION": 882, "POBTOT": 0, "P18YMAS": 0, "P18YMAS_H": 0, "P18YMAS_M": 0, "P18A24": 0, "ITER_MATCH": false, "LN_total_sec": 2061, "LN_H_sec": 985, "LN_M_sec": 1076, "LN_1839_sec": 1194, "LN_estimada": 13, "LN_H_est": 6, "LN_M_est": 7, "LN_1839_est": 7, "rank_seccion": 114, "pct_acum_sec": 71.91, "prioridad_50": false, "prioridad_80": true, "rank_municipal": 614, "pct_acum_LN_mun": 92.36}}, {"type": "Feature", "geometry": {"type": "Polygon", "coordinates": [[[-97.573175090192, 19.281590580101685], [-97.57290530989054, 19.28247566038397], [-97.57195258024149, 19.2825116203789], [-97.57221594995302, 19.281627549881733], [-97.573175090192, 19.281590580101685]]]}, "properties": {"CVEGEO": "2110800350133024", "CVE_LOC": "0035", "AGEB": "0133", "MZA": "024", "SECCION": 882, "POBTOT": 0, "P18YMAS": 0, "P18YMAS_H": 0, "P18YMAS_M": 0, "P18A24": 0, "ITER_MATCH": false, "LN_total_sec": 2061, "LN_H_sec": 985, "LN_M_sec": 1076, "LN_1839_sec": 1194, "LN_estimada": 13, "LN_H_est": 6, "LN_M_est": 7, "LN_1839_est": 7, "rank_seccion": 115, "pct_acum_sec": 72.54, "prioridad_50": false, "prioridad_80": true, "rank_municipal": 615, "pct_acum_LN_mun": 92.45}}, {"type": "Feature", "geometry": {"type": "Polygon", "coordinates": [[[-97.57274905977822, 19.281545290168122], [-97.57223545045008, 19.28156031976392], [-97.5724726901438, 19.280695749973255], [-97.57343054025878, 19.28065845005659], [-97.57319815000818, 19.28152810982276], [-97.57274905977822, 19.281545290168122]]]}, "properties": {"CVEGEO": "2110800350133023", "CVE_LOC": "0035", "AGEB": "0133", "MZA": "023", "SECCION": 882, "POBTOT": 0, "P18YMAS": 0, "P18YMAS_H": 0, "P18YMAS_M": 0, "P18A24": 0, "ITER_MATCH": false, "LN_total_sec": 2061, "LN_H_sec": 985, "LN_M_sec": 1076, "LN_1839_sec": 1194, "LN_estimada": 13, "LN_H_est": 6, "LN_M_est": 7, "LN_1839_est": 7, "rank_seccion": 116, "pct_acum_sec": 73.17, "prioridad_50": false, "prioridad_80": true, "rank_municipal": 616, "pct_acum_LN_mun": 92.54}}, {"type": "Feature", "geometry": {"type": "Polygon", "coordinates": [[[-97.56699699968132, 19.281774619801883], [-97.56607488026094, 19.281823649906393], [-97.56632691973454, 19.280929949921855], [-97.56724491995337, 19.28089177995322], [-97.56699699968132, 19.281774619801883]]]}, "properties": {"CVEGEO": "2110800350133022", "CVE_LOC": "0035", "AGEB": "0133", "MZA": "022", "SECCION": 882, "POBTOT": 0, "P18YMAS": 0, "P18YMAS_H": 0, "P18YMAS_M": 0, "P18A24": 0, "ITER_MATCH": false, "LN_total_sec": 2061, "LN_H_sec": 985, "LN_M_sec": 1076, "LN_1839_sec": 1194, "LN_estimada": 13, "LN_H_est": 6, "LN_M_est": 6, "LN_1839_est": 7, "rank_seccion": 117, "pct_acum_sec": 73.8, "prioridad_50": false, "prioridad_80": true, "rank_municipal": 617, "pct_acum_LN_mun": 92.63}}, {"type": "Feature", "geometry": {"type": "Polygon", "coordinates": [[[-97.53909167991391, 19.338600079955274], [-97.53917428984968, 19.338635649677666], [-97.5393134802514, 19.338737880355684], [-97.53883457996413, 19.33934636970678], [-97.53814388996746, 19.338819509560203], [-97.53837978018366, 19.338505570087985], [-97.53845362994244, 19.33841463019544], [-97.53893066014173, 19.33854228991974], [-97.53909167991391, 19.338600079955274]]]}, "properties": {"CVEGEO": "2110800030114027", "CVE_LOC": "0003", "AGEB": "0114", "MZA": "027", "SECCION": 881, "POBTOT": 0, "P18YMAS": 0, "P18YMAS_H": 0, "P18YMAS_M": 0, "P18A24": 0, "ITER_MATCH": false, "LN_total_sec": 1115, "LN_H_sec": 551, "LN_M_sec": 564, "LN_1839_sec": 548, "LN_estimada": 22, "LN_H_est": 11, "LN_M_est": 11, "LN_1839_est": 11, "rank_seccion": 38, "pct_acum_sec": 74.98, "prioridad_50": false, "prioridad_80": true, "rank_municipal": 251, "pct_acum_LN_mun": 54.23}}, {"type": "Feature", "geometry": {"type": "Polygon", "coordinates": [[[-97.53725633972229, 19.3381817202841], [-97.5372875202262, 19.338145059674208], [-97.53786560035505, 19.338258020062312], [-97.53836282041902, 19.338384650243448], [-97.53806448018179, 19.338762259583554], [-97.53769233954107, 19.338496950304954], [-97.53725633972229, 19.3381817202841]]]}, "properties": {"CVEGEO": "2110800030114026", "CVE_LOC": "0003", "AGEB": "0114", "MZA": "026", "SECCION": 881, "POBTOT": 0, "P18YMAS": 0, "P18YMAS_H": 0, "P18YMAS_M": 0, "P18A24": 0, "ITER_MATCH": false, "LN_total_sec": 1115, "LN_H_sec": 551, "LN_M_sec": 564, "LN_1839_sec": 548, "LN_estimada": 22, "LN_H_est": 11, "LN_M_est": 11, "LN_1839_est": 10, "rank_seccion": 39, "pct_acum_sec": 76.95, "prioridad_50": false, "prioridad_80": true, "rank_municipal": 252, "pct_acum_LN_mun": 54.38}}, {"type": "Feature", "geometry": {"type": "Polygon", "coordinates": [[[-97.6121779498638, 19.38259394014542], [-97.61189002019097, 19.38307318042351], [-97.6110759701052, 19.382823749919925], [-97.61148404975272, 19.382126909974502], [-97.61188217999859, 19.38144702998504], [-97.61224945020747, 19.381637939970037], [-97.61211180001784, 19.38188566010983], [-97.61214305023879, 19.38190251007444], [-97.61216389045205, 19.381919339583416], [-97.61230471018483, 19.38167097998704], [-97.61263809001939, 19.381828080154918], [-97.6121779498638, 19.38259394014542]]]}, "properties": {"CVEGEO": "2110800010171036", "CVE_LOC": "0001", "AGEB": "0171", "MZA": "036", "SECCION": 877, "POBTOT": 49, "P18YMAS": 31, "P18YMAS_H": 15, "P18YMAS_M": 16, "P18A24": 8, "ITER_MATCH": true, "LN_total_sec": 3745, "LN_H_sec": 1798, "LN_M_sec": 1947, "LN_1839_sec": 2000, "LN_estimada": 47, "LN_H_est": 22, "LN_M_est": 24, "LN_1839_est": 25, "rank_seccion": 11, "pct_acum_sec": 15.57, "prioridad_50": true, "prioridad_80": true, "rank_municipal": 30, "pct_acum_LN_mun": 10.78}}, {"type": "Feature", "geometry": {"type": "Polygon", "coordinates": [[[-97.61060373954184, 19.381657599859395], [-97.61024165031591, 19.381482489570544], [-97.6106002297585, 19.380825310153828], [-97.61096595045291, 19.38099688042522], [-97.61060373954184, 19.381657599859395]]]}, "properties": {"CVEGEO": "2110800010171008", "CVE_LOC": "0001", "AGEB": "0171", "MZA": "008", "SECCION": 877, "POBTOT": 40, "P18YMAS": 25, "P18YMAS_H": 13, "P18YMAS_M": 12, "P18A24": 7, "ITER_MATCH": true, "LN_total_sec": 3745, "LN_H_sec": 1798, "LN_M_sec": 1947, "LN_1839_sec": 2000, "LN_estimada": 38, "LN_H_est": 18, "LN_M_est": 20, "LN_1839_est": 20, "rank_seccion": 26, "pct_acum_sec": 31.96, "prioridad_50": true, "prioridad_80": true, "rank_municipal": 56, "pct_acum_LN_mun": 18.01}}, {"type": "Feature", "geometry": {"type": "Polygon", "coordinates": [[[-97.53920688007396, 19.34073853988545], [-97.53997800039865, 19.34128238044413], [-97.53949919957041, 19.341891910035873], [-97.53874115019535, 19.34134982045864], [-97.53920688007396, 19.34073853988545]]]}, "properties": {"CVEGEO": "2110800030114005", "CVE_LOC": "0003", "AGEB": "0114", "MZA": "005", "SECCION": 881, "POBTOT": 0, "P18YMAS": 0, "P18YMAS_H": 0, "P18YMAS_M": 0, "P18A24": 0, "ITER_MATCH": false, "LN_total_sec": 1115, "LN_H_sec": 551, "LN_M_sec": 564, "LN_1839_sec": 548, "LN_estimada": 22, "LN_H_est": 11, "LN_M_est": 11, "LN_1839_est": 10, "rank_seccion": 40, "pct_acum_sec": 78.92, "prioridad_50": false, "prioridad_80": true, "rank_municipal": 253, "pct_acum_LN_mun": 54.53}}, {"type": "Feature", "geometry": {"type": "Polygon", "coordinates": [[[-97.53717382994694, 19.338225579736186], [-97.5373511100624, 19.338365720172597], [-97.53756681955738, 19.338514030004177], [-97.53772817954486, 19.338635539985447], [-97.53786212047672, 19.33873059996222], [-97.53800519994464, 19.338835539851424], [-97.5378791197668, 19.338995680132182], [-97.53778295010446, 19.339122970445484], [-97.53750260038663, 19.339444259564758], [-97.53668002001372, 19.33883248955497], [-97.53717382994694, 19.338225579736186]]]}, "properties": {"CVEGEO": "2110800030114012", "CVE_LOC": "0003", "AGEB": "0114", "MZA": "012", "SECCION": 881, "POBTOT": 0, "P18YMAS": 0, "P18YMAS_H": 0, "P18YMAS_M": 0, "P18A24": 0, "ITER_MATCH": false, "LN_total_sec": 1115, "LN_H_sec": 551, "LN_M_sec": 564, "LN_1839_sec": 548, "LN_estimada": 22, "LN_H_est": 11, "LN_M_est": 11, "LN_1839_est": 10, "rank_seccion": 41, "pct_acum_sec": 80.9, "prioridad_50": false, "prioridad_80": true, "rank_municipal": 254, "pct_acum_LN_mun": 54.68}}, {"type": "Feature", "geometry": {"type": "Polygon", "coordinates": [[[-97.64914277027101, 19.367678719843475], [-97.64936929008368, 19.367403820299458], [-97.64969685006335, 19.367638719597878], [-97.64943193975239, 19.367931860399267], [-97.64914277027101, 19.367678719843475]]]}, "properties": {"CVEGEO": "211080008010A031", "CVE_LOC": "0008", "AGEB": "010A", "MZA": "031", "SECCION": 875, "POBTOT": 0, "P18YMAS": 0, "P18YMAS_H": 0, "P18YMAS_M": 0, "P18A24": 0, "ITER_MATCH": false, "LN_total_sec": 1680, "LN_H_sec": 825, "LN_M_sec": 855, "LN_1839_sec": 803, "LN_estimada": 0, "LN_H_est": 0, "LN_M_est": 0, "LN_1839_est": 0, "rank_seccion": 124, "pct_acum_sec": 100.0, "prioridad_50": false, "prioridad_80": false, "rank_municipal": 1014, "pct_acum_LN_mun": 100.0}}, {"type": "Feature", "geometry": {"type": "Polygon", "coordinates": [[[-97.62117257024609, 19.376094420061925], [-97.6213478596687, 19.375765979996995], [-97.62139109040922, 19.37578776958364], [-97.62143457006387, 19.375809659728827], [-97.62147805958739, 19.37583157008785], [-97.62152153958316, 19.37585348015838], [-97.62160849039545, 19.375897290026217], [-97.6216956602719, 19.37594117960953], [-97.62164989013799, 19.37602465992945], [-97.62162381968952, 19.376072179722026], [-97.62159775046102, 19.376119720395124], [-97.62157882036723, 19.376154230361525], [-97.62151320000577, 19.3762738897951], [-97.62117257024609, 19.376094420061925]]]}, "properties": {"CVEGEO": "2110800010152003", "CVE_LOC": "0001", "AGEB": "0152", "MZA": "003", "SECCION": 2747, "POBTOT": 27, "P18YMAS": 21, "P18YMAS_H": 7, "P18YMAS_M": 14, "P18A24": 0, "ITER_MATCH": true, "LN_total_sec": 923, "LN_H_sec": 421, "LN_M_sec": 502, "LN_1839_sec": 436, "LN_estimada": 27, "LN_H_est": 12, "LN_M_est": 15, "LN_1839_est": 13, "rank_seccion": 12, "pct_acum_sec": 46.91, "prioridad_50": true, "prioridad_80": true, "rank_municipal": 156, "pct_acum_LN_mun": 39.16}}, {"type": "Feature", "geometry": {"type": "Polygon", "coordinates": [[[-97.6379793804516, 19.410697940367097], [-97.63768553978288, 19.411018830080298], [-97.63737226012546, 19.410750290436933], [-97.63765656963673, 19.410459229864763], [-97.6379793804516, 19.410697940367097]]]}, "properties": {"CVEGEO": "211080005010A081", "CVE_LOC": "0005", "AGEB": "010A", "MZA": "081", "SECCION": 876, "POBTOT": 0, "P18YMAS": 0, "P18YMAS_H": 0, "P18YMAS_M": 0, "P18A24": 0, "ITER_MATCH": false, "LN_total_sec": 1428, "LN_H_sec": 662, "LN_M_sec": 766, "LN_1839_sec": 812, "LN_estimada": 16, "LN_H_est": 7, "LN_M_est": 8, "LN_1839_est": 9, "rank_seccion": 72, "pct_acum_sec": 80.95, "prioridad_50": false, "prioridad_80": true, "rank_municipal": 423, "pct_acum_LN_mun": 74.78}}, {"type": "Feature", "geometry": {"type": "Polygon", "coordinates": [[[-97.62120235012328, 19.37661890981409], [-97.62113569014281, 19.376583030350176], [-97.62108800007483, 19.376557349966877], [-97.62106901973817, 19.376547119738362], [-97.6209348596613, 19.376474910318], [-97.62094628992658, 19.3764565702957], [-97.62097946008315, 19.376403400286158], [-97.6210126496471, 19.376350219959253], [-97.62104581975181, 19.37629704994156], [-97.62113390988931, 19.3761558303394], [-97.621472120072, 19.376333030272285], [-97.62143655000452, 19.376389110080417], [-97.62142295043951, 19.376410549608373], [-97.62140934957375, 19.376431970064196], [-97.62132780009075, 19.376560509809998], [-97.62127342964551, 19.376646199821543], [-97.62126822997986, 19.376654369645962], [-97.62120235012328, 19.37661890981409]]]}, "properties": {"CVEGEO": "2110800010152002", "CVE_LOC": "0001", "AGEB": "0152", "MZA": "002", "SECCION": 2747, "POBTOT": 20, "P18YMAS": 12, "P18YMAS_H": 6, "P18YMAS_M": 6, "P18A24": 4, "ITER_MATCH": true, "LN_total_sec": 923, "LN_H_sec": 421, "LN_M_sec": 502, "LN_1839_sec": 436, "LN_estimada": 16, "LN_H_est": 7, "LN_M_est": 8, "LN_1839_est": 7, "rank_seccion": 27, "pct_acum_sec": 78.98, "prioridad_50": false, "prioridad_80": true, "rank_municipal": 424, "pct_acum_LN_mun": 74.89}}, {"type": "Feature", "geometry": {"type": "Polygon", "coordinates": [[[-97.62135422009743, 19.376696320058176], [-97.6213715497794, 19.376666910111293], [-97.62139062954401, 19.376634490055185], [-97.62144789007353, 19.376537310257586], [-97.62146697011491, 19.376504910145947], [-97.6215450504337, 19.37637236966344], [-97.62178117988476, 19.376501909806816], [-97.62185842022531, 19.376544289761693], [-97.62167937995319, 19.376874349552953], [-97.62135422009743, 19.376696320058176]]]}, "properties": {"CVEGEO": "2110800010152001", "CVE_LOC": "0001", "AGEB": "0152", "MZA": "001", "SECCION": 2747, "POBTOT": 17, "P18YMAS": 11, "P18YMAS_H": 4, "P18YMAS_M": 7, "P18A24": 0, "ITER_MATCH": true, "LN_total_sec": 923, "LN_H_sec": 421, "LN_M_sec": 502, "LN_1839_sec": 436, "LN_estimada": 14, "LN_H_est": 6, "LN_M_est": 8, "LN_1839_est": 7, "rank_seccion": 32, "pct_acum_sec": 86.57, "prioridad_50": false, "prioridad_80": false, "rank_municipal": 484, "pct_acum_LN_mun": 80.96}}, {"type": "Feature", "geometry": {"type": "Polygon", "coordinates": [[[-97.64910855025221, 19.36773147968791], [-97.64940828028871, 19.367990890121444], [-97.6491548600962, 19.368294219984886], [-97.6488463995629, 19.36803676993515], [-97.64910855025221, 19.36773147968791]]]}, "properties": {"CVEGEO": "211080008010A030", "CVE_LOC": "0008", "AGEB": "010A", "MZA": "030", "SECCION": 875, "POBTOT": 0, "P18YMAS": 0, "P18YMAS_H": 0, "P18YMAS_M": 0, "P18A24": 0, "ITER_MATCH": false, "LN_total_sec": 1680, "LN_H_sec": 825, "LN_M_sec": 855, "LN_1839_sec": 803, "LN_estimada": 0, "LN_H_est": 0, "LN_M_est": 0, "LN_1839_est": 0, "rank_seccion": 125, "pct_acum_sec": 100.0, "prioridad_50": false, "prioridad_80": false, "rank_municipal": 1015, "pct_acum_LN_mun": 100.0}}, {"type": "Feature", "geometry": {"type": "Polygon", "coordinates": [[[-97.64983336981965, 19.368329679872527], [-97.650129250365, 19.36856753995256], [-97.64988273953702, 19.368876089598743], [-97.64957062967747, 19.368619460340238], [-97.64983336981965, 19.368329679872527]]]}, "properties": {"CVEGEO": "211080008010A014", "CVE_LOC": "0008", "AGEB": "010A", "MZA": "014", "SECCION": 875, "POBTOT": 0, "P18YMAS": 0, "P18YMAS_H": 0, "P18YMAS_M": 0, "P18A24": 0, "ITER_MATCH": false, "LN_total_sec": 1680, "LN_H_sec": 825, "LN_M_sec": 855, "LN_1839_sec": 803, "LN_estimada": 0, "LN_H_est": 0, "LN_M_est": 0, "LN_1839_est": 0, "rank_seccion": 126, "pct_acum_sec": 100.0, "prioridad_50": false, "prioridad_80": false, "rank_municipal": 1016, "pct_acum_LN_mun": 100.0}}, {"type": "Feature", "geometry": {"type": "Polygon", "coordinates": [[[-97.6154253103016, 19.37725853996698], [-97.61550185956999, 19.37712786036181], [-97.61561992000848, 19.376926370150933], [-97.61598213985411, 19.377117259678805], [-97.6159092499738, 19.377239520318497], [-97.6157914299613, 19.377437170227264], [-97.6154253103016, 19.37725853996698]]]}, "properties": {"CVEGEO": "2110800010044007", "CVE_LOC": "0001", "AGEB": "0044", "MZA": "007", "SECCION": 877, "POBTOT": 4, "P18YMAS": 0, "P18YMAS_H": 0, "P18YMAS_M": 0, "P18A24": 0, "ITER_MATCH": true, "LN_total_sec": 3745, "LN_H_sec": 1798, "LN_M_sec": 1947, "LN_1839_sec": 2000, "LN_estimada": 0, "LN_H_est": 0, "LN_M_est": 0, "LN_1839_est": 0, "rank_seccion": 179, "pct_acum_sec": 100.0, "prioridad_50": false, "prioridad_80": false, "rank_municipal": 1017, "pct_acum_LN_mun": 100.0}}, {"type": "Feature", "geometry": {"type": "Polygon", "coordinates": [[[-97.61980209025522, 19.379500799801466], [-97.6197359202473, 19.379461030065066], [-97.61987669014091, 19.379212309648025], [-97.61986980013317, 19.37937875031537], [-97.61986709003536, 19.379443799586237], [-97.61986439963111, 19.379508830398922], [-97.6198632003645, 19.379537509710886], [-97.61980209025522, 19.379500799801466]]]}, "properties": {"CVEGEO": "2110800010148010", "CVE_LOC": "0001", "AGEB": "0148", "MZA": "010", "SECCION": 2747, "POBTOT": 0, "P18YMAS": 0, "P18YMAS_H": 0, "P18YMAS_M": 0, "P18A24": 0, "ITER_MATCH": true, "LN_total_sec": 923, "LN_H_sec": 421, "LN_M_sec": 502, "LN_1839_sec": 436, "LN_estimada": 0, "LN_H_est": 0, "LN_M_est": 0, "LN_1839_est": 0, "rank_seccion": 67, "pct_acum_sec": 100.0, "prioridad_50": false, "prioridad_80": false, "rank_municipal": 1018, "pct_acum_LN_mun": 100.0}}, {"type": "Feature", "geometry": {"type": "Polygon", "coordinates": [[[-97.61996205976108, 19.379581420282403], [-97.61998004993445, 19.379490569794147], [-97.61999277005856, 19.3794261796194], [-97.6200384899345, 19.379195059772982], [-97.6202831697845, 19.37930994959296], [-97.62010123032209, 19.379655309597045], [-97.61996205976108, 19.379581420282403]]]}, "properties": {"CVEGEO": "2110800010148009", "CVE_LOC": "0001", "AGEB": "0148", "MZA": "009", "SECCION": 2747, "POBTOT": 14, "P18YMAS": 8, "P18YMAS_H": 3, "P18YMAS_M": 5, "P18A24": 0, "ITER_MATCH": true, "LN_total_sec": 923, "LN_H_sec": 421, "LN_M_sec": 502, "LN_1839_sec": 436, "LN_estimada": 10, "LN_H_est": 5, "LN_M_est": 6, "LN_1839_est": 5, "rank_seccion": 41, "pct_acum_sec": 98.27, "prioridad_50": false, "prioridad_80": false, "rank_municipal": 692, "pct_acum_LN_mun": 98.68}}, {"type": "Feature", "geometry": {"type": "Polygon", "coordinates": [[[-97.62469574017007, 19.37739191012859], [-97.62484741985595, 19.37713059968954], [-97.62488647984523, 19.377063310380777], [-97.6253138596375, 19.377279749558152], [-97.62511751967989, 19.377607769894723], [-97.62469574017007, 19.37739191012859]]]}, "properties": {"CVEGEO": "2110800010010027", "CVE_LOC": "0001", "AGEB": "0010", "MZA": "027", "SECCION": 875, "POBTOT": 27, "P18YMAS": 20, "P18YMAS_H": 10, "P18YMAS_M": 10, "P18A24": 0, "ITER_MATCH": true, "LN_total_sec": 1680, "LN_H_sec": 825, "LN_M_sec": 855, "LN_1839_sec": 803, "LN_estimada": 37, "LN_H_est": 18, "LN_M_est": 19, "LN_1839_est": 18, "rank_seccion": 18, "pct_acum_sec": 53.04, "prioridad_50": false, "prioridad_80": true, "rank_municipal": 60, "pct_acum_LN_mun": 19.01}}, {"type": "Feature", "geometry": {"type": "Polygon", "coordinates": [[[-97.60031342044893, 19.370126919752586], [-97.60051451971907, 19.36968580042539], [-97.60095886005897, 19.369880709556174], [-97.60087814012952, 19.370117510010964], [-97.60078022013825, 19.3703435195733], [-97.60031342044893, 19.370126919752586]]]}, "properties": {"CVEGEO": "2110800850114105", "CVE_LOC": "0085", "AGEB": "0114", "MZA": "105", "SECCION": 879, "POBTOT": 0, "P18YMAS": 0, "P18YMAS_H": 0, "P18YMAS_M": 0, "P18A24": 0, "ITER_MATCH": false, "LN_total_sec": 1640, "LN_H_sec": 768, "LN_M_sec": 872, "LN_1839_sec": 820, "LN_estimada": 0, "LN_H_est": 0, "LN_M_est": 0, "LN_1839_est": 0, "rank_seccion": 214, "pct_acum_sec": 100.0, "prioridad_50": false, "prioridad_80": false, "rank_municipal": 1019, "pct_acum_LN_mun": 100.0}}, {"type": "Feature", "geometry": {"type": "Polygon", "coordinates": [[[-97.60029079956077, 19.37016853962883], [-97.60075074025788, 19.37039553982392], [-97.60063760013284, 19.370670889626982], [-97.60056329009427, 19.37080070991928], [-97.60012740037297, 19.370535710127918], [-97.60029079956077, 19.37016853962883]]]}, "properties": {"CVEGEO": "2110800850114086", "CVE_LOC": "0085", "AGEB": "0114", "MZA": "086", "SECCION": 879, "POBTOT": 0, "P18YMAS": 0, "P18YMAS_H": 0, "P18YMAS_M": 0, "P18A24": 0, "ITER_MATCH": false, "LN_total_sec": 1640, "LN_H_sec": 768, "LN_M_sec": 872, "LN_1839_sec": 820, "LN_estimada": 0, "LN_H_est": 0, "LN_M_est": 0, "LN_1839_est": 0, "rank_seccion": 215, "pct_acum_sec": 100.0, "prioridad_50": false, "prioridad_80": false, "rank_municipal": 1020, "pct_acum_LN_mun": 100.0}}, {"type": "Feature", "geometry": {"type": "Polygon", "coordinates": [[[-97.59999073969146, 19.37144942983116], [-97.59977420000816, 19.37131486006826], [-97.60010229020729, 19.370588800165816], [-97.60053443000017, 19.370852430072116], [-97.60043045008732, 19.371141120185122], [-97.60030862985822, 19.3713765497587], [-97.60017493995241, 19.371564339904452], [-97.59999073969146, 19.37144942983116]]]}, "properties": {"CVEGEO": "2110800850114059", "CVE_LOC": "0085", "AGEB": "0114", "MZA": "059", "SECCION": 879, "POBTOT": 0, "P18YMAS": 0, "P18YMAS_H": 0, "P18YMAS_M": 0, "P18A24": 0, "ITER_MATCH": false, "LN_total_sec": 1640, "LN_H_sec": 768, "LN_M_sec": 872, "LN_1839_sec": 820, "LN_estimada": 0, "LN_H_est": 0, "LN_M_est": 0, "LN_1839_est": 0, "rank_seccion": 216, "pct_acum_sec": 100.0, "prioridad_50": false, "prioridad_80": false, "rank_municipal": 1021, "pct_acum_LN_mun": 100.0}}, {"type": "Feature", "geometry": {"type": "Polygon", "coordinates": [[[-97.59789612041646, 19.372719259990127], [-97.59809280008062, 19.37238851968688], [-97.59850128024448, 19.3725672796003], [-97.59831589044377, 19.372923779620148], [-97.59789612041646, 19.372719259990127]]]}, "properties": {"CVEGEO": "2110800850114079", "CVE_LOC": "0085", "AGEB": "0114", "MZA": "079", "SECCION": 879, "POBTOT": 0, "P18YMAS": 0, "P18YMAS_H": 0, "P18YMAS_M": 0, "P18A24": 0, "ITER_MATCH": false, "LN_total_sec": 1640, "LN_H_sec": 768, "LN_M_sec": 872, "LN_1839_sec": 820, "LN_estimada": 0, "LN_H_est": 0, "LN_M_est": 0, "LN_1839_est": 0, "rank_seccion": 217, "pct_acum_sec": 100.0, "prioridad_50": false, "prioridad_80": false, "rank_municipal": 1022, "pct_acum_LN_mun": 100.0}}, {"type": "Feature", "geometry": {"type": "Polygon", "coordinates": [[[-97.53304740035911, 19.266683820389165], [-97.53305336956956, 19.266285049911406], [-97.53361708028062, 19.26631725961972], [-97.53358768979457, 19.26672647987462], [-97.53304740035911, 19.266683820389165]]]}, "properties": {"CVEGEO": "2110800320133008", "CVE_LOC": "0032", "AGEB": "0133", "MZA": "008", "SECCION": 882, "POBTOT": 0, "P18YMAS": 0, "P18YMAS_H": 0, "P18YMAS_M": 0, "P18A24": 0, "ITER_MATCH": false, "LN_total_sec": 2061, "LN_H_sec": 985, "LN_M_sec": 1076, "LN_1839_sec": 1194, "LN_estimada": 13, "LN_H_est": 6, "LN_M_est": 6, "LN_1839_est": 7, "rank_seccion": 118, "pct_acum_sec": 74.43, "prioridad_50": false, "prioridad_80": true, "rank_municipal": 618, "pct_acum_LN_mun": 92.71}}, {"type": "Feature", "geometry": {"type": "Polygon", "coordinates": [[[-97.53367481977003, 19.26672781954551], [-97.53368358045947, 19.2663139197917], [-97.5341670603875, 19.26633576959641], [-97.53413778002832, 19.266762020323824], [-97.53367481977003, 19.26672781954551]]]}, "properties": {"CVEGEO": "2110800320133007", "CVE_LOC": "0032", "AGEB": "0133", "MZA": "007", "SECCION": 882, "POBTOT": 0, "P18YMAS": 0, "P18YMAS_H": 0, "P18YMAS_M": 0, "P18A24": 0, "ITER_MATCH": false, "LN_total_sec": 2061, "LN_H_sec": 985, "LN_M_sec": 1076, "LN_1839_sec": 1194, "LN_estimada": 13, "LN_H_est": 6, "LN_M_est": 6, "LN_1839_est": 7, "rank_seccion": 119, "pct_acum_sec": 75.06, "prioridad_50": false, "prioridad_80": true, "rank_municipal": 619, "pct_acum_LN_mun": 92.8}}, {"type": "Feature", "geometry": {"type": "Polygon", "coordinates": [[[-97.55269202014354, 19.246515849751084], [-97.55269074962467, 19.246064419753594], [-97.55338961979186, 19.24598894960868], [-97.55343327965382, 19.246543940418952], [-97.55269202014354, 19.246515849751084]]]}, "properties": {"CVEGEO": "2110800250133039", "CVE_LOC": "0025", "AGEB": "0133", "MZA": "039", "SECCION": 882, "POBTOT": 0, "P18YMAS": 0, "P18YMAS_H": 0, "P18YMAS_M": 0, "P18A24": 0, "ITER_MATCH": false, "LN_total_sec": 2061, "LN_H_sec": 985, "LN_M_sec": 1076, "LN_1839_sec": 1194, "LN_estimada": 13, "LN_H_est": 6, "LN_M_est": 6, "LN_1839_est": 7, "rank_seccion": 120, "pct_acum_sec": 75.69, "prioridad_50": false, "prioridad_80": true, "rank_municipal": 620, "pct_acum_LN_mun": 92.89}}, {"type": "Feature", "geometry": {"type": "Polygon", "coordinates": [[[-97.55350041963702, 19.246546489947825], [-97.55345599961412, 19.245981779875656], [-97.55424659985079, 19.24589641996116], [-97.55429632012927, 19.24657664986032], [-97.55350041963702, 19.246546489947825]]]}, "properties": {"CVEGEO": "2110800250133038", "CVE_LOC": "0025", "AGEB": "0133", "MZA": "038", "SECCION": 882, "POBTOT": 0, "P18YMAS": 0, "P18YMAS_H": 0, "P18YMAS_M": 0, "P18A24": 0, "ITER_MATCH": false, "LN_total_sec": 2061, "LN_H_sec": 985, "LN_M_sec": 1076, "LN_1839_sec": 1194, "LN_estimada": 13, "LN_H_est": 6, "LN_M_est": 6, "LN_1839_est": 7, "rank_seccion": 121, "pct_acum_sec": 76.32, "prioridad_50": false, "prioridad_80": true, "rank_municipal": 621, "pct_acum_LN_mun": 92.98}}, {"type": "Feature", "geometry": {"type": "Polygon", "coordinates": [[[-97.55431299963062, 19.245889249536333], [-97.55510442026979, 19.245802249986394], [-97.55515272014648, 19.246598679834996], [-97.55436267963641, 19.246579169675666], [-97.55431299963062, 19.245889249536333]]]}, "properties": {"CVEGEO": "2110800250133037", "CVE_LOC": "0025", "AGEB": "0133", "MZA": "037", "SECCION": 882, "POBTOT": 0, "P18YMAS": 0, "P18YMAS_H": 0, "P18YMAS_M": 0, "P18A24": 0, "ITER_MATCH": false, "LN_total_sec": 2061, "LN_H_sec": 985, "LN_M_sec": 1076, "LN_1839_sec": 1194, "LN_estimada": 13, "LN_H_est": 6, "LN_M_est": 6, "LN_1839_est": 7, "rank_seccion": 122, "pct_acum_sec": 76.95, "prioridad_50": false, "prioridad_80": true, "rank_municipal": 622, "pct_acum_LN_mun": 93.06}}, {"type": "Feature", "geometry": {"type": "Polygon", "coordinates": [[[-97.55524402023212, 19.246605980050447], [-97.55518192009902, 19.245795419621803], [-97.55595341984827, 19.245712090287324], [-97.55599194004776, 19.2466388199376], [-97.55524402023212, 19.246605980050447]]]}, "properties": {"CVEGEO": "2110800250133036", "CVE_LOC": "0025", "AGEB": "0133", "MZA": "036", "SECCION": 882, "POBTOT": 0, "P18YMAS": 0, "P18YMAS_H": 0, "P18YMAS_M": 0, "P18A24": 0, "ITER_MATCH": false, "LN_total_sec": 2061, "LN_H_sec": 985, "LN_M_sec": 1076, "LN_1839_sec": 1194, "LN_estimada": 13, "LN_H_est": 6, "LN_M_est": 6, "LN_1839_est": 7, "rank_seccion": 123, "pct_acum_sec": 77.58, "prioridad_50": false, "prioridad_80": true, "rank_municipal": 623, "pct_acum_LN_mun": 93.15}}, {"type": "Feature", "geometry": {"type": "Polygon", "coordinates": [[[-97.55606656969694, 19.246644020288375], [-97.55601978030617, 19.245704919773733], [-97.5567700500798, 19.24563003016081], [-97.55684044997058, 19.246673320040365], [-97.55606656969694, 19.246644020288375]]]}, "properties": {"CVEGEO": "2110800250133035", "CVE_LOC": "0025", "AGEB": "0133", "MZA": "035", "SECCION": 882, "POBTOT": 0, "P18YMAS": 0, "P18YMAS_H": 0, "P18YMAS_M": 0, "P18A24": 0, "ITER_MATCH": false, "LN_total_sec": 2061, "LN_H_sec": 985, "LN_M_sec": 1076, "LN_1839_sec": 1194, "LN_estimada": 13, "LN_H_est": 6, "LN_M_est": 6, "LN_1839_est": 7, "rank_seccion": 124, "pct_acum_sec": 78.21, "prioridad_50": false, "prioridad_80": true, "rank_municipal": 624, "pct_acum_LN_mun": 93.24}}, {"type": "Feature", "geometry": {"type": "Polygon", "coordinates": [[[-97.63875944995391, 19.407703380067986], [-97.63849834032834, 19.408010850017533], [-97.63818371999527, 19.407748510176017], [-97.63844570955693, 19.40743425009638], [-97.63875944995391, 19.407703380067986]]]}, "properties": {"CVEGEO": "211080005010A059", "CVE_LOC": "0005", "AGEB": "010A", "MZA": "059", "SECCION": 876, "POBTOT": 0, "P18YMAS": 0, "P18YMAS_H": 0, "P18YMAS_M": 0, "P18A24": 0, "ITER_MATCH": false, "LN_total_sec": 1428, "LN_H_sec": 662, "LN_M_sec": 766, "LN_1839_sec": 812, "LN_estimada": 16, "LN_H_est": 7, "LN_M_est": 8, "LN_1839_est": 9, "rank_seccion": 73, "pct_acum_sec": 82.07, "prioridad_50": false, "prioridad_80": false, "rank_municipal": 425, "pct_acum_LN_mun": 75.0}}, {"type": "Feature", "geometry": {"type": "Polygon", "coordinates": [[[-97.63760325031902, 19.40980355042877], [-97.63791611991914, 19.410046600242246], [-97.63764606016319, 19.41037334986068], [-97.63731457997316, 19.410092739914692], [-97.63760325031902, 19.40980355042877]]]}, "properties": {"CVEGEO": "211080005010A042", "CVE_LOC": "0005", "AGEB": "010A", "MZA": "042", "SECCION": 876, "POBTOT": 0, "P18YMAS": 0, "P18YMAS_H": 0, "P18YMAS_M": 0, "P18A24": 0, "ITER_MATCH": false, "LN_total_sec": 1428, "LN_H_sec": 662, "LN_M_sec": 766, "LN_1839_sec": 812, "LN_estimada": 16, "LN_H_est": 7, "LN_M_est": 8, "LN_1839_est": 9, "rank_seccion": 74, "pct_acum_sec": 83.19, "prioridad_50": false, "prioridad_80": false, "rank_municipal": 426, "pct_acum_LN_mun": 75.11}}, {"type": "Feature", "geometry": {"type": "Polygon", "coordinates": [[[-97.6371694203426, 19.40946359978863], [-97.63690541999296, 19.409766739634065], [-97.63659942989115, 19.40951850958396], [-97.636867000151, 19.40921644962937], [-97.6371694203426, 19.40946359978863]]]}, "properties": {"CVEGEO": "211080005010A009", "CVE_LOC": "0005", "AGEB": "010A", "MZA": "009", "SECCION": 876, "POBTOT": 0, "P18YMAS": 0, "P18YMAS_H": 0, "P18YMAS_M": 0, "P18A24": 0, "ITER_MATCH": false, "LN_total_sec": 1428, "LN_H_sec": 662, "LN_M_sec": 766, "LN_1839_sec": 812, "LN_estimada": 16, "LN_H_est": 7, "LN_M_est": 8, "LN_1839_est": 9, "rank_seccion": 75, "pct_acum_sec": 84.31, "prioridad_50": false, "prioridad_80": false, "rank_municipal": 427, "pct_acum_LN_mun": 75.22}}, {"type": "Feature", "geometry": {"type": "Polygon", "coordinates": [[[-97.63814911032824, 19.407787799901325], [-97.6384691501226, 19.408049659956028], [-97.63818327969685, 19.408377310179418], [-97.63784422966688, 19.4081030503101], [-97.63814911032824, 19.407787799901325]]]}, "properties": {"CVEGEO": "211080005010A036", "CVE_LOC": "0005", "AGEB": "010A", "MZA": "036", "SECCION": 876, "POBTOT": 0, "P18YMAS": 0, "P18YMAS_H": 0, "P18YMAS_M": 0, "P18A24": 0, "ITER_MATCH": false, "LN_total_sec": 1428, "LN_H_sec": 662, "LN_M_sec": 766, "LN_1839_sec": 812, "LN_estimada": 16, "LN_H_est": 7, "LN_M_est": 8, "LN_1839_est": 9, "rank_seccion": 76, "pct_acum_sec": 85.43, "prioridad_50": false, "prioridad_80": false, "rank_municipal": 428, "pct_acum_LN_mun": 75.32}}, {"type": "Feature", "geometry": {"type": "Polygon", "coordinates": [[[-97.63668668031531, 19.407281109646817], [-97.63699948011063, 19.407524050097752], [-97.6367543702011, 19.407798949662897], [-97.63644481954219, 19.407532229583616], [-97.63668668031531, 19.407281109646817]]]}, "properties": {"CVEGEO": "211080005010A078", "CVE_LOC": "0005", "AGEB": "010A", "MZA": "078", "SECCION": 876, "POBTOT": 0, "P18YMAS": 0, "P18YMAS_H": 0, "P18YMAS_M": 0, "P18A24": 0, "ITER_MATCH": false, "LN_total_sec": 1428, "LN_H_sec": 662, "LN_M_sec": 766, "LN_1839_sec": 812, "LN_estimada": 16, "LN_H_est": 7, "LN_M_est": 8, "LN_1839_est": 9, "rank_seccion": 77, "pct_acum_sec": 86.55, "prioridad_50": false, "prioridad_80": false, "rank_municipal": 429, "pct_acum_LN_mun": 75.43}}, {"type": "Feature", "geometry": {"type": "Polygon", "coordinates": [[[-97.63700302008236, 19.411758320038967], [-97.63672318045337, 19.412064770199], [-97.63641577017663, 19.41180362998317], [-97.63670394012304, 19.411485450079997], [-97.63700302008236, 19.411758320038967]]]}, "properties": {"CVEGEO": "211080005010A067", "CVE_LOC": "0005", "AGEB": "010A", "MZA": "067", "SECCION": 876, "POBTOT": 0, "P18YMAS": 0, "P18YMAS_H": 0, "P18YMAS_M": 0, "P18A24": 0, "ITER_MATCH": false, "LN_total_sec": 1428, "LN_H_sec": 662, "LN_M_sec": 766, "LN_1839_sec": 812, "LN_estimada": 16, "LN_H_est": 7, "LN_M_est": 8, "LN_1839_est": 9, "rank_seccion": 78, "pct_acum_sec": 87.68, "prioridad_50": false, "prioridad_80": false, "rank_municipal": 430, "pct_acum_LN_mun": 75.54}}, {"type": "Feature", "geometry": {"type": "Polygon", "coordinates": [[[-97.53572362023499, 19.339951650079676], [-97.53572029042634, 19.3399480504149], [-97.53519834036075, 19.339382120130516], [-97.53548177980413, 19.339023510398565], [-97.5360711403425, 19.339508020027015], [-97.53572362023499, 19.339951650079676]]]}, "properties": {"CVEGEO": "2110800030114045", "CVE_LOC": "0003", "AGEB": "0114", "MZA": "045", "SECCION": 881, "POBTOT": 0, "P18YMAS": 0, "P18YMAS_H": 0, "P18YMAS_M": 0, "P18A24": 0, "ITER_MATCH": false, "LN_total_sec": 1115, "LN_H_sec": 551, "LN_M_sec": 564, "LN_1839_sec": 548, "LN_estimada": 22, "LN_H_est": 10, "LN_M_est": 11, "LN_1839_est": 10, "rank_seccion": 42, "pct_acum_sec": 82.87, "prioridad_50": false, "prioridad_80": false, "rank_municipal": 255, "pct_acum_LN_mun": 54.83}}, {"type": "Feature", "geometry": {"type": "Polygon", "coordinates": [[[-97.61101594955139, 19.381856200396292], [-97.61066028023136, 19.381675679781747], [-97.61102710964826, 19.38103574991579], [-97.61138833985227, 19.381218089782305], [-97.61101594955139, 19.381856200396292]]]}, "properties": {"CVEGEO": "2110800010171007", "CVE_LOC": "0001", "AGEB": "0171", "MZA": "007", "SECCION": 877, "POBTOT": 27, "P18YMAS": 12, "P18YMAS_H": 6, "P18YMAS_M": 6, "P18A24": 0, "ITER_MATCH": true, "LN_total_sec": 3745, "LN_H_sec": 1798, "LN_M_sec": 1947, "LN_1839_sec": 2000, "LN_estimada": 18, "LN_H_est": 9, "LN_M_est": 9, "LN_1839_est": 10, "rank_seccion": 98, "pct_acum_sec": 83.66, "prioridad_50": false, "prioridad_80": false, "rank_municipal": 319, "pct_acum_LN_mun": 63.38}}, {"type": "Feature", "geometry": {"type": "Polygon", "coordinates": [[[-97.61062167991506, 19.379715599840473], [-97.61027400034196, 19.37954088041548], [-97.61064231042576, 19.378925780223987], [-97.61099113953235, 19.37910474042952], [-97.61062167991506, 19.379715599840473]]]}, "properties": {"CVEGEO": "2110800010171057", "CVE_LOC": "0001", "AGEB": "0171", "MZA": "057", "SECCION": 877, "POBTOT": 17, "P18YMAS": 13, "P18YMAS_H": 5, "P18YMAS_M": 8, "P18A24": 3, "ITER_MATCH": true, "LN_total_sec": 3745, "LN_H_sec": 1798, "LN_M_sec": 1947, "LN_1839_sec": 2000, "LN_estimada": 20, "LN_H_est": 9, "LN_M_est": 10, "LN_1839_est": 10, "rank_seccion": 94, "pct_acum_sec": 81.74, "prioridad_50": false, "prioridad_80": false, "rank_municipal": 293, "pct_acum_LN_mun": 60.13}}, {"type": "Feature", "geometry": {"type": "Polygon", "coordinates": [[[-97.61039863029916, 19.380128380410614], [-97.61004769042427, 19.379950220225297], [-97.61022034978603, 19.379611520219456], [-97.610587999722, 19.379790259704652], [-97.61039863029916, 19.380128380410614]]]}, "properties": {"CVEGEO": "2110800010171012", "CVE_LOC": "0001", "AGEB": "0171", "MZA": "012", "SECCION": 877, "POBTOT": 22, "P18YMAS": 10, "P18YMAS_H": 5, "P18YMAS_M": 5, "P18A24": 0, "ITER_MATCH": true, "LN_total_sec": 3745, "LN_H_sec": 1798, "LN_M_sec": 1947, "LN_1839_sec": 2000, "LN_estimada": 15, "LN_H_est": 7, "LN_M_est": 8, "LN_1839_est": 8, "rank_seccion": 115, "pct_acum_sec": 90.89, "prioridad_50": false, "prioridad_80": false, "rank_municipal": 460, "pct_acum_LN_mun": 78.65}}, {"type": "Feature", "geometry": {"type": "Polygon", "coordinates": [[[-97.61058627957253, 19.38072464995223], [-97.61022488983679, 19.38054637956479], [-97.61042716984842, 19.380224230102154], [-97.61077856971244, 19.380396250272803], [-97.61058627957253, 19.38072464995223]]]}, "properties": {"CVEGEO": "2110800010171002", "CVE_LOC": "0001", "AGEB": "0171", "MZA": "002", "SECCION": 877, "POBTOT": 19, "P18YMAS": 10, "P18YMAS_H": 5, "P18YMAS_M": 5, "P18A24": 0, "ITER_MATCH": true, "LN_total_sec": 3745, "LN_H_sec": 1798, "LN_M_sec": 1947, "LN_1839_sec": 2000, "LN_estimada": 15, "LN_H_est": 7, "LN_M_est": 8, "LN_1839_est": 8, "rank_seccion": 116, "pct_acum_sec": 91.3, "prioridad_50": false, "prioridad_80": false, "rank_municipal": 461, "pct_acum_LN_mun": 78.75}}, {"type": "Feature", "geometry": {"type": "Polygon", "coordinates": [[[-97.61143303028639, 19.38114589031813], [-97.61107509029159, 19.380964180009364], [-97.61126403010057, 19.3806463196148], [-97.61162633993641, 19.38081675044792], [-97.61143303028639, 19.38114589031813]]]}, "properties": {"CVEGEO": "2110800010171006", "CVE_LOC": "0001", "AGEB": "0171", "MZA": "006", "SECCION": 877, "POBTOT": 30, "P18YMAS": 16, "P18YMAS_H": 8, "P18YMAS_M": 8, "P18A24": 0, "ITER_MATCH": true, "LN_total_sec": 3745, "LN_H_sec": 1798, "LN_M_sec": 1947, "LN_1839_sec": 2000, "LN_estimada": 24, "LN_H_est": 12, "LN_M_est": 13, "LN_1839_est": 13, "rank_seccion": 74, "pct_acum_sec": 70.49, "prioridad_50": false, "prioridad_80": true, "rank_municipal": 198, "pct_acum_LN_mun": 46.29}}, {"type": "Feature", "geometry": {"type": "Polygon", "coordinates": [[[-97.61180230988907, 19.380389200439474], [-97.61185169042636, 19.380413569778895], [-97.61168093962107, 19.38073997966703], [-97.61131318005363, 19.380566619860513], [-97.61149423030248, 19.380237220348214], [-97.61180230988907, 19.380389200439474]]]}, "properties": {"CVEGEO": "2110800010171005", "CVE_LOC": "0001", "AGEB": "0171", "MZA": "005", "SECCION": 877, "POBTOT": 10, "P18YMAS": 0, "P18YMAS_H": 0, "P18YMAS_M": 0, "P18A24": 0, "ITER_MATCH": true, "LN_total_sec": 3745, "LN_H_sec": 1798, "LN_M_sec": 1947, "LN_1839_sec": 2000, "LN_estimada": 0, "LN_H_est": 0, "LN_M_est": 0, "LN_1839_est": 0, "rank_seccion": 180, "pct_acum_sec": 100.0, "prioridad_50": false, "prioridad_80": false, "rank_municipal": 1023, "pct_acum_LN_mun": 100.0}}, {"type": "Feature", "geometry": {"type": "Polygon", "coordinates": [[[-97.6167036300109, 19.373220370425777], [-97.6169155997231, 19.37287348006989], [-97.61701438027313, 19.37292980017118], [-97.61724154040148, 19.3730593099472], [-97.61704186002963, 19.373394720123393], [-97.6167036300109, 19.373220370425777]]]}, "properties": {"CVEGEO": "2110800010097020", "CVE_LOC": "0001", "AGEB": "0097", "MZA": "020", "SECCION": 878, "POBTOT": 20, "P18YMAS": 12, "P18YMAS_H": 7, "P18YMAS_M": 5, "P18A24": 0, "ITER_MATCH": true, "LN_total_sec": 1218, "LN_H_sec": 568, "LN_M_sec": 650, "LN_1839_sec": 631, "LN_estimada": 17, "LN_H_est": 8, "LN_M_est": 9, "LN_1839_est": 9, "rank_seccion": 31, "pct_acum_sec": 77.26, "prioridad_50": false, "prioridad_80": true, "rank_municipal": 343, "pct_acum_LN_mun": 66.14}}, {"type": "Feature", "geometry": {"type": "Polygon", "coordinates": [[[-97.61962047961988, 19.376817569598096], [-97.6197405401021, 19.376620769619702], [-97.61982004982843, 19.376490460301206], [-97.62017100012147, 19.37667414974183], [-97.62000002995414, 19.376958599883938], [-97.61997436952636, 19.37700128042589], [-97.61962047961988, 19.376817569598096]]]}, "properties": {"CVEGEO": "2110800010059045", "CVE_LOC": "0001", "AGEB": "0059", "MZA": "045", "SECCION": 878, "POBTOT": 37, "P18YMAS": 27, "P18YMAS_H": 12, "P18YMAS_M": 15, "P18A24": 6, "ITER_MATCH": true, "LN_total_sec": 1218, "LN_H_sec": 568, "LN_M_sec": 650, "LN_1839_sec": 631, "LN_estimada": 38, "LN_H_est": 18, "LN_M_est": 20, "LN_1839_est": 20, "rank_seccion": 6, "pct_acum_sec": 22.99, "prioridad_50": true, "prioridad_80": true, "rank_municipal": 57, "pct_acum_LN_mun": 18.27}}, {"type": "Feature", "geometry": {"type": "Polygon", "coordinates": [[[-97.61985348966682, 19.376451029933868], [-97.6200471998198, 19.37612109039394], [-97.62038944957256, 19.376290780031272], [-97.62018985009107, 19.376623479634933], [-97.61985348966682, 19.376451029933868]]]}, "properties": {"CVEGEO": "2110800010059044", "CVE_LOC": "0001", "AGEB": "0059", "MZA": "044", "SECCION": 878, "POBTOT": 0, "P18YMAS": 0, "P18YMAS_H": 0, "P18YMAS_M": 0, "P18A24": 0, "ITER_MATCH": true, "LN_total_sec": 1218, "LN_H_sec": 568, "LN_M_sec": 650, "LN_1839_sec": 631, "LN_estimada": 0, "LN_H_est": 0, "LN_M_est": 0, "LN_1839_est": 0, "rank_seccion": 67, "pct_acum_sec": 100.0, "prioridad_50": false, "prioridad_80": false, "rank_municipal": 1024, "pct_acum_LN_mun": 100.0}}, {"type": "Feature", "geometry": {"type": "Polygon", "coordinates": [[[-97.62072196952491, 19.375389600328344], [-97.62067156996649, 19.375361679590597], [-97.62062115001238, 19.37533377002796], [-97.62057073964968, 19.37530585982049], [-97.62051906025592, 19.375277260219537], [-97.62071515019036, 19.374964050311267], [-97.62074218012911, 19.374978029732695], [-97.62090314959123, 19.3750612900972], [-97.62085428038758, 19.37529099988191], [-97.62083388954908, 19.375386859743383], [-97.62082157041068, 19.375444719989897], [-97.62072196952491, 19.375389600328344]]]}, "properties": {"CVEGEO": "2110800010059041", "CVE_LOC": "0001", "AGEB": "0059", "MZA": "041", "SECCION": 878, "POBTOT": 20, "P18YMAS": 16, "P18YMAS_H": 9, "P18YMAS_M": 7, "P18A24": 0, "ITER_MATCH": true, "LN_total_sec": 1218, "LN_H_sec": 568, "LN_M_sec": 650, "LN_1839_sec": 631, "LN_estimada": 23, "LN_H_est": 11, "LN_M_est": 12, "LN_1839_est": 12, "rank_seccion": 25, "pct_acum_sec": 68.31, "prioridad_50": false, "prioridad_80": true, "rank_municipal": 209, "pct_acum_LN_mun": 48.0}}, {"type": "Feature", "geometry": {"type": "Polygon", "coordinates": [[[-97.6177533099828, 19.373257149778688], [-97.61796247986348, 19.372890830281904], [-97.61832653971037, 19.37309908043001], [-97.61811979994889, 19.37344437968557], [-97.6177533099828, 19.373257149778688]]]}, "properties": {"CVEGEO": "2110800010059031", "CVE_LOC": "0001", "AGEB": "0059", "MZA": "031", "SECCION": 878, "POBTOT": 1, "P18YMAS": 0, "P18YMAS_H": 0, "P18YMAS_M": 0, "P18A24": 0, "ITER_MATCH": true, "LN_total_sec": 1218, "LN_H_sec": 568, "LN_M_sec": 650, "LN_1839_sec": 631, "LN_estimada": 0, "LN_H_est": 0, "LN_M_est": 0, "LN_1839_est": 0, "rank_seccion": 68, "pct_acum_sec": 100.0, "prioridad_50": false, "prioridad_80": false, "rank_municipal": 1025, "pct_acum_LN_mun": 100.0}}, {"type": "Feature", "geometry": {"type": "Polygon", "coordinates": [[[-97.61752621957305, 19.3736493800709], [-97.61772734966038, 19.373299800214156], [-97.61808461957445, 19.373490799748605], [-97.61787384981247, 19.373853399743528], [-97.61752621957305, 19.3736493800709]]]}, "properties": {"CVEGEO": "2110800010059030", "CVE_LOC": "0001", "AGEB": "0059", "MZA": "030", "SECCION": 878, "POBTOT": 2, "P18YMAS": 0, "P18YMAS_H": 0, "P18YMAS_M": 0, "P18A24": 0, "ITER_MATCH": true, "LN_total_sec": 1218, "LN_H_sec": 568, "LN_M_sec": 650, "LN_1839_sec": 631, "LN_estimada": 0, "LN_H_est": 0, "LN_M_est": 0, "LN_1839_est": 0, "rank_seccion": 69, "pct_acum_sec": 100.0, "prioridad_50": false, "prioridad_80": false, "rank_municipal": 1026, "pct_acum_LN_mun": 100.0}}, {"type": "Feature", "geometry": {"type": "Polygon", "coordinates": [[[-97.61729342047362, 19.374050979676127], [-97.61749704972848, 19.373693170053766], [-97.61783744965324, 19.373897180383764], [-97.6176447703723, 19.374234479694962], [-97.61729342047362, 19.374050979676127]]]}, "properties": {"CVEGEO": "2110800010059029", "CVE_LOC": "0001", "AGEB": "0059", "MZA": "029", "SECCION": 878, "POBTOT": 36, "P18YMAS": 23, "P18YMAS_H": 12, "P18YMAS_M": 11, "P18A24": 3, "ITER_MATCH": true, "LN_total_sec": 1218, "LN_H_sec": 568, "LN_M_sec": 650, "LN_1839_sec": 631, "LN_estimada": 32, "LN_H_est": 15, "LN_M_est": 17, "LN_1839_est": 17, "rank_seccion": 12, "pct_acum_sec": 39.49, "prioridad_50": true, "prioridad_80": true, "rank_municipal": 98, "pct_acum_LN_mun": 27.64}}, {"type": "Feature", "geometry": {"type": "Polygon", "coordinates": [[[-97.61812465013323, 19.374513780007362], [-97.61824208959683, 19.37432277991759], [-97.61833304968361, 19.374174850374], [-97.61867594973022, 19.374363399746496], [-97.61848631006652, 19.374695890373967], [-97.61812465013323, 19.374513780007362]]]}, "properties": {"CVEGEO": "2110800010059003", "CVE_LOC": "0001", "AGEB": "0059", "MZA": "003", "SECCION": 878, "POBTOT": 21, "P18YMAS": 18, "P18YMAS_H": 5, "P18YMAS_M": 13, "P18A24": 3, "ITER_MATCH": true, "LN_total_sec": 1218, "LN_H_sec": 568, "LN_M_sec": 650, "LN_1839_sec": 631, "LN_estimada": 25, "LN_H_est": 12, "LN_M_est": 14, "LN_1839_est": 13, "rank_seccion": 21, "pct_acum_sec": 60.59, "prioridad_50": false, "prioridad_80": true, "rank_municipal": 185, "pct_acum_LN_mun": 44.18}}, {"type": "Feature", "geometry": {"type": "Polygon", "coordinates": [[[-97.62012442961459, 19.37292757015617], [-97.62032422016252, 19.372598920145066], [-97.62047151022661, 19.37267179967234], [-97.62057676963083, 19.372723890274678], [-97.62069373974042, 19.372781770286156], [-97.62054437987875, 19.373049060307693], [-97.62049969044048, 19.3731290301293], [-97.62012442961459, 19.37292757015617]]]}, "properties": {"CVEGEO": "2110800010082007", "CVE_LOC": "0001", "AGEB": "0082", "MZA": "007", "SECCION": 879, "POBTOT": 15, "P18YMAS": 10, "P18YMAS_H": 6, "P18YMAS_M": 4, "P18A24": 3, "ITER_MATCH": true, "LN_total_sec": 1640, "LN_H_sec": 768, "LN_M_sec": 872, "LN_1839_sec": 820, "LN_estimada": 14, "LN_H_est": 6, "LN_M_est": 7, "LN_1839_est": 7, "rank_seccion": 68, "pct_acum_sec": 95.0, "prioridad_50": false, "prioridad_80": false, "rank_municipal": 485, "pct_acum_LN_mun": 81.05}}, {"type": "Feature", "geometry": {"type": "Polygon", "coordinates": [[[-97.61706891982475, 19.37445653965651], [-97.61726868037658, 19.37409374977149], [-97.61730394968171, 19.37411358019541], [-97.6176227496841, 19.374292689963234], [-97.6174236503913, 19.374647779972225], [-97.61706891982475, 19.37445653965651]]]}, "properties": {"CVEGEO": "2110800010059028", "CVE_LOC": "0001", "AGEB": "0059", "MZA": "028", "SECCION": 878, "POBTOT": 21, "P18YMAS": 12, "P18YMAS_H": 5, "P18YMAS_M": 7, "P18A24": 0, "ITER_MATCH": true, "LN_total_sec": 1218, "LN_H_sec": 568, "LN_M_sec": 650, "LN_1839_sec": 631, "LN_estimada": 17, "LN_H_est": 8, "LN_M_est": 9, "LN_1839_est": 9, "rank_seccion": 32, "pct_acum_sec": 78.65, "prioridad_50": false, "prioridad_80": true, "rank_municipal": 344, "pct_acum_LN_mun": 66.25}}, {"type": "Feature", "geometry": {"type": "Polygon", "coordinates": [[[-97.62060888036874, 19.375812520354508], [-97.62054819995242, 19.3757812597516], [-97.62048750999318, 19.375749999754376], [-97.62030528971377, 19.37565614999919], [-97.62038799961257, 19.37551711974269], [-97.62048693963544, 19.375350820370272], [-97.62056549045937, 19.375392599956367], [-97.62061020029891, 19.375416349622693], [-97.62079872032332, 19.375516600232142], [-97.6206694500857, 19.37584371971647], [-97.62060888036874, 19.375812520354508]]]}, "properties": {"CVEGEO": "2110800010059042", "CVE_LOC": "0001", "AGEB": "0059", "MZA": "042", "SECCION": 878, "POBTOT": 27, "P18YMAS": 18, "P18YMAS_H": 9, "P18YMAS_M": 9, "P18A24": 4, "ITER_MATCH": true, "LN_total_sec": 1218, "LN_H_sec": 568, "LN_M_sec": 650, "LN_1839_sec": 631, "LN_estimada": 25, "LN_H_est": 12, "LN_M_est": 14, "LN_1839_est": 13, "rank_seccion": 22, "pct_acum_sec": 62.64, "prioridad_50": false, "prioridad_80": true, "rank_municipal": 186, "pct_acum_LN_mun": 44.34}}, {"type": "Feature", "geometry": {"type": "Polygon", "coordinates": [[[-97.61037388020894, 19.382063110138496], [-97.60998911981227, 19.38188337958991], [-97.61018881970615, 19.381533019885026], [-97.61057830966263, 19.381698550119776], [-97.61037388020894, 19.382063110138496]]]}, "properties": {"CVEGEO": "2110800010171047", "CVE_LOC": "0001", "AGEB": "0171", "MZA": "047", "SECCION": 877, "POBTOT": 4, "P18YMAS": 0, "P18YMAS_H": 0, "P18YMAS_M": 0, "P18A24": 0, "ITER_MATCH": true, "LN_total_sec": 3745, "LN_H_sec": 1798, "LN_M_sec": 1947, "LN_1839_sec": 2000, "LN_estimada": 0, "LN_H_est": 0, "LN_M_est": 0, "LN_1839_est": 0, "rank_seccion": 181, "pct_acum_sec": 100.0, "prioridad_50": false, "prioridad_80": false, "rank_municipal": 1027, "pct_acum_LN_mun": 100.0}}, {"type": "Feature", "geometry": {"type": "Polygon", "coordinates": [[[-97.61269295006427, 19.37991191028278], [-97.61232696973498, 19.379724280309496], [-97.61250562980183, 19.37939680009269], [-97.61288140021286, 19.379597490206145], [-97.61269295006427, 19.37991191028278]]]}, "properties": {"CVEGEO": "2110800010171017", "CVE_LOC": "0001", "AGEB": "0171", "MZA": "017", "SECCION": 877, "POBTOT": 18, "P18YMAS": 10, "P18YMAS_H": 6, "P18YMAS_M": 4, "P18A24": 0, "ITER_MATCH": true, "LN_total_sec": 3745, "LN_H_sec": 1798, "LN_M_sec": 1947, "LN_1839_sec": 2000, "LN_estimada": 15, "LN_H_est": 7, "LN_M_est": 8, "LN_1839_est": 8, "rank_seccion": 117, "pct_acum_sec": 91.7, "prioridad_50": false, "prioridad_80": false, "rank_municipal": 462, "pct_acum_LN_mun": 78.86}}, {"type": "Feature", "geometry": {"type": "Polygon", "coordinates": [[[-97.60148148952501, 19.374374740035375], [-97.60016817007066, 19.373799219637835], [-97.60022891008857, 19.373693109828732], [-97.60038749032314, 19.37341595017564], [-97.60045234009124, 19.37344421972019], [-97.60170490976749, 19.373989079917628], [-97.60148148952501, 19.374374740035375]]]}, "properties": {"CVEGEO": "2110800850114001", "CVE_LOC": "0085", "AGEB": "0114", "MZA": "001", "SECCION": 879, "POBTOT": 0, "P18YMAS": 0, "P18YMAS_H": 0, "P18YMAS_M": 0, "P18A24": 0, "ITER_MATCH": false, "LN_total_sec": 1640, "LN_H_sec": 768, "LN_M_sec": 872, "LN_1839_sec": 820, "LN_estimada": 0, "LN_H_est": 0, "LN_M_est": 0, "LN_1839_est": 0, "rank_seccion": 218, "pct_acum_sec": 100.0, "prioridad_50": false, "prioridad_80": false, "rank_municipal": 1028, "pct_acum_LN_mun": 100.0}}, {"type": "Feature", "geometry": {"type": "Polygon", "coordinates": [[[-97.60174467955054, 19.373919310151283], [-97.60042789012374, 19.37332618000241], [-97.60064247995938, 19.372955420227854], [-97.60135076971868, 19.373249139965182], [-97.6015219998421, 19.37332765966459], [-97.60194734018619, 19.373522690190768], [-97.60174467955054, 19.373919310151283]]]}, "properties": {"CVEGEO": "2110800850114004", "CVE_LOC": "0085", "AGEB": "0114", "MZA": "004", "SECCION": 879, "POBTOT": 0, "P18YMAS": 0, "P18YMAS_H": 0, "P18YMAS_M": 0, "P18A24": 0, "ITER_MATCH": false, "LN_total_sec": 1640, "LN_H_sec": 768, "LN_M_sec": 872, "LN_1839_sec": 820, "LN_estimada": 0, "LN_H_est": 0, "LN_M_est": 0, "LN_1839_est": 0, "rank_seccion": 219, "pct_acum_sec": 100.0, "prioridad_50": false, "prioridad_80": false, "rank_municipal": 1029, "pct_acum_LN_mun": 100.0}}, {"type": "Feature", "geometry": {"type": "Polygon", "coordinates": [[[-97.59812348010499, 19.372301690059444], [-97.59834689029836, 19.371884650292166], [-97.59875807998327, 19.372064020430248], [-97.59853229037071, 19.372478829832623], [-97.59812348010499, 19.372301690059444]]]}, "properties": {"CVEGEO": "2110800850114080", "CVE_LOC": "0085", "AGEB": "0114", "MZA": "080", "SECCION": 879, "POBTOT": 0, "P18YMAS": 0, "P18YMAS_H": 0, "P18YMAS_M": 0, "P18A24": 0, "ITER_MATCH": false, "LN_total_sec": 1640, "LN_H_sec": 768, "LN_M_sec": 872, "LN_1839_sec": 820, "LN_estimada": 0, "LN_H_est": 0, "LN_M_est": 0, "LN_1839_est": 0, "rank_seccion": 220, "pct_acum_sec": 100.0, "prioridad_50": false, "prioridad_80": false, "rank_municipal": 1030, "pct_acum_LN_mun": 100.0}}, {"type": "Feature", "geometry": {"type": "Polygon", "coordinates": [[[-97.60404114988009, 19.374885229558917], [-97.60419660029197, 19.374773569704484], [-97.60427503047302, 19.374688819623653], [-97.60433753970261, 19.374555349876324], [-97.60442168009953, 19.37438414982611], [-97.60443736978482, 19.374308819652235], [-97.60450437987588, 19.374213310285082], [-97.6045814003094, 19.37414737988104], [-97.60467551967679, 19.37403571992117], [-97.60478959961821, 19.374038419832083], [-97.60487517024848, 19.37404245014973], [-97.60498070968083, 19.37403168014454], [-97.60499520044999, 19.374026750460583], [-97.60447467981291, 19.375076260399496], [-97.60404114988009, 19.374885229558917]]]}, "properties": {"CVEGEO": "2110800850114092", "CVE_LOC": "0085", "AGEB": "0114", "MZA": "092", "SECCION": 879, "POBTOT": 0, "P18YMAS": 0, "P18YMAS_H": 0, "P18YMAS_M": 0, "P18A24": 0, "ITER_MATCH": false, "LN_total_sec": 1640, "LN_H_sec": 768, "LN_M_sec": 872, "LN_1839_sec": 820, "LN_estimada": 0, "LN_H_est": 0, "LN_M_est": 0, "LN_1839_est": 0, "rank_seccion": 221, "pct_acum_sec": 100.0, "prioridad_50": false, "prioridad_80": false, "rank_municipal": 1031, "pct_acum_LN_mun": 100.0}}, {"type": "Feature", "geometry": {"type": "Polygon", "coordinates": [[[-97.57366101965754, 19.279707800111026], [-97.57344894972108, 19.28058809021171], [-97.57249495018037, 19.280630349953107], [-97.5727423395474, 19.279740949862703], [-97.57323094037238, 19.279714739724987], [-97.57366101965754, 19.279707800111026]]]}, "properties": {"CVEGEO": "2110800350133030", "CVE_LOC": "0035", "AGEB": "0133", "MZA": "030", "SECCION": 882, "POBTOT": 0, "P18YMAS": 0, "P18YMAS_H": 0, "P18YMAS_M": 0, "P18A24": 0, "ITER_MATCH": false, "LN_total_sec": 2061, "LN_H_sec": 985, "LN_M_sec": 1076, "LN_1839_sec": 1194, "LN_estimada": 13, "LN_H_est": 6, "LN_M_est": 6, "LN_1839_est": 7, "rank_seccion": 125, "pct_acum_sec": 78.85, "prioridad_50": false, "prioridad_80": true, "rank_municipal": 625, "pct_acum_LN_mun": 93.33}}, {"type": "Feature", "geometry": {"type": "Polygon", "coordinates": [[[-97.57262208036128, 19.27975010969761], [-97.57240726003033, 19.28062405006103], [-97.57146328963566, 19.2806537199964], [-97.57169124991721, 19.279785139840406], [-97.57262208036128, 19.27975010969761]]]}, "properties": {"CVEGEO": "2110800350133029", "CVE_LOC": "0035", "AGEB": "0133", "MZA": "029", "SECCION": 882, "POBTOT": 0, "P18YMAS": 0, "P18YMAS_H": 0, "P18YMAS_M": 0, "P18A24": 0, "ITER_MATCH": false, "LN_total_sec": 2061, "LN_H_sec": 985, "LN_M_sec": 1076, "LN_1839_sec": 1194, "LN_estimada": 13, "LN_H_est": 6, "LN_M_est": 6, "LN_1839_est": 7, "rank_seccion": 126, "pct_acum_sec": 79.48, "prioridad_50": false, "prioridad_80": true, "rank_municipal": 626, "pct_acum_LN_mun": 93.41}}, {"type": "Feature", "geometry": {"type": "Polygon", "coordinates": [[[-97.5715822503935, 19.283461740425764], [-97.57111805027596, 19.283480280127918], [-97.57064995016157, 19.28349268986945], [-97.57088620041642, 19.28262694022129], [-97.57183335014936, 19.282597370288116], [-97.5715822503935, 19.283461740425764]]]}, "properties": {"CVEGEO": "2110800350133018", "CVE_LOC": "0035", "AGEB": "0133", "MZA": "018", "SECCION": 882, "POBTOT": 0, "P18YMAS": 0, "P18YMAS_H": 0, "P18YMAS_M": 0, "P18A24": 0, "ITER_MATCH": false, "LN_total_sec": 2061, "LN_H_sec": 985, "LN_M_sec": 1076, "LN_1839_sec": 1194, "LN_estimada": 13, "LN_H_est": 6, "LN_M_est": 6, "LN_1839_est": 7, "rank_seccion": 127, "pct_acum_sec": 80.11, "prioridad_50": false, "prioridad_80": true, "rank_municipal": 627, "pct_acum_LN_mun": 93.5}}, {"type": "Feature", "geometry": {"type": "Polygon", "coordinates": [[[-97.53419311001922, 19.265883310052185], [-97.53415905046666, 19.266285940256022], [-97.53369227972536, 19.266259350082372], [-97.53370392045504, 19.26584416999927], [-97.53419311001922, 19.265883310052185]]]}, "properties": {"CVEGEO": "2110800320133006", "CVE_LOC": "0032", "AGEB": "0133", "MZA": "006", "SECCION": 882, "POBTOT": 0, "P18YMAS": 0, "P18YMAS_H": 0, "P18YMAS_M": 0, "P18A24": 0, "ITER_MATCH": false, "LN_total_sec": 2061, "LN_H_sec": 985, "LN_M_sec": 1076, "LN_1839_sec": 1194, "LN_estimada": 13, "LN_H_est": 6, "LN_M_est": 6, "LN_1839_est": 7, "rank_seccion": 128, "pct_acum_sec": 80.74, "prioridad_50": false, "prioridad_80": false, "rank_municipal": 628, "pct_acum_LN_mun": 93.59}}, {"type": "Feature", "geometry": {"type": "Polygon", "coordinates": [[[-97.65152012014008, 19.37080548029281], [-97.65184451976954, 19.37104954032378], [-97.6515653697219, 19.371340719987565], [-97.65125270963942, 19.37109947974538], [-97.65152012014008, 19.37080548029281]]]}, "properties": {"CVEGEO": "211080008010A069", "CVE_LOC": "0008", "AGEB": "010A", "MZA": "069", "SECCION": 875, "POBTOT": 0, "P18YMAS": 0, "P18YMAS_H": 0, "P18YMAS_M": 0, "P18A24": 0, "ITER_MATCH": false, "LN_total_sec": 1680, "LN_H_sec": 825, "LN_M_sec": 855, "LN_1839_sec": 803, "LN_estimada": 0, "LN_H_est": 0, "LN_M_est": 0, "LN_1839_est": 0, "rank_seccion": 127, "pct_acum_sec": 100.0, "prioridad_50": false, "prioridad_80": false, "rank_municipal": 1032, "pct_acum_LN_mun": 100.0}}, {"type": "Feature", "geometry": {"type": "Polygon", "coordinates": [[[-97.64886312010468, 19.368608449736318], [-97.64857453974587, 19.36837064964254], [-97.64868791036106, 19.368233600358653], [-97.64881485966453, 19.36810083040817], [-97.64910165968267, 19.36833902009786], [-97.64898285994406, 19.368471029856096], [-97.64886312010468, 19.368608449736318]]]}, "properties": {"CVEGEO": "211080008010A029", "CVE_LOC": "0008", "AGEB": "010A", "MZA": "029", "SECCION": 875, "POBTOT": 0, "P18YMAS": 0, "P18YMAS_H": 0, "P18YMAS_M": 0, "P18A24": 0, "ITER_MATCH": false, "LN_total_sec": 1680, "LN_H_sec": 825, "LN_M_sec": 855, "LN_1839_sec": 803, "LN_estimada": 0, "LN_H_est": 0, "LN_M_est": 0, "LN_1839_est": 0, "rank_seccion": 128, "pct_acum_sec": 100.0, "prioridad_50": false, "prioridad_80": false, "rank_municipal": 1033, "pct_acum_LN_mun": 100.0}}, {"type": "Feature", "geometry": {"type": "Polygon", "coordinates": [[[-97.64851839975397, 19.36842082028099], [-97.64882111042924, 19.368676449573123], [-97.64854425955234, 19.36900007981241], [-97.64825123015127, 19.36875566039211], [-97.64851839975397, 19.36842082028099]]]}, "properties": {"CVEGEO": "211080008010A028", "CVE_LOC": "0008", "AGEB": "010A", "MZA": "028", "SECCION": 875, "POBTOT": 0, "P18YMAS": 0, "P18YMAS_H": 0, "P18YMAS_M": 0, "P18A24": 0, "ITER_MATCH": false, "LN_total_sec": 1680, "LN_H_sec": 825, "LN_M_sec": 855, "LN_1839_sec": 803, "LN_estimada": 0, "LN_H_est": 0, "LN_M_est": 0, "LN_1839_est": 0, "rank_seccion": 129, "pct_acum_sec": 100.0, "prioridad_50": false, "prioridad_80": false, "rank_municipal": 1034, "pct_acum_LN_mun": 100.0}}, {"type": "Feature", "geometry": {"type": "Polygon", "coordinates": [[[-97.63864231008988, 19.407103419582423], [-97.63843454985519, 19.407338460094834], [-97.6382371197215, 19.40718639977564], [-97.6381495195884, 19.407132950281696], [-97.63806686025852, 19.407096779828404], [-97.63814337022333, 19.407034399889874], [-97.63818453977504, 19.407005919890864], [-97.63843598030887, 19.406919519972703], [-97.63855134019735, 19.406835119834533], [-97.63865128971662, 19.406907950014933], [-97.63874545042471, 19.40699671984205], [-97.63864231008988, 19.407103419582423]]]}, "properties": {"CVEGEO": "211080005010A073", "CVE_LOC": "0005", "AGEB": "010A", "MZA": "073", "SECCION": 876, "POBTOT": 0, "P18YMAS": 0, "P18YMAS_H": 0, "P18YMAS_M": 0, "P18A24": 0, "ITER_MATCH": false, "LN_total_sec": 1428, "LN_H_sec": 662, "LN_M_sec": 766, "LN_1839_sec": 812, "LN_estimada": 16, "LN_H_est": 7, "LN_M_est": 8, "LN_1839_est": 9, "rank_seccion": 79, "pct_acum_sec": 88.8, "prioridad_50": false, "prioridad_80": false, "rank_municipal": 431, "pct_acum_LN_mun": 75.65}}, {"type": "Feature", "geometry": {"type": "Polygon", "coordinates": [[[-97.63902276981217, 19.40922958032242], [-97.63895774040728, 19.40943602006627], [-97.63886428959242, 19.409532180174295], [-97.63878213972735, 19.409668629843225], [-97.63870994000388, 19.40988342003549], [-97.63863881962907, 19.40992148036481], [-97.63857981997496, 19.40995263018543], [-97.6383425802819, 19.409725970022293], [-97.63854491962891, 19.409500509950394], [-97.63875789020881, 19.409265649821236], [-97.63897390972616, 19.40902592033752], [-97.63902276981217, 19.40922958032242]]]}, "properties": {"CVEGEO": "211080005010A061", "CVE_LOC": "0005", "AGEB": "010A", "MZA": "061", "SECCION": 876, "POBTOT": 0, "P18YMAS": 0, "P18YMAS_H": 0, "P18YMAS_M": 0, "P18A24": 0, "ITER_MATCH": false, "LN_total_sec": 1428, "LN_H_sec": 662, "LN_M_sec": 766, "LN_1839_sec": 812, "LN_estimada": 16, "LN_H_est": 7, "LN_M_est": 8, "LN_1839_est": 9, "rank_seccion": 80, "pct_acum_sec": 89.92, "prioridad_50": false, "prioridad_80": false, "rank_municipal": 432, "pct_acum_LN_mun": 75.75}}, {"type": "Feature", "geometry": {"type": "Polygon", "coordinates": [[[-97.63691781951253, 19.40985518043287], [-97.63722888966677, 19.410093509950322], [-97.63714660014185, 19.41018275007505], [-97.63708424985073, 19.410254049782747], [-97.63696030998825, 19.41039442956348], [-97.63665980024486, 19.410147290433066], [-97.63678187956653, 19.410009880079645], [-97.63691781951253, 19.40985518043287]]]}, "properties": {"CVEGEO": "211080005010A024", "CVE_LOC": "0005", "AGEB": "010A", "MZA": "024", "SECCION": 876, "POBTOT": 0, "P18YMAS": 0, "P18YMAS_H": 0, "P18YMAS_M": 0, "P18A24": 0, "ITER_MATCH": false, "LN_total_sec": 1428, "LN_H_sec": 662, "LN_M_sec": 766, "LN_1839_sec": 812, "LN_estimada": 16, "LN_H_est": 7, "LN_M_est": 8, "LN_1839_est": 9, "rank_seccion": 81, "pct_acum_sec": 91.04, "prioridad_50": false, "prioridad_80": false, "rank_municipal": 433, "pct_acum_LN_mun": 75.86}}, {"type": "Feature", "geometry": {"type": "Polygon", "coordinates": [[[-97.6357305200821, 19.407664000099956], [-97.63603013960908, 19.407927619609733], [-97.63576334001581, 19.40819045979107], [-97.63547565958409, 19.40797325980376], [-97.6355986002845, 19.40782073959016], [-97.6357305200821, 19.407664000099956]]]}, "properties": {"CVEGEO": "211080005010A033", "CVE_LOC": "0005", "AGEB": "010A", "MZA": "033", "SECCION": 876, "POBTOT": 0, "P18YMAS": 0, "P18YMAS_H": 0, "P18YMAS_M": 0, "P18A24": 0, "ITER_MATCH": false, "LN_total_sec": 1428, "LN_H_sec": 662, "LN_M_sec": 766, "LN_1839_sec": 812, "LN_estimada": 16, "LN_H_est": 7, "LN_M_est": 8, "LN_1839_est": 9, "rank_seccion": 82, "pct_acum_sec": 92.16, "prioridad_50": false, "prioridad_80": false, "rank_municipal": 434, "pct_acum_LN_mun": 75.97}}, {"type": "Feature", "geometry": {"type": "Polygon", "coordinates": [[[-97.5393698804494, 19.338784260005347], [-97.54016482992289, 19.339365350205554], [-97.53970202018489, 19.339974509952423], [-97.53890122966236, 19.339385370042713], [-97.5393698804494, 19.338784260005347]]]}, "properties": {"CVEGEO": "2110800030114028", "CVE_LOC": "0003", "AGEB": "0114", "MZA": "028", "SECCION": 881, "POBTOT": 0, "P18YMAS": 0, "P18YMAS_H": 0, "P18YMAS_M": 0, "P18A24": 0, "ITER_MATCH": false, "LN_total_sec": 1115, "LN_H_sec": 551, "LN_M_sec": 564, "LN_1839_sec": 548, "LN_estimada": 22, "LN_H_est": 10, "LN_M_est": 11, "LN_1839_est": 10, "rank_seccion": 43, "pct_acum_sec": 84.84, "prioridad_50": false, "prioridad_80": false, "rank_municipal": 256, "pct_acum_LN_mun": 54.97}}, {"type": "Feature", "geometry": {"type": "Polygon", "coordinates": [[[-97.61015289033453, 19.38245059987052], [-97.60977067985927, 19.382254629708587], [-97.60996282028711, 19.381923479685693], [-97.61034782995804, 19.382090690425898], [-97.61015289033453, 19.38245059987052]]]}, "properties": {"CVEGEO": "2110800010171023", "CVE_LOC": "0001", "AGEB": "0171", "MZA": "023", "SECCION": 875, "POBTOT": 15, "P18YMAS": 8, "P18YMAS_H": 4, "P18YMAS_M": 4, "P18A24": 0, "ITER_MATCH": true, "LN_total_sec": 1680, "LN_H_sec": 825, "LN_M_sec": 855, "LN_1839_sec": 803, "LN_estimada": 15, "LN_H_est": 7, "LN_M_est": 8, "LN_1839_est": 7, "rank_seccion": 48, "pct_acum_sec": 98.04, "prioridad_50": false, "prioridad_80": false, "rank_municipal": 463, "pct_acum_LN_mun": 78.96}}, {"type": "Feature", "geometry": {"type": "Polygon", "coordinates": [[[-97.61100542030167, 19.380931940018055], [-97.61065354025398, 19.380755479598996], [-97.61084390999957, 19.380426800159036], [-97.61119359957584, 19.38058614016575], [-97.61100542030167, 19.380931940018055]]]}, "properties": {"CVEGEO": "2110800010171001", "CVE_LOC": "0001", "AGEB": "0171", "MZA": "001", "SECCION": 877, "POBTOT": 29, "P18YMAS": 16, "P18YMAS_H": 7, "P18YMAS_M": 9, "P18A24": 0, "ITER_MATCH": true, "LN_total_sec": 3745, "LN_H_sec": 1798, "LN_M_sec": 1947, "LN_1839_sec": 2000, "LN_estimada": 24, "LN_H_est": 12, "LN_M_est": 13, "LN_1839_est": 13, "rank_seccion": 75, "pct_acum_sec": 71.13, "prioridad_50": false, "prioridad_80": true, "rank_municipal": 199, "pct_acum_LN_mun": 46.45}}, {"type": "Feature", "geometry": {"type": "Polygon", "coordinates": [[[-97.61478888970444, 19.38109808979219], [-97.61515382018199, 19.381281049997845], [-97.61501745029238, 19.381534090258572], [-97.61475027979778, 19.381157800002814], [-97.61478888970444, 19.38109808979219]]]}, "properties": {"CVEGEO": "2110800010167050", "CVE_LOC": "0001", "AGEB": "0167", "MZA": "050", "SECCION": 877, "POBTOT": 2, "P18YMAS": 0, "P18YMAS_H": 0, "P18YMAS_M": 0, "P18A24": 0, "ITER_MATCH": true, "LN_total_sec": 3745, "LN_H_sec": 1798, "LN_M_sec": 1947, "LN_1839_sec": 2000, "LN_estimada": 0, "LN_H_est": 0, "LN_M_est": 0, "LN_1839_est": 0, "rank_seccion": 182, "pct_acum_sec": 100.0, "prioridad_50": false, "prioridad_80": false, "rank_municipal": 1035, "pct_acum_LN_mun": 100.0}}, {"type": "Feature", "geometry": {"type": "Polygon", "coordinates": [[[-97.61424861989614, 19.38202384991661], [-97.61469679985821, 19.38121834027428], [-97.6149610198125, 19.381606550042562], [-97.61460817004122, 19.382211939606734], [-97.61424861989614, 19.38202384991661]]]}, "properties": {"CVEGEO": "2110800010167006", "CVE_LOC": "0001", "AGEB": "0167", "MZA": "006", "SECCION": 877, "POBTOT": 22, "P18YMAS": 17, "P18YMAS_H": 7, "P18YMAS_M": 10, "P18A24": 4, "ITER_MATCH": true, "LN_total_sec": 3745, "LN_H_sec": 1798, "LN_M_sec": 1947, "LN_1839_sec": 2000, "LN_estimada": 26, "LN_H_est": 12, "LN_M_est": 13, "LN_1839_est": 14, "rank_seccion": 69, "pct_acum_sec": 67.24, "prioridad_50": false, "prioridad_80": true, "rank_municipal": 170, "pct_acum_LN_mun": 41.64}}, {"type": "Feature", "geometry": {"type": "Polygon", "coordinates": [[[-97.61189468982332, 19.37843025015925], [-97.61188824968767, 19.37846948969635], [-97.61166511979901, 19.37886373992842], [-97.61132670959891, 19.378704290176888], [-97.61147374004604, 19.378447709684174], [-97.61158258025627, 19.3783540798868], [-97.61166903006469, 19.378269519671008], [-97.61185009017656, 19.378363769770758], [-97.61189473989954, 19.378400060121642], [-97.61189468982332, 19.37843025015925]]]}, "properties": {"CVEGEO": "2110800010171030", "CVE_LOC": "0001", "AGEB": "0171", "MZA": "030", "SECCION": 877, "POBTOT": 14, "P18YMAS": 7, "P18YMAS_H": 3, "P18YMAS_M": 4, "P18A24": 0, "ITER_MATCH": true, "LN_total_sec": 3745, "LN_H_sec": 1798, "LN_M_sec": 1947, "LN_1839_sec": 2000, "LN_estimada": 10, "LN_H_est": 5, "LN_M_est": 5, "LN_1839_est": 6, "rank_seccion": 136, "pct_acum_sec": 97.86, "prioridad_50": false, "prioridad_80": false, "rank_municipal": 693, "pct_acum_LN_mun": 98.75}}, {"type": "Feature", "geometry": {"type": "Polygon", "coordinates": [[[-97.61910791961088, 19.379623970049245], [-97.61922740012064, 19.379411110035157], [-97.61928234978348, 19.37931320019713], [-97.6195731803164, 19.37946661990741], [-97.61963934022242, 19.379501510386348], [-97.61945211020898, 19.37980602989009], [-97.61910791961088, 19.379623970049245]]]}, "properties": {"CVEGEO": "2110800010148026", "CVE_LOC": "0001", "AGEB": "0148", "MZA": "026", "SECCION": 2747, "POBTOT": 54, "P18YMAS": 32, "P18YMAS_H": 14, "P18YMAS_M": 18, "P18A24": 6, "ITER_MATCH": true, "LN_total_sec": 923, "LN_H_sec": 421, "LN_M_sec": 502, "LN_1839_sec": 436, "LN_estimada": 42, "LN_H_est": 19, "LN_M_est": 22, "LN_1839_est": 20, "rank_seccion": 3, "pct_acum_sec": 15.71, "prioridad_50": true, "prioridad_80": true, "rank_municipal": 41, "pct_acum_LN_mun": 14.01}}, {"type": "Feature", "geometry": {"type": "Polygon", "coordinates": [[[-97.6214777098604, 19.378314430157083], [-97.62165380038799, 19.377984339799774], [-97.62175034043415, 19.378032430112672], [-97.62162982994771, 19.37839077975003], [-97.6214777098604, 19.378314430157083]]]}, "properties": {"CVEGEO": "2110800010148025", "CVE_LOC": "0001", "AGEB": "0148", "MZA": "025", "SECCION": 2747, "POBTOT": 12, "P18YMAS": 9, "P18YMAS_H": 5, "P18YMAS_M": 4, "P18A24": 4, "ITER_MATCH": true, "LN_total_sec": 923, "LN_H_sec": 421, "LN_M_sec": 502, "LN_1839_sec": 436, "LN_estimada": 12, "LN_H_est": 5, "LN_M_est": 6, "LN_1839_est": 5, "rank_seccion": 39, "pct_acum_sec": 96.1, "prioridad_50": false, "prioridad_80": false, "rank_municipal": 655, "pct_acum_LN_mun": 95.86}}, {"type": "Feature", "geometry": {"type": "Polygon", "coordinates": [[[-97.61744279994356, 19.371002920192936], [-97.61761670955762, 19.37070578038083], [-97.61797534012581, 19.370892419761454], [-97.61782343037397, 19.371155630119084], [-97.6178001202845, 19.371195979918294], [-97.61744279994356, 19.371002920192936]]]}, "properties": {"CVEGEO": "2110800010097043", "CVE_LOC": "0001", "AGEB": "0097", "MZA": "043", "SECCION": 879, "POBTOT": 42, "P18YMAS": 25, "P18YMAS_H": 12, "P18YMAS_M": 13, "P18A24": 4, "ITER_MATCH": true, "LN_total_sec": 1640, "LN_H_sec": 768, "LN_M_sec": 872, "LN_1839_sec": 820, "LN_estimada": 35, "LN_H_est": 16, "LN_M_est": 19, "LN_1839_est": 17, "rank_seccion": 7, "pct_acum_sec": 15.67, "prioridad_50": true, "prioridad_80": true, "rank_municipal": 73, "pct_acum_LN_mun": 22.13}}, {"type": "Feature", "geometry": {"type": "Polygon", "coordinates": [[[-97.61651107978511, 19.372597089737614], [-97.61672259961448, 19.37224742967505], [-97.61709577998165, 19.37244237988146], [-97.6168872301837, 19.37279591986332], [-97.61651107978511, 19.372597089737614]]]}, "properties": {"CVEGEO": "2110800010097006", "CVE_LOC": "0001", "AGEB": "0097", "MZA": "006", "SECCION": 878, "POBTOT": 18, "P18YMAS": 11, "P18YMAS_H": 6, "P18YMAS_M": 5, "P18A24": 0, "ITER_MATCH": true, "LN_total_sec": 1218, "LN_H_sec": 568, "LN_M_sec": 650, "LN_1839_sec": 631, "LN_estimada": 15, "LN_H_est": 7, "LN_M_est": 8, "LN_1839_est": 8, "rank_seccion": 39, "pct_acum_sec": 87.77, "prioridad_50": false, "prioridad_80": false, "rank_municipal": 464, "pct_acum_LN_mun": 79.06}}, {"type": "Feature", "geometry": {"type": "Polygon", "coordinates": [[[-97.61906472040408, 19.37290113998599], [-97.61925611957986, 19.372536539656274], [-97.61962039961789, 19.37272097985009], [-97.61948277000484, 19.37296268039176], [-97.61941417979268, 19.373083089863496], [-97.61906472040408, 19.37290113998599]]]}, "properties": {"CVEGEO": "2110800010082024", "CVE_LOC": "0001", "AGEB": "0082", "MZA": "024", "SECCION": 879, "POBTOT": 26, "P18YMAS": 16, "P18YMAS_H": 8, "P18YMAS_M": 8, "P18A24": 0, "ITER_MATCH": true, "LN_total_sec": 1640, "LN_H_sec": 768, "LN_M_sec": 872, "LN_1839_sec": 820, "LN_estimada": 22, "LN_H_est": 10, "LN_M_est": 12, "LN_1839_est": 11, "rank_seccion": 36, "pct_acum_sec": 62.99, "prioridad_50": false, "prioridad_80": true, "rank_municipal": 257, "pct_acum_LN_mun": 55.12}}, {"type": "Feature", "geometry": {"type": "Polygon", "coordinates": [[[-97.62722690998395, 19.37200142004365], [-97.62734358016385, 19.371774419602808], [-97.62785255025027, 19.37185157020884], [-97.62764025996165, 19.372219890139753], [-97.62722690998395, 19.37200142004365]]]}, "properties": {"CVEGEO": "2110800010063049", "CVE_LOC": "0001", "AGEB": "0063", "MZA": "049", "SECCION": 880, "POBTOT": 2, "P18YMAS": 0, "P18YMAS_H": 0, "P18YMAS_M": 0, "P18A24": 0, "ITER_MATCH": true, "LN_total_sec": 1026, "LN_H_sec": 513, "LN_M_sec": 513, "LN_1839_sec": 467, "LN_estimada": 0, "LN_H_est": 0, "LN_M_est": 0, "LN_1839_est": 0, "rank_seccion": 68, "pct_acum_sec": 100.0, "prioridad_50": false, "prioridad_80": false, "rank_municipal": 1036, "pct_acum_LN_mun": 100.0}}, {"type": "Feature", "geometry": {"type": "Polygon", "coordinates": [[[-97.62542739973226, 19.37264774024838], [-97.62534193997705, 19.372384339652125], [-97.62547086003381, 19.372239419861177], [-97.62583443004036, 19.37242979993265], [-97.62563952014449, 19.37276154017197], [-97.62542739973226, 19.37264774024838]]]}, "properties": {"CVEGEO": "2110800010063013", "CVE_LOC": "0001", "AGEB": "0063", "MZA": "013", "SECCION": 880, "POBTOT": 0, "P18YMAS": 0, "P18YMAS_H": 0, "P18YMAS_M": 0, "P18A24": 0, "ITER_MATCH": true, "LN_total_sec": 1026, "LN_H_sec": 513, "LN_M_sec": 513, "LN_1839_sec": 467, "LN_estimada": 0, "LN_H_est": 0, "LN_M_est": 0, "LN_1839_est": 0, "rank_seccion": 69, "pct_acum_sec": 100.0, "prioridad_50": false, "prioridad_80": false, "rank_municipal": 1037, "pct_acum_LN_mun": 100.0}}, {"type": "Feature", "geometry": {"type": "Polygon", "coordinates": [[[-97.61660026024128, 19.375247739624765], [-97.61679667968967, 19.374903060280904], [-97.61715445958583, 19.37508846026984], [-97.61695308972433, 19.375434059688885], [-97.61660026024128, 19.375247739624765]]]}, "properties": {"CVEGEO": "2110800010044042", "CVE_LOC": "0001", "AGEB": "0044", "MZA": "042", "SECCION": 877, "POBTOT": 3, "P18YMAS": 0, "P18YMAS_H": 0, "P18YMAS_M": 0, "P18A24": 0, "ITER_MATCH": true, "LN_total_sec": 3745, "LN_H_sec": 1798, "LN_M_sec": 1947, "LN_1839_sec": 2000, "LN_estimada": 0, "LN_H_est": 0, "LN_M_est": 0, "LN_1839_est": 0, "rank_seccion": 183, "pct_acum_sec": 100.0, "prioridad_50": false, "prioridad_80": false, "rank_municipal": 1038, "pct_acum_LN_mun": 100.0}}, {"type": "Feature", "geometry": {"type": "Polygon", "coordinates": [[[-97.61560975004214, 19.37630062980015], [-97.61549855019122, 19.376240800346473], [-97.6156804002131, 19.375938309656977], [-97.61602596975345, 19.376115859701144], [-97.6158297195396, 19.376418949922066], [-97.61560975004214, 19.37630062980015]]]}, "properties": {"CVEGEO": "2110800010044004", "CVE_LOC": "0001", "AGEB": "0044", "MZA": "004", "SECCION": 877, "POBTOT": 38, "P18YMAS": 23, "P18YMAS_H": 10, "P18YMAS_M": 13, "P18A24": 3, "ITER_MATCH": true, "LN_total_sec": 3745, "LN_H_sec": 1798, "LN_M_sec": 1947, "LN_1839_sec": 2000, "LN_estimada": 35, "LN_H_est": 17, "LN_M_est": 18, "LN_1839_est": 19, "rank_seccion": 33, "pct_acum_sec": 38.61, "prioridad_50": true, "prioridad_80": true, "rank_municipal": 74, "pct_acum_LN_mun": 22.36}}, {"type": "Feature", "geometry": {"type": "Polygon", "coordinates": [[[-97.61507505977998, 19.37603293965798], [-97.61527411992232, 19.37572427991091], [-97.6155079396849, 19.375840519873936], [-97.61561779999172, 19.37589513955351], [-97.61544253991123, 19.376204830416334], [-97.61507505977998, 19.37603293965798]]]}, "properties": {"CVEGEO": "2110800010044003", "CVE_LOC": "0001", "AGEB": "0044", "MZA": "003", "SECCION": 877, "POBTOT": 34, "P18YMAS": 24, "P18YMAS_H": 12, "P18YMAS_M": 12, "P18A24": 5, "ITER_MATCH": true, "LN_total_sec": 3745, "LN_H_sec": 1798, "LN_M_sec": 1947, "LN_1839_sec": 2000, "LN_estimada": 36, "LN_H_est": 17, "LN_M_est": 19, "LN_1839_est": 19, "rank_seccion": 30, "pct_acum_sec": 35.81, "prioridad_50": true, "prioridad_80": true, "rank_municipal": 67, "pct_acum_LN_mun": 20.71}}, {"type": "Feature", "geometry": {"type": "Polygon", "coordinates": [[[-97.61867021961666, 19.37843687997833], [-97.61887551957324, 19.378092260275015], [-97.6192319403995, 19.378275690227706], [-97.61904364963429, 19.378621779866762], [-97.61867021961666, 19.37843687997833]]]}, "properties": {"CVEGEO": "211080001003A018", "CVE_LOC": "0001", "AGEB": "003A", "MZA": "018", "SECCION": 877, "POBTOT": 22, "P18YMAS": 14, "P18YMAS_H": 5, "P18YMAS_M": 9, "P18A24": 4, "ITER_MATCH": true, "LN_total_sec": 3745, "LN_H_sec": 1798, "LN_M_sec": 1947, "LN_1839_sec": 2000, "LN_estimada": 21, "LN_H_est": 10, "LN_M_est": 11, "LN_1839_est": 11, "rank_seccion": 85, "pct_acum_sec": 76.9, "prioridad_50": false, "prioridad_80": true, "rank_municipal": 271, "pct_acum_LN_mun": 57.11}}, {"type": "Feature", "geometry": {"type": "Polygon", "coordinates": [[[-97.62289200005087, 19.379571509790352], [-97.62306505026012, 19.379278720094554], [-97.62310683044869, 19.379208000349987], [-97.62347524968031, 19.379397519753603], [-97.62326018014595, 19.379763229879785], [-97.62289200005087, 19.379571509790352]]]}, "properties": {"CVEGEO": "2110800010010035", "CVE_LOC": "0001", "AGEB": "0010", "MZA": "035", "SECCION": 875, "POBTOT": 53, "P18YMAS": 34, "P18YMAS_H": 17, "P18YMAS_M": 17, "P18A24": 5, "ITER_MATCH": true, "LN_total_sec": 1680, "LN_H_sec": 825, "LN_M_sec": 855, "LN_1839_sec": 803, "LN_estimada": 63, "LN_H_est": 31, "LN_M_est": 32, "LN_1839_est": 30, "rank_seccion": 2, "pct_acum_sec": 7.92, "prioridad_50": true, "prioridad_80": true, "rank_municipal": 5, "pct_acum_LN_mun": 2.22}}, {"type": "Feature", "geometry": {"type": "Polygon", "coordinates": [[[-97.59816994967429, 19.373366580381077], [-97.5983397701955, 19.3730214503873], [-97.59870342044681, 19.37320308023761], [-97.5985298799534, 19.37351805954642], [-97.59816994967429, 19.373366580381077]]]}, "properties": {"CVEGEO": "2110800850114053", "CVE_LOC": "0085", "AGEB": "0114", "MZA": "053", "SECCION": 879, "POBTOT": 0, "P18YMAS": 0, "P18YMAS_H": 0, "P18YMAS_M": 0, "P18A24": 0, "ITER_MATCH": false, "LN_total_sec": 1640, "LN_H_sec": 768, "LN_M_sec": 872, "LN_1839_sec": 820, "LN_estimada": 0, "LN_H_est": 0, "LN_M_est": 0, "LN_1839_est": 0, "rank_seccion": 222, "pct_acum_sec": 100.0, "prioridad_50": false, "prioridad_80": false, "rank_municipal": 1039, "pct_acum_LN_mun": 100.0}}, {"type": "Feature", "geometry": {"type": "Polygon", "coordinates": [[[-97.59587034036569, 19.37231621960531], [-97.59561391016669, 19.372201179669712], [-97.59498489005136, 19.371917740309325], [-97.59496706038914, 19.371884109611653], [-97.59507997006062, 19.371819650249474], [-97.59513344953555, 19.371769199928757], [-97.59516611991651, 19.37171874016288], [-97.59529091010067, 19.37166548997336], [-97.59542942030644, 19.371710249992923], [-97.59560597998501, 19.371773579610004], [-97.59585256957465, 19.371868880015153], [-97.59603379967986, 19.371964169948264], [-97.59587034036569, 19.37231621960531]]]}, "properties": {"CVEGEO": "2110800850114126", "CVE_LOC": "0085", "AGEB": "0114", "MZA": "126", "SECCION": 879, "POBTOT": 0, "P18YMAS": 0, "P18YMAS_H": 0, "P18YMAS_M": 0, "P18A24": 0, "ITER_MATCH": false, "LN_total_sec": 1640, "LN_H_sec": 768, "LN_M_sec": 872, "LN_1839_sec": 820, "LN_estimada": 0, "LN_H_est": 0, "LN_M_est": 0, "LN_1839_est": 0, "rank_seccion": 223, "pct_acum_sec": 100.0, "prioridad_50": false, "prioridad_80": false, "rank_municipal": 1040, "pct_acum_LN_mun": 100.0}}, {"type": "Feature", "geometry": {"type": "Polygon", "coordinates": [[[-97.60299682024946, 19.37710799993729], [-97.60317211040802, 19.376783999697597], [-97.60355548029789, 19.376955600121235], [-97.6033793804178, 19.377273350455766], [-97.60299682024946, 19.37710799993729]]]}, "properties": {"CVEGEO": "2110800850114113", "CVE_LOC": "0085", "AGEB": "0114", "MZA": "113", "SECCION": 879, "POBTOT": 0, "P18YMAS": 0, "P18YMAS_H": 0, "P18YMAS_M": 0, "P18A24": 0, "ITER_MATCH": false, "LN_total_sec": 1640, "LN_H_sec": 768, "LN_M_sec": 872, "LN_1839_sec": 820, "LN_estimada": 0, "LN_H_est": 0, "LN_M_est": 0, "LN_1839_est": 0, "rank_seccion": 224, "pct_acum_sec": 100.0, "prioridad_50": false, "prioridad_80": false, "rank_municipal": 1041, "pct_acum_LN_mun": 100.0}}, {"type": "Feature", "geometry": {"type": "Polygon", "coordinates": [[[-97.62080569012616, 19.37949765982815], [-97.62099059953606, 19.379167650401115], [-97.62125377962502, 19.37930888034438], [-97.62110400032005, 19.379655879643973], [-97.62080569012616, 19.37949765982815]]]}, "properties": {"CVEGEO": "2110800010148006", "CVE_LOC": "0001", "AGEB": "0148", "MZA": "006", "SECCION": 2747, "POBTOT": 36, "P18YMAS": 25, "P18YMAS_H": 12, "P18YMAS_M": 13, "P18A24": 6, "ITER_MATCH": true, "LN_total_sec": 923, "LN_H_sec": 421, "LN_M_sec": 502, "LN_1839_sec": 436, "LN_estimada": 32, "LN_H_est": 15, "LN_M_est": 18, "LN_1839_est": 15, "rank_seccion": 7, "pct_acum_sec": 30.88, "prioridad_50": true, "prioridad_80": true, "rank_municipal": 99, "pct_acum_LN_mun": 27.86}}, {"type": "Feature", "geometry": {"type": "Polygon", "coordinates": [[[-97.61605653961209, 19.37340287977127], [-97.61624985961305, 19.37305336981384], [-97.61662017006998, 19.37324157983614], [-97.61641356961213, 19.373589200396594], [-97.61605653961209, 19.37340287977127]]]}, "properties": {"CVEGEO": "2110800010097022", "CVE_LOC": "0001", "AGEB": "0097", "MZA": "022", "SECCION": 878, "POBTOT": 16, "P18YMAS": 12, "P18YMAS_H": 8, "P18YMAS_M": 4, "P18A24": 4, "ITER_MATCH": true, "LN_total_sec": 1218, "LN_H_sec": 568, "LN_M_sec": 650, "LN_1839_sec": 631, "LN_estimada": 17, "LN_H_est": 8, "LN_M_est": 9, "LN_1839_est": 9, "rank_seccion": 33, "pct_acum_sec": 80.05, "prioridad_50": false, "prioridad_80": true, "rank_municipal": 345, "pct_acum_LN_mun": 66.37}}, {"type": "Feature", "geometry": {"type": "Polygon", "coordinates": [[[-97.6164651795899, 19.373622340306877], [-97.61667744969321, 19.373275709872143], [-97.61700815019582, 19.373449230293645], [-97.6168207395657, 19.373803780014512], [-97.6164651795899, 19.373622340306877]]]}, "properties": {"CVEGEO": "2110800010097021", "CVE_LOC": "0001", "AGEB": "0097", "MZA": "021", "SECCION": 878, "POBTOT": 0, "P18YMAS": 0, "P18YMAS_H": 0, "P18YMAS_M": 0, "P18A24": 0, "ITER_MATCH": true, "LN_total_sec": 1218, "LN_H_sec": 568, "LN_M_sec": 650, "LN_1839_sec": 631, "LN_estimada": 0, "LN_H_est": 0, "LN_M_est": 0, "LN_1839_est": 0, "rank_seccion": 70, "pct_acum_sec": 100.0, "prioridad_50": false, "prioridad_80": false, "rank_municipal": 1042, "pct_acum_LN_mun": 100.0}}, {"type": "Feature", "geometry": {"type": "Polygon", "coordinates": [[[-97.62406292006925, 19.3725285797894], [-97.6242969202252, 19.37267067963048], [-97.62393151027183, 19.372854200259248], [-97.62406292006925, 19.3725285797894]]]}, "properties": {"CVEGEO": "2110800010078015", "CVE_LOC": "0001", "AGEB": "0078", "MZA": "015", "SECCION": 880, "POBTOT": 4, "P18YMAS": 0, "P18YMAS_H": 0, "P18YMAS_M": 0, "P18A24": 0, "ITER_MATCH": true, "LN_total_sec": 1026, "LN_H_sec": 513, "LN_M_sec": 513, "LN_1839_sec": 467, "LN_estimada": 0, "LN_H_est": 0, "LN_M_est": 0, "LN_1839_est": 0, "rank_seccion": 70, "pct_acum_sec": 100.0, "prioridad_50": false, "prioridad_80": false, "rank_municipal": 1043, "pct_acum_LN_mun": 100.0}}, {"type": "Feature", "geometry": {"type": "Polygon", "coordinates": [[[-97.62278969041789, 19.37225962013265], [-97.62297301992699, 19.37192857044677], [-97.62331401971599, 19.372120449906117], [-97.62313246045845, 19.372444849642132], [-97.62278969041789, 19.37225962013265]]]}, "properties": {"CVEGEO": "2110800010078012", "CVE_LOC": "0001", "AGEB": "0078", "MZA": "012", "SECCION": 880, "POBTOT": 6, "P18YMAS": 6, "P18YMAS_H": 4, "P18YMAS_M": 0, "P18A24": 0, "ITER_MATCH": true, "LN_total_sec": 1026, "LN_H_sec": 513, "LN_M_sec": 513, "LN_1839_sec": 467, "LN_estimada": 8, "LN_H_est": 4, "LN_M_est": 4, "LN_1839_est": 4, "rank_seccion": 48, "pct_acum_sec": 100.0, "prioridad_50": false, "prioridad_80": false, "rank_municipal": 711, "pct_acum_LN_mun": 99.82}}, {"type": "Feature", "geometry": {"type": "Polygon", "coordinates": [[[-97.62211822002843, 19.372440969913054], [-97.62233264957294, 19.372078180076926], [-97.62269507957085, 19.372275830150404], [-97.6224962899175, 19.372642050267658], [-97.62211822002843, 19.372440969913054]]]}, "properties": {"CVEGEO": "2110800010078010", "CVE_LOC": "0001", "AGEB": "0078", "MZA": "010", "SECCION": 879, "POBTOT": 30, "P18YMAS": 20, "P18YMAS_H": 9, "P18YMAS_M": 11, "P18A24": 3, "ITER_MATCH": true, "LN_total_sec": 1640, "LN_H_sec": 768, "LN_M_sec": 872, "LN_1839_sec": 820, "LN_estimada": 28, "LN_H_est": 13, "LN_M_est": 15, "LN_1839_est": 14, "rank_seccion": 20, "pct_acum_sec": 39.15, "prioridad_50": true, "prioridad_80": true, "rank_municipal": 148, "pct_acum_LN_mun": 37.71}}, {"type": "Feature", "geometry": {"type": "Polygon", "coordinates": [[[-97.6256984598437, 19.37279004996067], [-97.62589060014906, 19.37245993976921], [-97.62613797046602, 19.372591289953334], [-97.62594503003521, 19.372919119560745], [-97.6256984598437, 19.37279004996067]]]}, "properties": {"CVEGEO": "2110800010063014", "CVE_LOC": "0001", "AGEB": "0063", "MZA": "014", "SECCION": 880, "POBTOT": 4, "P18YMAS": 0, "P18YMAS_H": 0, "P18YMAS_M": 0, "P18A24": 0, "ITER_MATCH": true, "LN_total_sec": 1026, "LN_H_sec": 513, "LN_M_sec": 513, "LN_1839_sec": 467, "LN_estimada": 0, "LN_H_est": 0, "LN_M_est": 0, "LN_1839_est": 0, "rank_seccion": 71, "pct_acum_sec": 100.0, "prioridad_50": false, "prioridad_80": false, "rank_municipal": 1044, "pct_acum_LN_mun": 100.0}}, {"type": "Feature", "geometry": {"type": "Polygon", "coordinates": [[[-97.61590402006306, 19.376448679843953], [-97.6159836802947, 19.376323920230558], [-97.61610751967577, 19.37612995008196], [-97.61646031970584, 19.376318540147764], [-97.61635804993837, 19.376481709691816], [-97.61625913996788, 19.376639510336638], [-97.61590402006306, 19.376448679843953]]]}, "properties": {"CVEGEO": "2110800010044005", "CVE_LOC": "0001", "AGEB": "0044", "MZA": "005", "SECCION": 877, "POBTOT": 32, "P18YMAS": 22, "P18YMAS_H": 11, "P18YMAS_M": 11, "P18A24": 0, "ITER_MATCH": true, "LN_total_sec": 3745, "LN_H_sec": 1798, "LN_M_sec": 1947, "LN_1839_sec": 2000, "LN_estimada": 33, "LN_H_est": 16, "LN_M_est": 17, "LN_1839_est": 18, "rank_seccion": 37, "pct_acum_sec": 42.14, "prioridad_50": true, "prioridad_80": true, "rank_municipal": 84, "pct_acum_LN_mun": 24.62}}, {"type": "Feature", "geometry": {"type": "Polygon", "coordinates": [[[-97.61958388980602, 19.377840860211727], [-97.6198002795373, 19.37750838027179], [-97.62013204974629, 19.377700080020915], [-97.6199505400149, 19.378046029888115], [-97.61958388980602, 19.377840860211727]]]}, "properties": {"CVEGEO": "211080001003A037", "CVE_LOC": "0001", "AGEB": "003A", "MZA": "037", "SECCION": 2747, "POBTOT": 7, "P18YMAS": 0, "P18YMAS_H": 0, "P18YMAS_M": 0, "P18A24": 0, "ITER_MATCH": true, "LN_total_sec": 923, "LN_H_sec": 421, "LN_M_sec": 502, "LN_1839_sec": 436, "LN_estimada": 0, "LN_H_est": 0, "LN_M_est": 0, "LN_1839_est": 0, "rank_seccion": 68, "pct_acum_sec": 100.0, "prioridad_50": false, "prioridad_80": false, "rank_municipal": 1045, "pct_acum_LN_mun": 100.0}}, {"type": "Feature", "geometry": {"type": "Polygon", "coordinates": [[[-97.61915029020615, 19.377600260420934], [-97.6193412597096, 19.377265280281538], [-97.61946212036862, 19.37732678012211], [-97.61970408009195, 19.377449919666322], [-97.61949684976584, 19.377798200330364], [-97.61915029020615, 19.377600260420934]]]}, "properties": {"CVEGEO": "211080001003A036", "CVE_LOC": "0001", "AGEB": "003A", "MZA": "036", "SECCION": 877, "POBTOT": 11, "P18YMAS": 7, "P18YMAS_H": 3, "P18YMAS_M": 4, "P18A24": 0, "ITER_MATCH": true, "LN_total_sec": 3745, "LN_H_sec": 1798, "LN_M_sec": 1947, "LN_1839_sec": 2000, "LN_estimada": 10, "LN_H_est": 5, "LN_M_est": 5, "LN_1839_est": 6, "rank_seccion": 137, "pct_acum_sec": 98.13, "prioridad_50": false, "prioridad_80": false, "rank_municipal": 694, "pct_acum_LN_mun": 98.81}}, {"type": "Feature", "geometry": {"type": "Polygon", "coordinates": [[[-97.61871256967213, 19.37737811971842], [-97.61890035030439, 19.377053690393023], [-97.61902151037363, 19.377112879847516], [-97.61926933996399, 19.37723391982202], [-97.61907219995643, 19.37757579973619], [-97.61871256967213, 19.37737811971842]]]}, "properties": {"CVEGEO": "211080001003A035", "CVE_LOC": "0001", "AGEB": "003A", "MZA": "035", "SECCION": 877, "POBTOT": 9, "P18YMAS": 0, "P18YMAS_H": 0, "P18YMAS_M": 0, "P18A24": 0, "ITER_MATCH": true, "LN_total_sec": 3745, "LN_H_sec": 1798, "LN_M_sec": 1947, "LN_1839_sec": 2000, "LN_estimada": 0, "LN_H_est": 0, "LN_M_est": 0, "LN_1839_est": 0, "rank_seccion": 184, "pct_acum_sec": 100.0, "prioridad_50": false, "prioridad_80": false, "rank_municipal": 1046, "pct_acum_LN_mun": 100.0}}, {"type": "Feature", "geometry": {"type": "Polygon", "coordinates": [[[-97.61829565956826, 19.377172649573918], [-97.61848652007501, 19.376834310254498], [-97.61884035024167, 19.377023599892606], [-97.61865260015547, 19.377342450365482], [-97.61829565956826, 19.377172649573918]]]}, "properties": {"CVEGEO": "211080001003A034", "CVE_LOC": "0001", "AGEB": "003A", "MZA": "034", "SECCION": 877, "POBTOT": 14, "P18YMAS": 7, "P18YMAS_H": 3, "P18YMAS_M": 4, "P18A24": 0, "ITER_MATCH": true, "LN_total_sec": 3745, "LN_H_sec": 1798, "LN_M_sec": 1947, "LN_1839_sec": 2000, "LN_estimada": 10, "LN_H_est": 5, "LN_M_est": 5, "LN_1839_est": 6, "rank_seccion": 138, "pct_acum_sec": 98.4, "prioridad_50": false, "prioridad_80": false, "rank_municipal": 695, "pct_acum_LN_mun": 98.88}}, {"type": "Feature", "geometry": {"type": "Polygon", "coordinates": [[[-97.61780065953747, 19.37693283020321], [-97.61799948963882, 19.376584539597193], [-97.6182503399951, 19.376706090306627], [-97.6183770196267, 19.37676747970372], [-97.61828909000818, 19.376923690387862], [-97.61817355043902, 19.37712891019417], [-97.61780065953747, 19.37693283020321]]]}, "properties": {"CVEGEO": "211080001003A033", "CVE_LOC": "0001", "AGEB": "003A", "MZA": "033", "SECCION": 877, "POBTOT": 25, "P18YMAS": 18, "P18YMAS_H": 9, "P18YMAS_M": 9, "P18A24": 4, "ITER_MATCH": true, "LN_total_sec": 3745, "LN_H_sec": 1798, "LN_M_sec": 1947, "LN_1839_sec": 2000, "LN_estimada": 27, "LN_H_est": 13, "LN_M_est": 14, "LN_1839_est": 15, "rank_seccion": 62, "pct_acum_sec": 62.32, "prioridad_50": false, "prioridad_80": true, "rank_municipal": 157, "pct_acum_LN_mun": 39.34}}, {"type": "Feature", "geometry": {"type": "Polygon", "coordinates": [[[-97.6173677404672, 19.37671768981534], [-97.61747171958932, 19.37654631025986], [-97.6175765502852, 19.376373539616765], [-97.61792991965261, 19.376557490313015], [-97.61772981987876, 19.376893630269297], [-97.6173677404672, 19.37671768981534]]]}, "properties": {"CVEGEO": "211080001003A032", "CVE_LOC": "0001", "AGEB": "003A", "MZA": "032", "SECCION": 877, "POBTOT": 8, "P18YMAS": 6, "P18YMAS_H": 0, "P18YMAS_M": 4, "P18A24": 0, "ITER_MATCH": true, "LN_total_sec": 3745, "LN_H_sec": 1798, "LN_M_sec": 1947, "LN_1839_sec": 2000, "LN_estimada": 9, "LN_H_est": 4, "LN_M_est": 5, "LN_1839_est": 5, "rank_seccion": 142, "pct_acum_sec": 99.39, "prioridad_50": false, "prioridad_80": false, "rank_municipal": 703, "pct_acum_LN_mun": 99.37}}, {"type": "Feature", "geometry": {"type": "Polygon", "coordinates": [[[-97.62195974019684, 19.38023699982844], [-97.62219021993496, 19.379801819717347], [-97.62259073987792, 19.379997969965896], [-97.62240730952304, 19.38030718043634], [-97.62195974019684, 19.38023699982844]]]}, "properties": {"CVEGEO": "2110800010010051", "CVE_LOC": "0001", "AGEB": "0010", "MZA": "051", "SECCION": 875, "POBTOT": 5, "P18YMAS": 0, "P18YMAS_H": 0, "P18YMAS_M": 0, "P18A24": 0, "ITER_MATCH": true, "LN_total_sec": 1680, "LN_H_sec": 825, "LN_M_sec": 855, "LN_1839_sec": 803, "LN_estimada": 0, "LN_H_est": 0, "LN_M_est": 0, "LN_1839_est": 0, "rank_seccion": 130, "pct_acum_sec": 100.0, "prioridad_50": false, "prioridad_80": false, "rank_municipal": 1047, "pct_acum_LN_mun": 100.0}}, {"type": "Feature", "geometry": {"type": "Polygon", "coordinates": [[[-97.62248832022686, 19.380317879994713], [-97.62264705975184, 19.380025549578363], [-97.62300328025391, 19.380203459595368], [-97.62291941978681, 19.38037175014727], [-97.62248832022686, 19.380317879994713]]]}, "properties": {"CVEGEO": "2110800010010050", "CVE_LOC": "0001", "AGEB": "0010", "MZA": "050", "SECCION": 875, "POBTOT": 12, "P18YMAS": 10, "P18YMAS_H": 5, "P18YMAS_M": 5, "P18A24": 0, "ITER_MATCH": true, "LN_total_sec": 1680, "LN_H_sec": 825, "LN_M_sec": 855, "LN_1839_sec": 803, "LN_estimada": 19, "LN_H_est": 9, "LN_M_est": 9, "LN_1839_est": 9, "rank_seccion": 42, "pct_acum_sec": 92.26, "prioridad_50": false, "prioridad_80": false, "rank_municipal": 306, "pct_acum_LN_mun": 61.8}}, {"type": "Feature", "geometry": {"type": "Polygon", "coordinates": [[[-97.62472452016101, 19.37639202020809], [-97.62475426033517, 19.37634216983444], [-97.6248050196745, 19.376257060215107], [-97.62485576972217, 19.376171970259985], [-97.62492753981311, 19.376051620166695], [-97.62531791026935, 19.376249769921376], [-97.6251194798995, 19.3765918198049], [-97.62472452016101, 19.37639202020809]]]}, "properties": {"CVEGEO": "2110800010010047", "CVE_LOC": "0001", "AGEB": "0010", "MZA": "047", "SECCION": 880, "POBTOT": 0, "P18YMAS": 0, "P18YMAS_H": 0, "P18YMAS_M": 0, "P18A24": 0, "ITER_MATCH": true, "LN_total_sec": 1026, "LN_H_sec": 513, "LN_M_sec": 513, "LN_1839_sec": 467, "LN_estimada": 0, "LN_H_est": 0, "LN_M_est": 0, "LN_1839_est": 0, "rank_seccion": 72, "pct_acum_sec": 100.0, "prioridad_50": false, "prioridad_80": false, "rank_municipal": 1048, "pct_acum_LN_mun": 100.0}}, {"type": "Feature", "geometry": {"type": "Polygon", "coordinates": [[[-97.62468640023998, 19.378441199763753], [-97.62489948023487, 19.37809500028543], [-97.62523686003726, 19.37826618033146], [-97.62504889019084, 19.37862501998767], [-97.62468640023998, 19.378441199763753]]]}, "properties": {"CVEGEO": "2110800010010005", "CVE_LOC": "0001", "AGEB": "0010", "MZA": "005", "SECCION": 875, "POBTOT": 55, "P18YMAS": 38, "P18YMAS_H": 18, "P18YMAS_M": 20, "P18A24": 6, "ITER_MATCH": true, "LN_total_sec": 1680, "LN_H_sec": 825, "LN_M_sec": 855, "LN_1839_sec": 803, "LN_estimada": 70, "LN_H_est": 35, "LN_M_est": 36, "LN_1839_est": 34, "rank_seccion": 1, "pct_acum_sec": 4.17, "prioridad_50": true, "prioridad_80": true, "rank_municipal": 1, "pct_acum_LN_mun": 0.47}}, {"type": "Feature", "geometry": {"type": "Polygon", "coordinates": [[[-97.63785502033936, 19.407018339917478], [-97.63792823029186, 19.40704588972963], [-97.63797161983878, 19.40707822013196], [-97.63799620037292, 19.407121620405338], [-97.63777995021844, 19.407375880000703], [-97.63746524973931, 19.40713271958366], [-97.63751413784021, 19.407112619324987], [-97.63777834014613, 19.407003979577727], [-97.63785502033936, 19.407018339917478]]]}, "properties": {"CVEGEO": "211080005010A057", "CVE_LOC": "0005", "AGEB": "010A", "MZA": "057", "SECCION": 876, "POBTOT": 0, "P18YMAS": 0, "P18YMAS_H": 0, "P18YMAS_M": 0, "P18A24": 0, "ITER_MATCH": false, "LN_total_sec": 1428, "LN_H_sec": 662, "LN_M_sec": 766, "LN_1839_sec": 812, "LN_estimada": 16, "LN_H_est": 7, "LN_M_est": 8, "LN_1839_est": 9, "rank_seccion": 83, "pct_acum_sec": 93.28, "prioridad_50": false, "prioridad_80": false, "rank_municipal": 435, "pct_acum_LN_mun": 76.08}}, {"type": "Feature", "geometry": {"type": "Polygon", "coordinates": [[[-97.6122860500177, 19.38255397019418], [-97.61271009024635, 19.381853510344914], [-97.61308852011425, 19.38204392028964], [-97.61268688040255, 19.3827440900721], [-97.6122860500177, 19.38255397019418]]]}, "properties": {"CVEGEO": "2110800010167024", "CVE_LOC": "0001", "AGEB": "0167", "MZA": "024", "SECCION": 877, "POBTOT": 45, "P18YMAS": 28, "P18YMAS_H": 14, "P18YMAS_M": 14, "P18A24": 10, "ITER_MATCH": true, "LN_total_sec": 3745, "LN_H_sec": 1798, "LN_M_sec": 1947, "LN_1839_sec": 2000, "LN_estimada": 42, "LN_H_est": 20, "LN_M_est": 22, "LN_1839_est": 23, "rank_seccion": 18, "pct_acum_sec": 23.68, "prioridad_50": true, "prioridad_80": true, "rank_municipal": 42, "pct_acum_LN_mun": 14.3}}, {"type": "Feature", "geometry": {"type": "Polygon", "coordinates": [[[-97.61274332014712, 19.382776430042725], [-97.6131459996844, 19.382071019667062], [-97.61350300000272, 19.38225500006441], [-97.61311660044139, 19.382947920204437], [-97.61274332014712, 19.382776430042725]]]}, "properties": {"CVEGEO": "2110800010167009", "CVE_LOC": "0001", "AGEB": "0167", "MZA": "009", "SECCION": 877, "POBTOT": 27, "P18YMAS": 18, "P18YMAS_H": 8, "P18YMAS_M": 10, "P18A24": 9, "ITER_MATCH": true, "LN_total_sec": 3745, "LN_H_sec": 1798, "LN_M_sec": 1947, "LN_1839_sec": 2000, "LN_estimada": 27, "LN_H_est": 13, "LN_M_est": 14, "LN_1839_est": 15, "rank_seccion": 63, "pct_acum_sec": 63.04, "prioridad_50": false, "prioridad_80": true, "rank_municipal": 158, "pct_acum_LN_mun": 39.53}}, {"type": "Feature", "geometry": {"type": "Polygon", "coordinates": [[[-97.61318325007527, 19.38199734010649], [-97.61335443040399, 19.381664889577234], [-97.61372645024221, 19.381852830394145], [-97.61353628014074, 19.382179860062006], [-97.61318325007527, 19.38199734010649]]]}, "properties": {"CVEGEO": "2110800010167044", "CVE_LOC": "0001", "AGEB": "0167", "MZA": "044", "SECCION": 877, "POBTOT": 9, "P18YMAS": 0, "P18YMAS_H": 0, "P18YMAS_M": 0, "P18A24": 0, "ITER_MATCH": true, "LN_total_sec": 3745, "LN_H_sec": 1798, "LN_M_sec": 1947, "LN_1839_sec": 2000, "LN_estimada": 0, "LN_H_est": 0, "LN_M_est": 0, "LN_1839_est": 0, "rank_seccion": 185, "pct_acum_sec": 100.0, "prioridad_50": false, "prioridad_80": false, "rank_municipal": 1049, "pct_acum_LN_mun": 100.0}}, {"type": "Feature", "geometry": {"type": "Polygon", "coordinates": [[[-97.61404197031068, 19.37954580035606], [-97.61426068972624, 19.37916531958694], [-97.61454599995083, 19.37919600012383], [-97.61470479980201, 19.379228620340186], [-97.61440205978403, 19.379743110153097], [-97.61404197031068, 19.37954580035606]]]}, "properties": {"CVEGEO": "2110800010167030", "CVE_LOC": "0001", "AGEB": "0167", "MZA": "030", "SECCION": 877, "POBTOT": 24, "P18YMAS": 17, "P18YMAS_H": 9, "P18YMAS_M": 8, "P18A24": 4, "ITER_MATCH": true, "LN_total_sec": 3745, "LN_H_sec": 1798, "LN_M_sec": 1947, "LN_1839_sec": 2000, "LN_estimada": 26, "LN_H_est": 12, "LN_M_est": 13, "LN_1839_est": 14, "rank_seccion": 70, "pct_acum_sec": 67.93, "prioridad_50": false, "prioridad_80": true, "rank_municipal": 171, "pct_acum_LN_mun": 41.81}}, {"type": "Feature", "geometry": {"type": "Polygon", "coordinates": [[[-97.60994134996295, 19.381839780359346], [-97.60959752039423, 19.38166041970089], [-97.60978792030747, 19.38132461966478], [-97.61012848959834, 19.381503740086462], [-97.60994134996295, 19.381839780359346]]]}, "properties": {"CVEGEO": "2110800010171048", "CVE_LOC": "0001", "AGEB": "0171", "MZA": "048", "SECCION": 877, "POBTOT": 33, "P18YMAS": 22, "P18YMAS_H": 11, "P18YMAS_M": 11, "P18A24": 5, "ITER_MATCH": true, "LN_total_sec": 3745, "LN_H_sec": 1798, "LN_M_sec": 1947, "LN_1839_sec": 2000, "LN_estimada": 33, "LN_H_est": 16, "LN_M_est": 17, "LN_1839_est": 18, "rank_seccion": 38, "pct_acum_sec": 43.02, "prioridad_50": true, "prioridad_80": true, "rank_municipal": 85, "pct_acum_LN_mun": 24.84}}, {"type": "Feature", "geometry": {"type": "Polygon", "coordinates": [[[-97.61182270998736, 19.381417369797035], [-97.61143502048691, 19.38205754967349], [-97.61109191953938, 19.381875690238317], [-97.61145002047607, 19.381252999765366], [-97.61182270998736, 19.381417369797035]]]}, "properties": {"CVEGEO": "2110800010171020", "CVE_LOC": "0001", "AGEB": "0171", "MZA": "020", "SECCION": 877, "POBTOT": 34, "P18YMAS": 21, "P18YMAS_H": 11, "P18YMAS_M": 10, "P18A24": 3, "ITER_MATCH": true, "LN_total_sec": 3745, "LN_H_sec": 1798, "LN_M_sec": 1947, "LN_1839_sec": 2000, "LN_estimada": 32, "LN_H_est": 15, "LN_M_est": 16, "LN_1839_est": 17, "rank_seccion": 47, "pct_acum_sec": 50.71, "prioridad_50": true, "prioridad_80": true, "rank_municipal": 100, "pct_acum_LN_mun": 28.07}}, {"type": "Feature", "geometry": {"type": "Polygon", "coordinates": [[[-97.6115288200409, 19.378193479569987], [-97.61159260007595, 19.378237819637384], [-97.61143539980067, 19.37839968993966], [-97.61126964965689, 19.378675339738923], [-97.61089294962535, 19.37847768042776], [-97.61107961998374, 19.378165980328767], [-97.61112695041109, 19.37808694043793], [-97.61116451969411, 19.37805309001293], [-97.6112049098336, 19.37805286026675], [-97.6115288200409, 19.378193479569987]]]}, "properties": {"CVEGEO": "2110800010171043", "CVE_LOC": "0001", "AGEB": "0171", "MZA": "043", "SECCION": 877, "POBTOT": 22, "P18YMAS": 14, "P18YMAS_H": 6, "P18YMAS_M": 8, "P18A24": 4, "ITER_MATCH": true, "LN_total_sec": 3745, "LN_H_sec": 1798, "LN_M_sec": 1947, "LN_1839_sec": 2000, "LN_estimada": 21, "LN_H_est": 10, "LN_M_est": 11, "LN_1839_est": 11, "rank_seccion": 86, "pct_acum_sec": 77.46, "prioridad_50": false, "prioridad_80": true, "rank_municipal": 272, "pct_acum_LN_mun": 57.25}}, {"type": "Feature", "geometry": {"type": "Polygon", "coordinates": [[[-97.61057743020882, 19.378856449678647], [-97.61021997023492, 19.378669909674], [-97.61041391042953, 19.378321919797813], [-97.61079253979453, 19.378507019549367], [-97.61057743020882, 19.378856449678647]]]}, "properties": {"CVEGEO": "2110800010171042", "CVE_LOC": "0001", "AGEB": "0171", "MZA": "042", "SECCION": 877, "POBTOT": 10, "P18YMAS": 6, "P18YMAS_H": 0, "P18YMAS_M": 4, "P18A24": 0, "ITER_MATCH": true, "LN_total_sec": 3745, "LN_H_sec": 1798, "LN_M_sec": 1947, "LN_1839_sec": 2000, "LN_estimada": 9, "LN_H_est": 4, "LN_M_est": 5, "LN_1839_est": 5, "rank_seccion": 143, "pct_acum_sec": 99.63, "prioridad_50": false, "prioridad_80": false, "rank_municipal": 704, "pct_acum_LN_mun": 99.43}}, {"type": "Feature", "geometry": {"type": "Polygon", "coordinates": [[[-97.61216897008741, 19.379130430257216], [-97.61242455023428, 19.378650720076667], [-97.61266145032582, 19.378779509678516], [-97.612763600113, 19.378847680102673], [-97.61250005986764, 19.37929857979616], [-97.61216897008741, 19.379130430257216]]]}, "properties": {"CVEGEO": "2110800010171031", "CVE_LOC": "0001", "AGEB": "0171", "MZA": "031", "SECCION": 877, "POBTOT": 20, "P18YMAS": 11, "P18YMAS_H": 6, "P18YMAS_M": 5, "P18A24": 0, "ITER_MATCH": true, "LN_total_sec": 3745, "LN_H_sec": 1798, "LN_M_sec": 1947, "LN_1839_sec": 2000, "LN_estimada": 16, "LN_H_est": 8, "LN_M_est": 9, "LN_1839_est": 9, "rank_seccion": 107, "pct_acum_sec": 87.69, "prioridad_50": false, "prioridad_80": false, "rank_municipal": 436, "pct_acum_LN_mun": 76.19}}, {"type": "Feature", "geometry": {"type": "Polygon", "coordinates": [[[-97.57420668023072, 19.27782513996253], [-97.57392663140912, 19.278747503941414], [-97.57301476743532, 19.278742704048632], [-97.57326151046217, 19.277869539572098], [-97.57420668023072, 19.27782513996253]]]}, "properties": {"CVEGEO": "2110800350133038", "CVE_LOC": "0035", "AGEB": "0133", "MZA": "038", "SECCION": 882, "POBTOT": 0, "P18YMAS": 0, "P18YMAS_H": 0, "P18YMAS_M": 0, "P18A24": 0, "ITER_MATCH": false, "LN_total_sec": 2061, "LN_H_sec": 985, "LN_M_sec": 1076, "LN_1839_sec": 1194, "LN_estimada": 13, "LN_H_est": 6, "LN_M_est": 6, "LN_1839_est": 7, "rank_seccion": 129, "pct_acum_sec": 81.37, "prioridad_50": false, "prioridad_80": false, "rank_municipal": 629, "pct_acum_LN_mun": 93.68}}, {"type": "Feature", "geometry": {"type": "Polygon", "coordinates": [[[-97.63764667498099, 19.41107766788442], [-97.63738454109021, 19.411361567444168], [-97.63704837031112, 19.411100349793987], [-97.63720133957472, 19.410951720299753], [-97.63732930973956, 19.410815969587137], [-97.63747267959445, 19.41093532037711], [-97.6376213496083, 19.41105687978219], [-97.63764667498099, 19.41107766788442]]]}, "properties": {"CVEGEO": "211080005010A065", "CVE_LOC": "0005", "AGEB": "010A", "MZA": "065", "SECCION": 876, "POBTOT": 0, "P18YMAS": 0, "P18YMAS_H": 0, "P18YMAS_M": 0, "P18A24": 0, "ITER_MATCH": false, "LN_total_sec": 1428, "LN_H_sec": 662, "LN_M_sec": 766, "LN_1839_sec": 812, "LN_estimada": 16, "LN_H_est": 7, "LN_M_est": 8, "LN_1839_est": 9, "rank_seccion": 84, "pct_acum_sec": 94.4, "prioridad_50": false, "prioridad_80": false, "rank_municipal": 437, "pct_acum_LN_mun": 76.29}}, {"type": "Feature", "geometry": {"type": "Polygon", "coordinates": [[[-97.571944420143, 19.27887005964343], [-97.57288720973952, 19.278810160593604], [-97.57266334020755, 19.279674089664425], [-97.57171048021259, 19.27972474989312], [-97.57181156963273, 19.27934351014544], [-97.571944420143, 19.27887005964343]]]}, "properties": {"CVEGEO": "2110800350133032", "CVE_LOC": "0035", "AGEB": "0133", "MZA": "032", "SECCION": 882, "POBTOT": 0, "P18YMAS": 0, "P18YMAS_H": 0, "P18YMAS_M": 0, "P18A24": 0, "ITER_MATCH": false, "LN_total_sec": 2061, "LN_H_sec": 985, "LN_M_sec": 1076, "LN_1839_sec": 1194, "LN_estimada": 13, "LN_H_est": 6, "LN_M_est": 6, "LN_1839_est": 7, "rank_seccion": 130, "pct_acum_sec": 82.0, "prioridad_50": false, "prioridad_80": false, "rank_municipal": 630, "pct_acum_LN_mun": 93.77}}, {"type": "Feature", "geometry": {"type": "Polygon", "coordinates": [[[-97.65013071006949, 19.36797625004335], [-97.65042026045408, 19.36821746019263], [-97.65016505013709, 19.36851202012929], [-97.64989002000911, 19.36827363029483], [-97.65013071006949, 19.36797625004335]]]}, "properties": {"CVEGEO": "211080008010A033", "CVE_LOC": "0008", "AGEB": "010A", "MZA": "033", "SECCION": 875, "POBTOT": 0, "P18YMAS": 0, "P18YMAS_H": 0, "P18YMAS_M": 0, "P18A24": 0, "ITER_MATCH": false, "LN_total_sec": 1680, "LN_H_sec": 825, "LN_M_sec": 855, "LN_1839_sec": 803, "LN_estimada": 0, "LN_H_est": 0, "LN_M_est": 0, "LN_1839_est": 0, "rank_seccion": 131, "pct_acum_sec": 100.0, "prioridad_50": false, "prioridad_80": false, "rank_municipal": 1050, "pct_acum_LN_mun": 100.0}}, {"type": "Feature", "geometry": {"type": "Polygon", "coordinates": [[[-97.57220974007205, 19.27791782991385], [-97.57317605046312, 19.277871520021286], [-97.5729050563177, 19.278744726421678], [-97.57195439969779, 19.278813089723734], [-97.5720527499965, 19.278400850279013], [-97.57220974007205, 19.27791782991385]]]}, "properties": {"CVEGEO": "2110800350133039", "CVE_LOC": "0035", "AGEB": "0133", "MZA": "039", "SECCION": 882, "POBTOT": 0, "P18YMAS": 0, "P18YMAS_H": 0, "P18YMAS_M": 0, "P18A24": 0, "ITER_MATCH": false, "LN_total_sec": 2061, "LN_H_sec": 985, "LN_M_sec": 1076, "LN_1839_sec": 1194, "LN_estimada": 13, "LN_H_est": 6, "LN_M_est": 6, "LN_1839_est": 7, "rank_seccion": 131, "pct_acum_sec": 82.63, "prioridad_50": false, "prioridad_80": false, "rank_municipal": 631, "pct_acum_LN_mun": 93.85}}, {"type": "Feature", "geometry": {"type": "Polygon", "coordinates": [[[-97.59896232045233, 19.370750049900977], [-97.59922591029441, 19.37018560027691], [-97.59956530976127, 19.37034064969526], [-97.5992962600504, 19.370958020005148], [-97.59896232045233, 19.370750049900977]]]}, "properties": {"CVEGEO": "2110800850114083", "CVE_LOC": "0085", "AGEB": "0114", "MZA": "083", "SECCION": 879, "POBTOT": 0, "P18YMAS": 0, "P18YMAS_H": 0, "P18YMAS_M": 0, "P18A24": 0, "ITER_MATCH": false, "LN_total_sec": 1640, "LN_H_sec": 768, "LN_M_sec": 872, "LN_1839_sec": 820, "LN_estimada": 0, "LN_H_est": 0, "LN_M_est": 0, "LN_1839_est": 0, "rank_seccion": 225, "pct_acum_sec": 100.0, "prioridad_50": false, "prioridad_80": false, "rank_municipal": 1051, "pct_acum_LN_mun": 100.0}}, {"type": "Feature", "geometry": {"type": "Polygon", "coordinates": [[[-97.6499469201645, 19.36961442968319], [-97.65027971974571, 19.369862420050698], [-97.65003873968934, 19.37017311011147], [-97.64969134011095, 19.36992288960887], [-97.6499469201645, 19.36961442968319]]]}, "properties": {"CVEGEO": "211080008010A006", "CVE_LOC": "0008", "AGEB": "010A", "MZA": "006", "SECCION": 875, "POBTOT": 0, "P18YMAS": 0, "P18YMAS_H": 0, "P18YMAS_M": 0, "P18A24": 0, "ITER_MATCH": false, "LN_total_sec": 1680, "LN_H_sec": 825, "LN_M_sec": 855, "LN_1839_sec": 803, "LN_estimada": 0, "LN_H_est": 0, "LN_M_est": 0, "LN_1839_est": 0, "rank_seccion": 132, "pct_acum_sec": 100.0, "prioridad_50": false, "prioridad_80": false, "rank_municipal": 1052, "pct_acum_LN_mun": 100.0}}, {"type": "Feature", "geometry": {"type": "Polygon", "coordinates": [[[-97.6150122194842, 19.381683237668295], [-97.61528743992773, 19.382079963615677], [-97.6150630200732, 19.382449139572078], [-97.61466209019798, 19.382245649567245], [-97.6150122194842, 19.381683237668295]]]}, "properties": {"CVEGEO": "2110800010167018", "CVE_LOC": "0001", "AGEB": "0167", "MZA": "018", "SECCION": 877, "POBTOT": 14, "P18YMAS": 10, "P18YMAS_H": 4, "P18YMAS_M": 6, "P18A24": 0, "ITER_MATCH": true, "LN_total_sec": 3745, "LN_H_sec": 1798, "LN_M_sec": 1947, "LN_1839_sec": 2000, "LN_estimada": 15, "LN_H_est": 7, "LN_M_est": 8, "LN_1839_est": 8, "rank_seccion": 118, "pct_acum_sec": 92.1, "prioridad_50": false, "prioridad_80": false, "rank_municipal": 465, "pct_acum_LN_mun": 79.16}}, {"type": "Feature", "geometry": {"type": "Polygon", "coordinates": [[[-97.63743829462555, 19.41140022766546], [-97.6376830158367, 19.41110766674923], [-97.63774488987927, 19.411158290193594], [-97.63782425038929, 19.41134465990137], [-97.63769573964434, 19.41148282015001], [-97.63767739995657, 19.41151116978338], [-97.6376598903165, 19.41153848016114], [-97.63763282024341, 19.41155448989788], [-97.63743829462555, 19.41140022766546]]]}, "properties": {"CVEGEO": "211080005010A089", "CVE_LOC": "0005", "AGEB": "010A", "MZA": "089", "SECCION": 876, "POBTOT": 0, "P18YMAS": 0, "P18YMAS_H": 0, "P18YMAS_M": 0, "P18A24": 0, "ITER_MATCH": false, "LN_total_sec": 1428, "LN_H_sec": 662, "LN_M_sec": 766, "LN_1839_sec": 812, "LN_estimada": 16, "LN_H_est": 7, "LN_M_est": 8, "LN_1839_est": 9, "rank_seccion": 85, "pct_acum_sec": 95.52, "prioridad_50": false, "prioridad_80": false, "rank_municipal": 438, "pct_acum_LN_mun": 76.4}}, {"type": "Feature", "geometry": {"type": "Polygon", "coordinates": [[[-97.5738925315331, 19.27879231509105], [-97.57367960039367, 19.27964558014688], [-97.57275188024819, 19.27967883015488], [-97.57300023371407, 19.278792314694915], [-97.5738925315331, 19.27879231509105]]]}, "properties": {"CVEGEO": "2110800350133041", "CVE_LOC": "0035", "AGEB": "0133", "MZA": "041", "SECCION": 882, "POBTOT": 0, "P18YMAS": 0, "P18YMAS_H": 0, "P18YMAS_M": 0, "P18A24": 0, "ITER_MATCH": false, "LN_total_sec": 2061, "LN_H_sec": 985, "LN_M_sec": 1076, "LN_1839_sec": 1194, "LN_estimada": 13, "LN_H_est": 6, "LN_M_est": 6, "LN_1839_est": 7, "rank_seccion": 132, "pct_acum_sec": 83.26, "prioridad_50": false, "prioridad_80": false, "rank_municipal": 632, "pct_acum_LN_mun": 93.94}}, {"type": "Feature", "geometry": {"type": "Polygon", "coordinates": [[[-97.62220882014087, 19.369779098599928], [-97.6221345807732, 19.37016171610517], [-97.6217448256014, 19.370086048852293], [-97.62182763111979, 19.369710570007925], [-97.62220882014087, 19.369779098599928]]]}, "properties": {"CVEGEO": "211080089010A007", "CVE_LOC": "0089", "AGEB": "010A", "MZA": "007", "SECCION": 879, "POBTOT": 0, "P18YMAS": 0, "P18YMAS_H": 0, "P18YMAS_M": 0, "P18A24": 0, "ITER_MATCH": false, "LN_total_sec": 1640, "LN_H_sec": 768, "LN_M_sec": 872, "LN_1839_sec": 820, "LN_estimada": 0, "LN_H_est": 0, "LN_M_est": 0, "LN_1839_est": 0, "rank_seccion": 226, "pct_acum_sec": 100.0, "prioridad_50": false, "prioridad_80": false, "rank_municipal": 1053, "pct_acum_LN_mun": 100.0}}, {"type": "Feature", "geometry": {"type": "Polygon", "coordinates": [[[-97.6217362594829, 19.369697720773463], [-97.62166773101576, 19.37006320641997], [-97.62126084312915, 19.36998896740563], [-97.62134364791953, 19.369614916339966], [-97.6217362594829, 19.369697720773463]]]}, "properties": {"CVEGEO": "211080089010A008", "CVE_LOC": "0089", "AGEB": "010A", "MZA": "008", "SECCION": 879, "POBTOT": 0, "P18YMAS": 0, "P18YMAS_H": 0, "P18YMAS_M": 0, "P18A24": 0, "ITER_MATCH": false, "LN_total_sec": 1640, "LN_H_sec": 768, "LN_M_sec": 872, "LN_1839_sec": 820, "LN_estimada": 0, "LN_H_est": 0, "LN_M_est": 0, "LN_1839_est": 0, "rank_seccion": 227, "pct_acum_sec": 100.0, "prioridad_50": false, "prioridad_80": false, "rank_municipal": 1054, "pct_acum_LN_mun": 100.0}}, {"type": "Feature", "geometry": {"type": "Polygon", "coordinates": [[[-97.62120516414952, 19.369978973277625], [-97.62068263391929, 19.369881891116837], [-97.62075830129331, 19.369497845598467], [-97.62128939665838, 19.369607776991433], [-97.62120516414952, 19.369978973277625]]]}, "properties": {"CVEGEO": "211080089010A009", "CVE_LOC": "0089", "AGEB": "010A", "MZA": "009", "SECCION": 879, "POBTOT": 0, "P18YMAS": 0, "P18YMAS_H": 0, "P18YMAS_M": 0, "P18A24": 0, "ITER_MATCH": false, "LN_total_sec": 1640, "LN_H_sec": 768, "LN_M_sec": 872, "LN_1839_sec": 820, "LN_estimada": 0, "LN_H_est": 0, "LN_M_est": 0, "LN_1839_est": 0, "rank_seccion": 228, "pct_acum_sec": 100.0, "prioridad_50": false, "prioridad_80": false, "rank_municipal": 1055, "pct_acum_LN_mun": 100.0}}, {"type": "Feature", "geometry": {"type": "Polygon", "coordinates": [[[-97.62063552112762, 19.369877607782207], [-97.62020721838313, 19.369797657674656], [-97.62031286555208, 19.36941932426595], [-97.62071547067495, 19.36949641911901], [-97.62063552112762, 19.369877607782207]]]}, "properties": {"CVEGEO": "211080089010A010", "CVE_LOC": "0089", "AGEB": "010A", "MZA": "010", "SECCION": 879, "POBTOT": 0, "P18YMAS": 0, "P18YMAS_H": 0, "P18YMAS_M": 0, "P18A24": 0, "ITER_MATCH": false, "LN_total_sec": 1640, "LN_H_sec": 768, "LN_M_sec": 872, "LN_1839_sec": 820, "LN_estimada": 0, "LN_H_est": 0, "LN_M_est": 0, "LN_1839_est": 0, "rank_seccion": 229, "pct_acum_sec": 100.0, "prioridad_50": false, "prioridad_80": false, "rank_municipal": 1056, "pct_acum_LN_mun": 100.0}}, {"type": "Feature", "geometry": {"type": "Polygon", "coordinates": [[[-97.62072689187724, 19.369443595323954], [-97.6203357089391, 19.369366499909876], [-97.62043136307727, 19.36896389532974], [-97.62081826295389, 19.369036707014796], [-97.62072689187724, 19.369443595323954]]]}, "properties": {"CVEGEO": "211080089010A011", "CVE_LOC": "0089", "AGEB": "010A", "MZA": "011", "SECCION": 879, "POBTOT": 0, "P18YMAS": 0, "P18YMAS_H": 0, "P18YMAS_M": 0, "P18A24": 0, "ITER_MATCH": false, "LN_total_sec": 1640, "LN_H_sec": 768, "LN_M_sec": 872, "LN_1839_sec": 820, "LN_estimada": 0, "LN_H_est": 0, "LN_M_est": 0, "LN_1839_est": 0, "rank_seccion": 230, "pct_acum_sec": 100.0, "prioridad_50": false, "prioridad_80": false, "rank_municipal": 1057, "pct_acum_LN_mun": 100.0}}, {"type": "Feature", "geometry": {"type": "Polygon", "coordinates": [[[-97.62086537706628, 19.36904527292292], [-97.62140646564953, 19.369159487029886], [-97.62129796322942, 19.3695663749454], [-97.62076829472572, 19.36945787078211], [-97.62086537706628, 19.36904527292292]]]}, "properties": {"CVEGEO": "211080089010A002", "CVE_LOC": "0089", "AGEB": "010A", "MZA": "002", "SECCION": 879, "POBTOT": 0, "P18YMAS": 0, "P18YMAS_H": 0, "P18YMAS_M": 0, "P18A24": 0, "ITER_MATCH": false, "LN_total_sec": 1640, "LN_H_sec": 768, "LN_M_sec": 872, "LN_1839_sec": 820, "LN_estimada": 0, "LN_H_est": 0, "LN_M_est": 0, "LN_1839_est": 0, "rank_seccion": 231, "pct_acum_sec": 100.0, "prioridad_50": false, "prioridad_80": false, "rank_municipal": 1058, "pct_acum_LN_mun": 100.0}}, {"type": "Feature", "geometry": {"type": "Polygon", "coordinates": [[[-97.61530125974522, 19.3756496299386], [-97.61550974026972, 19.375271799696545], [-97.61586366032473, 19.375463149942313], [-97.61564632027043, 19.37582397017393], [-97.61530125974522, 19.3756496299386]]]}, "properties": {"CVEGEO": "2110800010044014", "CVE_LOC": "0001", "AGEB": "0044", "MZA": "014", "SECCION": 877, "POBTOT": 10, "P18YMAS": 0, "P18YMAS_H": 0, "P18YMAS_M": 0, "P18A24": 0, "ITER_MATCH": true, "LN_total_sec": 3745, "LN_H_sec": 1798, "LN_M_sec": 1947, "LN_1839_sec": 2000, "LN_estimada": 0, "LN_H_est": 0, "LN_M_est": 0, "LN_1839_est": 0, "rank_seccion": 186, "pct_acum_sec": 100.0, "prioridad_50": false, "prioridad_80": false, "rank_municipal": 1059, "pct_acum_LN_mun": 100.0}}, {"type": "Feature", "geometry": {"type": "Polygon", "coordinates": [[[-97.59798889362486, 19.370174356851205], [-97.59762911003797, 19.36996063125364], [-97.59773068862519, 19.369751340492833], [-97.59793746042166, 19.36938471965982], [-97.59822982034939, 19.368772580159522], [-97.59827971867846, 19.36870531112667], [-97.59865687937075, 19.368866126897526], [-97.59798889362486, 19.370174356851205]]]}, "properties": {"CVEGEO": "2110800850114129", "CVE_LOC": "0085", "AGEB": "0114", "MZA": "129", "SECCION": 879, "POBTOT": 0, "P18YMAS": 0, "P18YMAS_H": 0, "P18YMAS_M": 0, "P18A24": 0, "ITER_MATCH": false, "LN_total_sec": 1640, "LN_H_sec": 768, "LN_M_sec": 872, "LN_1839_sec": 820, "LN_estimada": 0, "LN_H_est": 0, "LN_M_est": 0, "LN_1839_est": 0, "rank_seccion": 232, "pct_acum_sec": 100.0, "prioridad_50": false, "prioridad_80": false, "rank_municipal": 1060, "pct_acum_LN_mun": 100.0}}, {"type": "Feature", "geometry": {"type": "Polygon", "coordinates": [[[-97.59850101233498, 19.37047857112259], [-97.59803772746503, 19.370203364367097], [-97.59870914494282, 19.368888410976353], [-97.59891076896906, 19.368974381079937], [-97.59917469428228, 19.369092380649377], [-97.59850101233498, 19.37047857112259]]]}, "properties": {"CVEGEO": "2110800850114102", "CVE_LOC": "0085", "AGEB": "0114", "MZA": "102", "SECCION": 879, "POBTOT": 0, "P18YMAS": 0, "P18YMAS_H": 0, "P18YMAS_M": 0, "P18A24": 0, "ITER_MATCH": false, "LN_total_sec": 1640, "LN_H_sec": 768, "LN_M_sec": 872, "LN_1839_sec": 820, "LN_estimada": 0, "LN_H_est": 0, "LN_M_est": 0, "LN_1839_est": 0, "rank_seccion": 233, "pct_acum_sec": 100.0, "prioridad_50": false, "prioridad_80": false, "rank_municipal": 1061, "pct_acum_LN_mun": 100.0}}, {"type": "Feature", "geometry": {"type": "Polygon", "coordinates": [[[-97.59937154032816, 19.3697142504757], [-97.59917449009045, 19.370120801268747], [-97.59888930869991, 19.370709229795377], [-97.59854995693048, 19.3705076451497], [-97.59922650746131, 19.369115546866993], [-97.5995841788553, 19.369275460863282], [-97.59937154032816, 19.3697142504757]]]}, "properties": {"CVEGEO": "2110800850114130", "CVE_LOC": "0085", "AGEB": "0114", "MZA": "130", "SECCION": 879, "POBTOT": 0, "P18YMAS": 0, "P18YMAS_H": 0, "P18YMAS_M": 0, "P18A24": 0, "ITER_MATCH": false, "LN_total_sec": 1640, "LN_H_sec": 768, "LN_M_sec": 872, "LN_1839_sec": 820, "LN_estimada": 0, "LN_H_est": 0, "LN_M_est": 0, "LN_1839_est": 0, "rank_seccion": 234, "pct_acum_sec": 100.0, "prioridad_50": false, "prioridad_80": false, "rank_municipal": 1062, "pct_acum_LN_mun": 100.0}}, {"type": "Feature", "geometry": {"type": "Polygon", "coordinates": [[[-97.59812738529098, 19.371217620681627], [-97.59764793918733, 19.370993488970154], [-97.59801882061595, 19.370275252633597], [-97.59808138032153, 19.370311399881448], [-97.59848143809586, 19.3705480689452], [-97.59812738529098, 19.371217620681627]]]}, "properties": {"CVEGEO": "2110800850114101", "CVE_LOC": "0085", "AGEB": "0114", "MZA": "101", "SECCION": 879, "POBTOT": 0, "P18YMAS": 0, "P18YMAS_H": 0, "P18YMAS_M": 0, "P18A24": 0, "ITER_MATCH": false, "LN_total_sec": 1640, "LN_H_sec": 768, "LN_M_sec": 872, "LN_1839_sec": 820, "LN_estimada": 0, "LN_H_est": 0, "LN_M_est": 0, "LN_1839_est": 0, "rank_seccion": 235, "pct_acum_sec": 100.0, "prioridad_50": false, "prioridad_80": false, "rank_municipal": 1063, "pct_acum_LN_mun": 100.0}}, {"type": "Feature", "geometry": {"type": "Polygon", "coordinates": [[[-97.5975965580647, 19.370969470084294], [-97.59722610935171, 19.370796290118665], [-97.5973064295969, 19.37063926134588], [-97.5975952193071, 19.370030491213303], [-97.59796969539231, 19.37024686745523], [-97.5975965580647, 19.370969470084294]]]}, "properties": {"CVEGEO": "2110800850114131", "CVE_LOC": "0085", "AGEB": "0114", "MZA": "131", "SECCION": 879, "POBTOT": 0, "P18YMAS": 0, "P18YMAS_H": 0, "P18YMAS_M": 0, "P18A24": 0, "ITER_MATCH": false, "LN_total_sec": 1640, "LN_H_sec": 768, "LN_M_sec": 872, "LN_1839_sec": 820, "LN_estimada": 0, "LN_H_est": 0, "LN_M_est": 0, "LN_1839_est": 0, "rank_seccion": 236, "pct_acum_sec": 100.0, "prioridad_50": false, "prioridad_80": false, "rank_municipal": 1064, "pct_acum_LN_mun": 100.0}}, {"type": "Feature", "geometry": {"type": "Polygon", "coordinates": [[[-97.5987038597137, 19.37110431024882], [-97.59855411931706, 19.37141710983863], [-97.59817876654243, 19.37124164120481], [-97.5985302496186, 19.370576946952017], [-97.59886000015665, 19.37077201971622], [-97.5987038597137, 19.37110431024882]]]}, "properties": {"CVEGEO": "2110800850114132", "CVE_LOC": "0085", "AGEB": "0114", "MZA": "132", "SECCION": 879, "POBTOT": 0, "P18YMAS": 0, "P18YMAS_H": 0, "P18YMAS_M": 0, "P18A24": 0, "ITER_MATCH": false, "LN_total_sec": 1640, "LN_H_sec": 768, "LN_M_sec": 872, "LN_1839_sec": 820, "LN_estimada": 0, "LN_H_est": 0, "LN_M_est": 0, "LN_1839_est": 0, "rank_seccion": 237, "pct_acum_sec": 100.0, "prioridad_50": false, "prioridad_80": false, "rank_municipal": 1065, "pct_acum_LN_mun": 100.0}}, {"type": "Feature", "geometry": {"type": "Polygon", "coordinates": [[[-97.59701810854548, 19.371202891307284], [-97.59720341878364, 19.37084065025298], [-97.59758929465163, 19.371025654845347], [-97.59739596571514, 19.371375647838228], [-97.59701810854548, 19.371202891307284]]]}, "properties": {"CVEGEO": "2110800850114133", "CVE_LOC": "0085", "AGEB": "0114", "MZA": "133", "SECCION": 879, "POBTOT": 0, "P18YMAS": 0, "P18YMAS_H": 0, "P18YMAS_M": 0, "P18A24": 0, "ITER_MATCH": false, "LN_total_sec": 1640, "LN_H_sec": 768, "LN_M_sec": 872, "LN_1839_sec": 820, "LN_estimada": 0, "LN_H_est": 0, "LN_M_est": 0, "LN_1839_est": 0, "rank_seccion": 238, "pct_acum_sec": 100.0, "prioridad_50": false, "prioridad_80": false, "rank_municipal": 1066, "pct_acum_LN_mun": 100.0}}, {"type": "Feature", "geometry": {"type": "Polygon", "coordinates": [[[-97.59816931419803, 19.371303737046215], [-97.59851276886272, 19.37146840050497], [-97.59831767958286, 19.37179705095218], [-97.59797531343064, 19.371640523528146], [-97.59816931419803, 19.371303737046215]]]}, "properties": {"CVEGEO": "2110800850114134", "CVE_LOC": "0085", "AGEB": "0114", "MZA": "134", "SECCION": 879, "POBTOT": 0, "P18YMAS": 0, "P18YMAS_H": 0, "P18YMAS_M": 0, "P18A24": 0, "ITER_MATCH": false, "LN_total_sec": 1640, "LN_H_sec": 768, "LN_M_sec": 872, "LN_1839_sec": 820, "LN_estimada": 0, "LN_H_est": 0, "LN_M_est": 0, "LN_1839_est": 0, "rank_seccion": 239, "pct_acum_sec": 100.0, "prioridad_50": false, "prioridad_80": false, "rank_municipal": 1067, "pct_acum_LN_mun": 100.0}}, {"type": "Feature", "geometry": {"type": "Polygon", "coordinates": [[[-97.59743296067809, 19.37144924319253], [-97.59790726653631, 19.371668461977436], [-97.5976701890079, 19.372096147840754], [-97.59719892874416, 19.37187609793257], [-97.59743296067809, 19.37144924319253]]]}, "properties": {"CVEGEO": "2110800850114099", "CVE_LOC": "0085", "AGEB": "0114", "MZA": "099", "SECCION": 879, "POBTOT": 0, "P18YMAS": 0, "P18YMAS_H": 0, "P18YMAS_M": 0, "P18A24": 0, "ITER_MATCH": false, "LN_total_sec": 1640, "LN_H_sec": 768, "LN_M_sec": 872, "LN_1839_sec": 820, "LN_estimada": 0, "LN_H_est": 0, "LN_M_est": 0, "LN_1839_est": 0, "rank_seccion": 240, "pct_acum_sec": 100.0, "prioridad_50": false, "prioridad_80": false, "rank_municipal": 1068, "pct_acum_LN_mun": 100.0}}, {"type": "Feature", "geometry": {"type": "Polygon", "coordinates": [[[-97.59680105042256, 19.371690310958122], [-97.59696059916891, 19.371315309642455], [-97.5969955195259, 19.371247060430267], [-97.59738145037717, 19.3714254343649], [-97.59714752394072, 19.37185209450195], [-97.59680105042256, 19.371690310958122]]]}, "properties": {"CVEGEO": "2110800850114135", "CVE_LOC": "0085", "AGEB": "0114", "MZA": "135", "SECCION": 879, "POBTOT": 0, "P18YMAS": 0, "P18YMAS_H": 0, "P18YMAS_M": 0, "P18A24": 0, "ITER_MATCH": false, "LN_total_sec": 1640, "LN_H_sec": 768, "LN_M_sec": 872, "LN_1839_sec": 820, "LN_estimada": 0, "LN_H_est": 0, "LN_M_est": 0, "LN_1839_est": 0, "rank_seccion": 241, "pct_acum_sec": 100.0, "prioridad_50": false, "prioridad_80": false, "rank_municipal": 1069, "pct_acum_LN_mun": 100.0}}, {"type": "Feature", "geometry": {"type": "Polygon", "coordinates": [[[-97.59795878459569, 19.371692272665847], [-97.5982945999709, 19.37184747992421], [-97.59806831993042, 19.37228205048152], [-97.59772159966191, 19.372120153078114], [-97.59795878459569, 19.371692272665847]]]}, "properties": {"CVEGEO": "2110800850114136", "CVE_LOC": "0085", "AGEB": "0114", "MZA": "136", "SECCION": 879, "POBTOT": 0, "P18YMAS": 0, "P18YMAS_H": 0, "P18YMAS_M": 0, "P18A24": 0, "ITER_MATCH": false, "LN_total_sec": 1640, "LN_H_sec": 768, "LN_M_sec": 872, "LN_1839_sec": 820, "LN_estimada": 0, "LN_H_est": 0, "LN_M_est": 0, "LN_1839_est": 0, "rank_seccion": 242, "pct_acum_sec": 100.0, "prioridad_50": false, "prioridad_80": false, "rank_municipal": 1070, "pct_acum_LN_mun": 100.0}}, {"type": "Feature", "geometry": {"type": "Polygon", "coordinates": [[[-97.59657607937983, 19.37214349093846], [-97.59676748931196, 19.37176920074886], [-97.59711541260967, 19.371929630813888], [-97.5969208615308, 19.372295532976914], [-97.59657607937983, 19.37214349093846]]]}, "properties": {"CVEGEO": "2110800850114137", "CVE_LOC": "0085", "AGEB": "0114", "MZA": "137", "SECCION": 879, "POBTOT": 0, "P18YMAS": 0, "P18YMAS_H": 0, "P18YMAS_M": 0, "P18A24": 0, "ITER_MATCH": false, "LN_total_sec": 1640, "LN_H_sec": 768, "LN_M_sec": 872, "LN_1839_sec": 820, "LN_estimada": 0, "LN_H_est": 0, "LN_M_est": 0, "LN_1839_est": 0, "rank_seccion": 243, "pct_acum_sec": 100.0, "prioridad_50": false, "prioridad_80": false, "rank_municipal": 1071, "pct_acum_LN_mun": 100.0}}, {"type": "Feature", "geometry": {"type": "Polygon", "coordinates": [[[-97.59769488565749, 19.372196829854317], [-97.59802459891377, 19.372348859853357], [-97.59781675024009, 19.372690599767246], [-97.59750470778802, 19.37255299709859], [-97.59769488565749, 19.372196829854317]]]}, "properties": {"CVEGEO": "2110800850114138", "CVE_LOC": "0085", "AGEB": "0114", "MZA": "138", "SECCION": 879, "POBTOT": 0, "P18YMAS": 0, "P18YMAS_H": 0, "P18YMAS_M": 0, "P18A24": 0, "ITER_MATCH": false, "LN_total_sec": 1640, "LN_H_sec": 768, "LN_M_sec": 872, "LN_1839_sec": 820, "LN_estimada": 0, "LN_H_est": 0, "LN_M_est": 0, "LN_1839_est": 0, "rank_seccion": 244, "pct_acum_sec": 100.0, "prioridad_50": false, "prioridad_80": false, "rank_municipal": 1072, "pct_acum_LN_mun": 100.0}}, {"type": "Feature", "geometry": {"type": "Polygon", "coordinates": [[[-97.5956694200967, 19.37392677120536], [-97.59583577962742, 19.373578110249618], [-97.59590945924143, 19.37343237002393], [-97.5963372893235, 19.37258929076412], [-97.5966945117893, 19.372755706760717], [-97.59634206696178, 19.373503313353854], [-97.59633958394535, 19.37351357911459], [-97.59636732932246, 19.373541579178692], [-97.59639435004841, 19.373525513621054], [-97.59674596006725, 19.37277967356175], [-97.59719643459394, 19.37298952980909], [-97.59679406560616, 19.37372308760971], [-97.59679084428275, 19.37373480200493], [-97.59681858979778, 19.373762801993223], [-97.5968448721192, 19.373748186786656], [-97.59724786420011, 19.37301348864534], [-97.59808510938512, 19.373403520351413], [-97.59790962952682, 19.373759380896253], [-97.59769042036207, 19.374203981316004], [-97.59748234003827, 19.37462597100057], [-97.5956694200967, 19.37392677120536]]]}, "properties": {"CVEGEO": "2110800850114077", "CVE_LOC": "0085", "AGEB": "0114", "MZA": "077", "SECCION": 879, "POBTOT": 0, "P18YMAS": 0, "P18YMAS_H": 0, "P18YMAS_M": 0, "P18A24": 0, "ITER_MATCH": false, "LN_total_sec": 1640, "LN_H_sec": 768, "LN_M_sec": 872, "LN_1839_sec": 820, "LN_estimada": 0, "LN_H_est": 0, "LN_M_est": 0, "LN_1839_est": 0, "rank_seccion": 245, "pct_acum_sec": 100.0, "prioridad_50": false, "prioridad_80": false, "rank_municipal": 1073, "pct_acum_LN_mun": 100.0}}, {"type": "Feature", "geometry": {"type": "Polygon", "coordinates": [[[-97.59636690924147, 19.372533630724988], [-97.59654754875368, 19.372190581233202], [-97.5969037488435, 19.37234689342101], [-97.59669756329157, 19.37268614249559], [-97.59636690924147, 19.372533630724988]]]}, "properties": {"CVEGEO": "2110800850114139", "CVE_LOC": "0085", "AGEB": "0114", "MZA": "139", "SECCION": 879, "POBTOT": 0, "P18YMAS": 0, "P18YMAS_H": 0, "P18YMAS_M": 0, "P18A24": 0, "ITER_MATCH": false, "LN_total_sec": 1640, "LN_H_sec": 768, "LN_M_sec": 872, "LN_1839_sec": 820, "LN_estimada": 0, "LN_H_est": 0, "LN_M_est": 0, "LN_1839_est": 0, "rank_seccion": 246, "pct_acum_sec": 100.0, "prioridad_50": false, "prioridad_80": false, "rank_municipal": 1074, "pct_acum_LN_mun": 100.0}}, {"type": "Feature", "geometry": {"type": "Polygon", "coordinates": [[[-97.59695594759823, 19.372369799803074], [-97.59742958108234, 19.372577643757616], [-97.59723051873688, 19.372931962151686], [-97.5967492053877, 19.37270996267235], [-97.59695594759823, 19.372369799803074]]]}, "properties": {"CVEGEO": "2110800850114140", "CVE_LOC": "0085", "AGEB": "0114", "MZA": "140", "SECCION": 879, "POBTOT": 0, "P18YMAS": 0, "P18YMAS_H": 0, "P18YMAS_M": 0, "P18A24": 0, "ITER_MATCH": false, "LN_total_sec": 1640, "LN_H_sec": 768, "LN_M_sec": 872, "LN_1839_sec": 820, "LN_estimada": 0, "LN_H_est": 0, "LN_M_est": 0, "LN_1839_est": 0, "rank_seccion": 247, "pct_acum_sec": 100.0, "prioridad_50": false, "prioridad_80": false, "rank_municipal": 1075, "pct_acum_LN_mun": 100.0}}, {"type": "Feature", "geometry": {"type": "Polygon", "coordinates": [[[-97.5990619448841, 19.372736245320773], [-97.59908911872657, 19.37268767388222], [-97.59910113894034, 19.3726555467847], [-97.59916559277804, 19.37252102207708], [-97.59927165241287, 19.372312070498456], [-97.59934717469731, 19.3723394930441], [-97.59940047394764, 19.372369784956508], [-97.59950611657978, 19.3724165168448], [-97.59964699888165, 19.37247882967765], [-97.59943308882436, 19.37288691956744], [-97.5990619448841, 19.372736245320773]]]}, "properties": {"CVEGEO": "2110800850114032", "CVE_LOC": "0085", "AGEB": "0114", "MZA": "032", "SECCION": 879, "POBTOT": 0, "P18YMAS": 0, "P18YMAS_H": 0, "P18YMAS_M": 0, "P18A24": 0, "ITER_MATCH": false, "LN_total_sec": 1640, "LN_H_sec": 768, "LN_M_sec": 872, "LN_1839_sec": 820, "LN_estimada": 0, "LN_H_est": 0, "LN_M_est": 0, "LN_1839_est": 0, "rank_seccion": 248, "pct_acum_sec": 100.0, "prioridad_50": false, "prioridad_80": false, "rank_municipal": 1076, "pct_acum_LN_mun": 100.0}}, {"type": "Feature", "geometry": {"type": "Polygon", "coordinates": [[[-97.61880638986503, 19.388094875185697], [-97.61785152199128, 19.387973430158308], [-97.61804464288679, 19.387528130642952], [-97.61818411697868, 19.387123311706397], [-97.61826994742228, 19.386688130344062], [-97.61834504948052, 19.38607077894176], [-97.61842015057177, 19.38560523114497], [-97.61887076192785, 19.384077018830983], [-97.61911752472399, 19.383054827535403], [-97.61985781571349, 19.38001857926167], [-97.62125256291102, 19.380251359414935], [-97.62045863025884, 19.382295770042273], [-97.61982562829529, 19.38392520835873], [-97.61956813616834, 19.384502084981122], [-97.61932137307636, 19.38524089196424], [-97.61909606813607, 19.385939211418886], [-97.6189351348564, 19.386779215107435], [-97.61884930481632, 19.38761921471701], [-97.61880638986503, 19.388094875185697]]]}, "properties": {"CVEGEO": "2110800010186004", "CVE_LOC": "0001", "AGEB": "0186", "MZA": "004", "SECCION": 875, "POBTOT": 8, "P18YMAS": 0, "P18YMAS_H": 0, "P18YMAS_M": 0, "P18A24": 0, "ITER_MATCH": true, "LN_total_sec": 1680, "LN_H_sec": 825, "LN_M_sec": 855, "LN_1839_sec": 803, "LN_estimada": 0, "LN_H_est": 0, "LN_M_est": 0, "LN_1839_est": 0, "rank_seccion": 133, "pct_acum_sec": 100.0, "prioridad_50": false, "prioridad_80": false, "rank_municipal": 1077, "pct_acum_LN_mun": 100.0}}, {"type": "Feature", "geometry": {"type": "Polygon", "coordinates": [[[-97.59764042293821, 19.371050168498147], [-97.59811816502287, 19.371279213898408], [-97.59792364605651, 19.371616900646885], [-97.59744759532651, 19.371399251670784], [-97.59764042293821, 19.371050168498147]]]}, "properties": {"CVEGEO": "2110800850114100", "CVE_LOC": "0085", "AGEB": "0114", "MZA": "100", "SECCION": 879, "POBTOT": 0, "P18YMAS": 0, "P18YMAS_H": 0, "P18YMAS_M": 0, "P18A24": 0, "ITER_MATCH": false, "LN_total_sec": 1640, "LN_H_sec": 768, "LN_M_sec": 872, "LN_1839_sec": 820, "LN_estimada": 0, "LN_H_est": 0, "LN_M_est": 0, "LN_1839_est": 0, "rank_seccion": 249, "pct_acum_sec": 100.0, "prioridad_50": false, "prioridad_80": false, "rank_municipal": 1078, "pct_acum_LN_mun": 100.0}}, {"type": "Feature", "geometry": {"type": "Polygon", "coordinates": [[[-97.59879610989805, 19.372099889664284], [-97.59921561592246, 19.37227593607023], [-97.59916993740124, 19.372375352692714], [-97.59911233687842, 19.372489921039865], [-97.59906344511292, 19.37258769415171], [-97.59900325393842, 19.372706644577907], [-97.59859645881394, 19.372512459657464], [-97.59879610989805, 19.372099889664284]]]}, "properties": {"CVEGEO": "2110800850114055", "CVE_LOC": "0085", "AGEB": "0114", "MZA": "055", "SECCION": 879, "POBTOT": 0, "P18YMAS": 0, "P18YMAS_H": 0, "P18YMAS_M": 0, "P18A24": 0, "ITER_MATCH": false, "LN_total_sec": 1640, "LN_H_sec": 768, "LN_M_sec": 872, "LN_1839_sec": 820, "LN_estimada": 0, "LN_H_est": 0, "LN_M_est": 0, "LN_1839_est": 0, "rank_seccion": 250, "pct_acum_sec": 100.0, "prioridad_50": false, "prioridad_80": false, "rank_municipal": 1079, "pct_acum_LN_mun": 100.0}}, {"type": "Feature", "geometry": {"type": "Polygon", "coordinates": [[[-97.59748165194955, 19.372600493662233], [-97.59770743004553, 19.372699570520638], [-97.59781214882366, 19.372755661317264], [-97.59826834872193, 19.37300002012308], [-97.59808296914535, 19.373325139792044], [-97.59728206880219, 19.372955739584977], [-97.59748165194955, 19.372600493662233]]]}, "properties": {"CVEGEO": "2110800850114078", "CVE_LOC": "0085", "AGEB": "0114", "MZA": "078", "SECCION": 879, "POBTOT": 0, "P18YMAS": 0, "P18YMAS_H": 0, "P18YMAS_M": 0, "P18A24": 0, "ITER_MATCH": false, "LN_total_sec": 1640, "LN_H_sec": 768, "LN_M_sec": 872, "LN_1839_sec": 820, "LN_estimada": 0, "LN_H_est": 0, "LN_M_est": 0, "LN_1839_est": 0, "rank_seccion": 251, "pct_acum_sec": 100.0, "prioridad_50": false, "prioridad_80": false, "rank_municipal": 1080, "pct_acum_LN_mun": 100.0}}, {"type": "Feature", "geometry": {"type": "Polygon", "coordinates": [[[-97.59716693429564, 19.371953387503652], [-97.59764336193749, 19.372173071471316], [-97.5974527346349, 19.372530079352977], [-97.59697283068817, 19.37231845078805], [-97.59716693429564, 19.371953387503652]]]}, "properties": {"CVEGEO": "2110800850114098", "CVE_LOC": "0085", "AGEB": "0114", "MZA": "098", "SECCION": 879, "POBTOT": 0, "P18YMAS": 0, "P18YMAS_H": 0, "P18YMAS_M": 0, "P18A24": 0, "ITER_MATCH": false, "LN_total_sec": 1640, "LN_H_sec": 768, "LN_M_sec": 872, "LN_1839_sec": 820, "LN_estimada": 0, "LN_H_est": 0, "LN_M_est": 0, "LN_1839_est": 0, "rank_seccion": 252, "pct_acum_sec": 100.0, "prioridad_50": false, "prioridad_80": false, "rank_municipal": 1081, "pct_acum_LN_mun": 100.0}}, {"type": "Feature", "geometry": {"type": "Polygon", "coordinates": [[[-97.64027573027828, 19.406107791215188], [-97.63992972657472, 19.405832039899718], [-97.64043129891009, 19.405283065287577], [-97.64076389374937, 19.405571466142188], [-97.64027573027828, 19.406107791215188]]]}, "properties": {"CVEGEO": "211080005010A090", "CVE_LOC": "0005", "AGEB": "010A", "MZA": "090", "SECCION": 876, "POBTOT": 0, "P18YMAS": 0, "P18YMAS_H": 0, "P18YMAS_M": 0, "P18A24": 0, "ITER_MATCH": false, "LN_total_sec": 1428, "LN_H_sec": 662, "LN_M_sec": 766, "LN_1839_sec": 812, "LN_estimada": 16, "LN_H_est": 7, "LN_M_est": 8, "LN_1839_est": 9, "rank_seccion": 86, "pct_acum_sec": 96.64, "prioridad_50": false, "prioridad_80": false, "rank_municipal": 439, "pct_acum_LN_mun": 76.51}}, {"type": "Feature", "geometry": {"type": "Polygon", "coordinates": [[[-97.6231874194783, 19.380901820855613], [-97.623476778709, 19.380486690278904], [-97.62366806015481, 19.3805167795747], [-97.62398222710894, 19.380566499928662], [-97.62380957654464, 19.380924380714937], [-97.62382660028297, 19.380929605120187], [-97.62384169976649, 19.380933484914806], [-97.62402070797837, 19.380573090851584], [-97.62448367994895, 19.380645120821196], [-97.6242549803918, 19.381108289946944], [-97.6231874194783, 19.380901820855613]]]}, "properties": {"CVEGEO": "2110800010010052", "CVE_LOC": "0001", "AGEB": "0010", "MZA": "052", "SECCION": 875, "POBTOT": 17, "P18YMAS": 9, "P18YMAS_H": 5, "P18YMAS_M": 4, "P18A24": 3, "ITER_MATCH": true, "LN_total_sec": 1680, "LN_H_sec": 825, "LN_M_sec": 855, "LN_1839_sec": 803, "LN_estimada": 17, "LN_H_est": 8, "LN_M_est": 9, "LN_1839_est": 8, "rank_seccion": 45, "pct_acum_sec": 95.36, "prioridad_50": false, "prioridad_80": false, "rank_municipal": 346, "pct_acum_LN_mun": 66.48}}, {"type": "Feature", "geometry": {"type": "Polygon", "coordinates": [[[-97.57374940978134, 19.279731625581743], [-97.57465063306027, 19.279691117431895], [-97.57443069083214, 19.280516478264214], [-97.57355092797374, 19.280521540700303], [-97.57374940978134, 19.279731625581743]]]}, "properties": {"CVEGEO": "2110800350133042", "CVE_LOC": "0035", "AGEB": "0133", "MZA": "042", "SECCION": 882, "POBTOT": 0, "P18YMAS": 0, "P18YMAS_H": 0, "P18YMAS_M": 0, "P18A24": 0, "ITER_MATCH": false, "LN_total_sec": 2061, "LN_H_sec": 985, "LN_M_sec": 1076, "LN_1839_sec": 1194, "LN_estimada": 13, "LN_H_est": 6, "LN_M_est": 6, "LN_1839_est": 7, "rank_seccion": 133, "pct_acum_sec": 83.89, "prioridad_50": false, "prioridad_80": false, "rank_municipal": 633, "pct_acum_LN_mun": 94.03}}, {"type": "Feature", "geometry": {"type": "Polygon", "coordinates": [[[-97.57350801183166, 19.280668383956453], [-97.57437704701462, 19.280632938587935], [-97.5741571060721, 19.281453230296606], [-97.57327197754393, 19.2814937383498], [-97.57350801183166, 19.280668383956453]]]}, "properties": {"CVEGEO": "2110800350133044", "CVE_LOC": "0035", "AGEB": "0133", "MZA": "044", "SECCION": 882, "POBTOT": 0, "P18YMAS": 0, "P18YMAS_H": 0, "P18YMAS_M": 0, "P18A24": 0, "ITER_MATCH": false, "LN_total_sec": 2061, "LN_H_sec": 985, "LN_M_sec": 1076, "LN_1839_sec": 1194, "LN_estimada": 13, "LN_H_est": 6, "LN_M_est": 6, "LN_1839_est": 7, "rank_seccion": 134, "pct_acum_sec": 84.52, "prioridad_50": false, "prioridad_80": false, "rank_municipal": 634, "pct_acum_LN_mun": 94.12}}, {"type": "Feature", "geometry": {"type": "Polygon", "coordinates": [[[-97.60973516897197, 19.381291141323604], [-97.60952505525803, 19.381639175588532], [-97.60914754647823, 19.38144612316641], [-97.60935070943285, 19.381107980959367], [-97.60973516897197, 19.381291141323604]]]}, "properties": {"CVEGEO": "2110800010171072", "CVE_LOC": "0001", "AGEB": "0171", "MZA": "072", "SECCION": 877, "POBTOT": 0, "P18YMAS": 0, "P18YMAS_H": 0, "P18YMAS_M": 0, "P18A24": 0, "ITER_MATCH": true, "LN_total_sec": 3745, "LN_H_sec": 1798, "LN_M_sec": 1947, "LN_1839_sec": 2000, "LN_estimada": 0, "LN_H_est": 0, "LN_M_est": 0, "LN_1839_est": 0, "rank_seccion": 187, "pct_acum_sec": 100.0, "prioridad_50": false, "prioridad_80": false, "rank_municipal": 1082, "pct_acum_LN_mun": 100.0}}, {"type": "Feature", "geometry": {"type": "Polygon", "coordinates": [[[-97.61015494887424, 19.382571519615073], [-97.61038367343397, 19.382154454475742], [-97.6107644668738, 19.382326389909295], [-97.6105575774943, 19.382678547630963], [-97.61015494887424, 19.382571519615073]]]}, "properties": {"CVEGEO": "2110800010171069", "CVE_LOC": "0001", "AGEB": "0171", "MZA": "069", "SECCION": 875, "POBTOT": 0, "P18YMAS": 0, "P18YMAS_H": 0, "P18YMAS_M": 0, "P18A24": 0, "ITER_MATCH": true, "LN_total_sec": 1680, "LN_H_sec": 825, "LN_M_sec": 855, "LN_1839_sec": 803, "LN_estimada": 0, "LN_H_est": 0, "LN_M_est": 0, "LN_1839_est": 0, "rank_seccion": 134, "pct_acum_sec": 100.0, "prioridad_50": false, "prioridad_80": false, "rank_municipal": 1083, "pct_acum_LN_mun": 100.0}}, {"type": "Feature", "geometry": {"type": "Polygon", "coordinates": [[[-97.6104023662049, 19.38211261328475], [-97.61062988882313, 19.3817160009906], [-97.61100440544949, 19.381907858788562], [-97.61078473560022, 19.38228803870714], [-97.6104023662049, 19.38211261328475]]]}, "properties": {"CVEGEO": "2110800010171070", "CVE_LOC": "0001", "AGEB": "0171", "MZA": "070", "SECCION": 877, "POBTOT": 4, "P18YMAS": 0, "P18YMAS_H": 0, "P18YMAS_M": 0, "P18A24": 0, "ITER_MATCH": true, "LN_total_sec": 3745, "LN_H_sec": 1798, "LN_M_sec": 1947, "LN_1839_sec": 2000, "LN_estimada": 0, "LN_H_est": 0, "LN_M_est": 0, "LN_1839_est": 0, "rank_seccion": 188, "pct_acum_sec": 100.0, "prioridad_50": false, "prioridad_80": false, "rank_municipal": 1084, "pct_acum_LN_mun": 100.0}}, {"type": "Feature", "geometry": {"type": "Polygon", "coordinates": [[[-97.61104262561446, 19.381927560821737], [-97.61141293977114, 19.382112109732024], [-97.61118644300225, 19.38247294373459], [-97.61082753535999, 19.382306889513806], [-97.61104262561446, 19.381927560821737]]]}, "properties": {"CVEGEO": "2110800010171071", "CVE_LOC": "0001", "AGEB": "0171", "MZA": "071", "SECCION": 877, "POBTOT": 8, "P18YMAS": 0, "P18YMAS_H": 0, "P18YMAS_M": 0, "P18A24": 0, "ITER_MATCH": true, "LN_total_sec": 3745, "LN_H_sec": 1798, "LN_M_sec": 1947, "LN_1839_sec": 2000, "LN_estimada": 0, "LN_H_est": 0, "LN_M_est": 0, "LN_1839_est": 0, "rank_seccion": 189, "pct_acum_sec": 100.0, "prioridad_50": false, "prioridad_80": false, "rank_municipal": 1085, "pct_acum_LN_mun": 100.0}}, {"type": "Feature", "geometry": {"type": "Polygon", "coordinates": [[[-97.57412491969497, 19.28157981933435], [-97.57388888523347, 19.282369725193956], [-97.57297157046001, 19.282440613083576], [-97.57323442609068, 19.281584882785765], [-97.57412491969497, 19.28157981933435]]]}, "properties": {"CVEGEO": "2110800350133043", "CVE_LOC": "0035", "AGEB": "0133", "MZA": "043", "SECCION": 882, "POBTOT": 0, "P18YMAS": 0, "P18YMAS_H": 0, "P18YMAS_M": 0, "P18A24": 0, "ITER_MATCH": false, "LN_total_sec": 2061, "LN_H_sec": 985, "LN_M_sec": 1076, "LN_1839_sec": 1194, "LN_estimada": 13, "LN_H_est": 6, "LN_M_est": 6, "LN_1839_est": 7, "rank_seccion": 135, "pct_acum_sec": 85.15, "prioridad_50": false, "prioridad_80": false, "rank_municipal": 635, "pct_acum_LN_mun": 94.2}}, {"type": "Feature", "geometry": {"type": "Polygon", "coordinates": [[[-97.61080337168076, 19.38234909027623], [-97.61117385126222, 19.382513258262733], [-97.6110195188613, 19.382801341134666], [-97.6105983824019, 19.382691142698455], [-97.61080337168076, 19.38234909027623]]]}, "properties": {"CVEGEO": "2110800010171021", "CVE_LOC": "0001", "AGEB": "0171", "MZA": "021", "SECCION": 875, "POBTOT": 0, "P18YMAS": 0, "P18YMAS_H": 0, "P18YMAS_M": 0, "P18A24": 0, "ITER_MATCH": true, "LN_total_sec": 1680, "LN_H_sec": 825, "LN_M_sec": 855, "LN_1839_sec": 803, "LN_estimada": 0, "LN_H_est": 0, "LN_M_est": 0, "LN_1839_est": 0, "rank_seccion": 135, "pct_acum_sec": 100.0, "prioridad_50": false, "prioridad_80": false, "rank_municipal": 1086, "pct_acum_LN_mun": 100.0}}, {"type": "Feature", "geometry": {"type": "Polygon", "coordinates": [[[-97.60949657202717, 19.381686357153306], [-97.60929135374367, 19.382036676238062], [-97.60890587293162, 19.38185238097626], [-97.60911916839194, 19.381493358465605], [-97.60949657202717, 19.381686357153306]]]}, "properties": {"CVEGEO": "2110800010171025", "CVE_LOC": "0001", "AGEB": "0171", "MZA": "025", "SECCION": 877, "POBTOT": 8, "P18YMAS": 0, "P18YMAS_H": 0, "P18YMAS_M": 0, "P18A24": 0, "ITER_MATCH": true, "LN_total_sec": 3745, "LN_H_sec": 1798, "LN_M_sec": 1947, "LN_1839_sec": 2000, "LN_estimada": 0, "LN_H_est": 0, "LN_M_est": 0, "LN_1839_est": 0, "rank_seccion": 190, "pct_acum_sec": 100.0, "prioridad_50": false, "prioridad_80": false, "rank_municipal": 1087, "pct_acum_LN_mun": 100.0}}, {"type": "Feature", "geometry": {"type": "Polygon", "coordinates": [[[-97.56348498651582, 19.28109443999781], [-97.5651175790589, 19.28101478084714], [-97.56501617996393, 19.28182912131997], [-97.56348498651582, 19.28109443999781]]]}, "properties": {"CVEGEO": "2110800350133031", "CVE_LOC": "0035", "AGEB": "0133", "MZA": "031", "SECCION": 882, "POBTOT": 0, "P18YMAS": 0, "P18YMAS_H": 0, "P18YMAS_M": 0, "P18A24": 0, "ITER_MATCH": false, "LN_total_sec": 2061, "LN_H_sec": 985, "LN_M_sec": 1076, "LN_1839_sec": 1194, "LN_estimada": 13, "LN_H_est": 6, "LN_M_est": 6, "LN_1839_est": 7, "rank_seccion": 136, "pct_acum_sec": 85.78, "prioridad_50": false, "prioridad_80": false, "rank_municipal": 636, "pct_acum_LN_mun": 94.29}}, {"type": "Feature", "geometry": {"type": "Polygon", "coordinates": [[[-97.65123906092873, 19.368743794995677], [-97.65090780803659, 19.3684818972135], [-97.65113579631463, 19.36818583913494], [-97.65120486355677, 19.368276935352128], [-97.65121894484902, 19.368393333193534], [-97.65119882806894, 19.368551485176354], [-97.65123906092873, 19.368743794995677]]]}, "properties": {"CVEGEO": "211080008010A077", "CVE_LOC": "0008", "AGEB": "010A", "MZA": "077", "SECCION": 875, "POBTOT": 0, "P18YMAS": 0, "P18YMAS_H": 0, "P18YMAS_M": 0, "P18A24": 0, "ITER_MATCH": false, "LN_total_sec": 1680, "LN_H_sec": 825, "LN_M_sec": 855, "LN_1839_sec": 803, "LN_estimada": 0, "LN_H_est": 0, "LN_M_est": 0, "LN_1839_est": 0, "rank_seccion": 136, "pct_acum_sec": 100.0, "prioridad_50": false, "prioridad_80": false, "rank_municipal": 1088, "pct_acum_LN_mun": 100.0}}, {"type": "Feature", "geometry": {"type": "Polygon", "coordinates": [[[-97.65160921726653, 19.372093115489708], [-97.65143118958053, 19.37205732703431], [-97.6513711786383, 19.372097450146214], [-97.65130417901895, 19.372126089633134], [-97.65120250968535, 19.37213531013134], [-97.65112454944288, 19.372110780248995], [-97.65108502014954, 19.37214522079723], [-97.65102671936005, 19.372082230520153], [-97.65066538022326, 19.371790061043185], [-97.65091460021382, 19.371518169675454], [-97.65127151025669, 19.371709080607232], [-97.65158335519702, 19.372016067847436], [-97.65160921726653, 19.372093115489708]]]}, "properties": {"CVEGEO": "211080008010A071", "CVE_LOC": "0008", "AGEB": "010A", "MZA": "071", "SECCION": 875, "POBTOT": 0, "P18YMAS": 0, "P18YMAS_H": 0, "P18YMAS_M": 0, "P18A24": 0, "ITER_MATCH": false, "LN_total_sec": 1680, "LN_H_sec": 825, "LN_M_sec": 855, "LN_1839_sec": 803, "LN_estimada": 0, "LN_H_est": 0, "LN_M_est": 0, "LN_1839_est": 0, "rank_seccion": 137, "pct_acum_sec": 100.0, "prioridad_50": false, "prioridad_80": false, "rank_municipal": 1089, "pct_acum_LN_mun": 100.0}}, {"type": "Feature", "geometry": {"type": "Polygon", "coordinates": [[[-97.63694307988209, 19.405959815630375], [-97.63708072007687, 19.406072619782066], [-97.63666413986846, 19.406526620078598], [-97.63653372013394, 19.406416119601985], [-97.63638356998628, 19.406290680946945], [-97.63623632006701, 19.406176090349838], [-97.63662922868502, 19.405719660309437], [-97.63669341822353, 19.405676855410533], [-97.63717602933261, 19.40513314115499], [-97.6374340590754, 19.405341511268386], [-97.63765257969108, 19.405504540568597], [-97.63784033858789, 19.405031420738606], [-97.63804543030653, 19.4052235197959], [-97.63819653945387, 19.40536064971236], [-97.63833622906749, 19.40549434090587], [-97.63847747929266, 19.405628049836235], [-97.63866342861591, 19.4057959113144], [-97.63894404943694, 19.406040539866428], [-97.63881204970001, 19.406204320349843], [-97.6382423394804, 19.406800231330138], [-97.63808028884534, 19.40681617968231], [-97.6377860300516, 19.406567629698007], [-97.63753298434368, 19.406370449296958], [-97.6376531924699, 19.40623227430582], [-97.6376278504032, 19.40621000928006], [-97.63760374035449, 19.406188825807302], [-97.63748647868506, 19.40632394966465], [-97.63716499093248, 19.406075283165112], [-97.6372778310432, 19.40593577184059], [-97.63725650089144, 19.405917211036392], [-97.63722964673184, 19.40589384451905], [-97.6371116771614, 19.40603352312604], [-97.63697761317317, 19.405917691552183], [-97.63695838207049, 19.405941149595343], [-97.63694307988209, 19.405959815630375]]]}, "properties": {"CVEGEO": "211080005010A071", "CVE_LOC": "0005", "AGEB": "010A", "MZA": "071", "SECCION": 876, "POBTOT": 0, "P18YMAS": 0, "P18YMAS_H": 0, "P18YMAS_M": 0, "P18A24": 0, "ITER_MATCH": false, "LN_total_sec": 1428, "LN_H_sec": 662, "LN_M_sec": 766, "LN_1839_sec": 812, "LN_estimada": 16, "LN_H_est": 7, "LN_M_est": 8, "LN_1839_est": 9, "rank_seccion": 87, "pct_acum_sec": 97.76, "prioridad_50": false, "prioridad_80": false, "rank_municipal": 440, "pct_acum_LN_mun": 76.62}}, {"type": "Feature", "geometry": {"type": "Polygon", "coordinates": [[[-97.61357210946238, 19.380370620106085], [-97.61392874628332, 19.38055437751519], [-97.61357169001042, 19.38116866036967], [-97.61322181963735, 19.381005350683388], [-97.61351999993519, 19.380449999855983], [-97.61357210946238, 19.380370620106085]]]}, "properties": {"CVEGEO": "2110800010167002", "CVE_LOC": "0001", "AGEB": "0167", "MZA": "002", "SECCION": 877, "POBTOT": 4, "P18YMAS": 0, "P18YMAS_H": 0, "P18YMAS_M": 0, "P18A24": 0, "ITER_MATCH": true, "LN_total_sec": 3745, "LN_H_sec": 1798, "LN_M_sec": 1947, "LN_1839_sec": 2000, "LN_estimada": 0, "LN_H_est": 0, "LN_M_est": 0, "LN_1839_est": 0, "rank_seccion": 191, "pct_acum_sec": 100.0, "prioridad_50": false, "prioridad_80": false, "rank_municipal": 1090, "pct_acum_LN_mun": 100.0}}, {"type": "Feature", "geometry": {"type": "Polygon", "coordinates": [[[-97.6179296247131, 19.379633812074676], [-97.6181580079931, 19.37927780655476], [-97.61853089000233, 19.379452311186956], [-97.61838757255947, 19.379709349685303], [-97.6179296247131, 19.379633812074676]]]}, "properties": {"CVEGEO": "211080001003A021", "CVE_LOC": "0001", "AGEB": "003A", "MZA": "021", "SECCION": 2747, "POBTOT": 20, "P18YMAS": 15, "P18YMAS_H": 7, "P18YMAS_M": 8, "P18A24": 0, "ITER_MATCH": true, "LN_total_sec": 923, "LN_H_sec": 421, "LN_M_sec": 502, "LN_1839_sec": 436, "LN_estimada": 19, "LN_H_est": 9, "LN_M_est": 11, "LN_1839_est": 9, "rank_seccion": 22, "pct_acum_sec": 69.99, "prioridad_50": false, "prioridad_80": true, "rank_municipal": 307, "pct_acum_LN_mun": 61.92}}, {"type": "Feature", "geometry": {"type": "Polygon", "coordinates": [[[-97.61311859249481, 19.377492604963678], [-97.61325431436339, 19.37726385782758], [-97.61357120020331, 19.377431255153706], [-97.6139037394858, 19.377606921066437], [-97.61370799993773, 19.37897800036601], [-97.61356299867217, 19.379270999607847], [-97.61308685896155, 19.378967461263432], [-97.61246003034407, 19.378602541323136], [-97.61311859249481, 19.377492604963678]]]}, "properties": {"CVEGEO": "2110800010171032", "CVE_LOC": "0001", "AGEB": "0171", "MZA": "032", "SECCION": 877, "POBTOT": 19, "P18YMAS": 10, "P18YMAS_H": 5, "P18YMAS_M": 5, "P18A24": 0, "ITER_MATCH": true, "LN_total_sec": 3745, "LN_H_sec": 1798, "LN_M_sec": 1947, "LN_1839_sec": 2000, "LN_estimada": 15, "LN_H_est": 7, "LN_M_est": 8, "LN_1839_est": 8, "rank_seccion": 119, "pct_acum_sec": 92.5, "prioridad_50": false, "prioridad_80": false, "rank_municipal": 466, "pct_acum_LN_mun": 79.26}}, {"type": "Feature", "geometry": {"type": "Polygon", "coordinates": [[[-97.61227304106173, 19.376370032610424], [-97.61239167082887, 19.375645499760484], [-97.61235094684896, 19.375478577084056], [-97.61259989996078, 19.374228680722695], [-97.61347272633714, 19.374397929415572], [-97.6144286602289, 19.374699619562865], [-97.61435927934777, 19.375155103790014], [-97.6137811928092, 19.37501663304182], [-97.61377692084457, 19.375039801047294], [-97.61377109783092, 19.375071384129427], [-97.61435077285908, 19.37522274437156], [-97.61426526016713, 19.375682799995275], [-97.61418678016727, 19.376144510191672], [-97.61410827924895, 19.3766063196991], [-97.61400331908517, 19.37722366064109], [-97.61394845905637, 19.37754644969739], [-97.61316628603768, 19.377138641685896], [-97.61237677875855, 19.37855938000106], [-97.61188804226518, 19.37830620036507], [-97.61227304106173, 19.376370032610424]]]}, "properties": {"CVEGEO": "2110800010203001", "CVE_LOC": "0001", "AGEB": "0203", "MZA": "001", "SECCION": 877, "POBTOT": 29, "P18YMAS": 18, "P18YMAS_H": 9, "P18YMAS_M": 9, "P18A24": 0, "ITER_MATCH": true, "LN_total_sec": 3745, "LN_H_sec": 1798, "LN_M_sec": 1947, "LN_1839_sec": 2000, "LN_estimada": 27, "LN_H_est": 13, "LN_M_est": 14, "LN_1839_est": 14, "rank_seccion": 64, "pct_acum_sec": 63.77, "prioridad_50": false, "prioridad_80": true, "rank_municipal": 159, "pct_acum_LN_mun": 39.71}}, {"type": "Feature", "geometry": {"type": "Polygon", "coordinates": [[[-97.61360581901053, 19.380319770141707], [-97.61376387219883, 19.38004885722381], [-97.61402784952324, 19.38038388021654], [-97.61395642419427, 19.3805067603509], [-97.61360581901053, 19.380319770141707]]]}, "properties": {"CVEGEO": "2110800010167046", "CVE_LOC": "0001", "AGEB": "0167", "MZA": "046", "SECCION": 877, "POBTOT": 5, "P18YMAS": 0, "P18YMAS_H": 0, "P18YMAS_M": 0, "P18A24": 0, "ITER_MATCH": true, "LN_total_sec": 3745, "LN_H_sec": 1798, "LN_M_sec": 1947, "LN_1839_sec": 2000, "LN_estimada": 0, "LN_H_est": 0, "LN_M_est": 0, "LN_1839_est": 0, "rank_seccion": 192, "pct_acum_sec": 100.0, "prioridad_50": false, "prioridad_80": false, "rank_municipal": 1091, "pct_acum_LN_mun": 100.0}}, {"type": "Feature", "geometry": {"type": "Polygon", "coordinates": [[[-97.57537655709966, 19.281442886104408], [-97.57424355247753, 19.281472911167498], [-97.57450529099225, 19.280590817786774], [-97.57567703539259, 19.280539343402975], [-97.57537655709966, 19.281442886104408]]]}, "properties": {"CVEGEO": "2110800350133047", "CVE_LOC": "0035", "AGEB": "0133", "MZA": "047", "SECCION": 882, "POBTOT": 0, "P18YMAS": 0, "P18YMAS_H": 0, "P18YMAS_M": 0, "P18A24": 0, "ITER_MATCH": false, "LN_total_sec": 2061, "LN_H_sec": 985, "LN_M_sec": 1076, "LN_1839_sec": 1194, "LN_estimada": 13, "LN_H_est": 6, "LN_M_est": 6, "LN_1839_est": 7, "rank_seccion": 137, "pct_acum_sec": 86.41, "prioridad_50": false, "prioridad_80": false, "rank_municipal": 637, "pct_acum_LN_mun": 94.38}}, {"type": "Feature", "geometry": {"type": "Polygon", "coordinates": [[[-97.5756986818461, 19.28045867856993], [-97.57454104622693, 19.280515083550977], [-97.57478779298256, 19.279655134131314], [-97.57595982059202, 19.27959463231816], [-97.5756986818461, 19.28045867856993]]]}, "properties": {"CVEGEO": "2110800350133048", "CVE_LOC": "0035", "AGEB": "0133", "MZA": "048", "SECCION": 882, "POBTOT": 0, "P18YMAS": 0, "P18YMAS_H": 0, "P18YMAS_M": 0, "P18A24": 0, "ITER_MATCH": false, "LN_total_sec": 2061, "LN_H_sec": 985, "LN_M_sec": 1076, "LN_1839_sec": 1194, "LN_estimada": 13, "LN_H_est": 6, "LN_M_est": 6, "LN_1839_est": 7, "rank_seccion": 138, "pct_acum_sec": 87.05, "prioridad_50": false, "prioridad_80": false, "rank_municipal": 638, "pct_acum_LN_mun": 94.47}}, {"type": "Feature", "geometry": {"type": "Polygon", "coordinates": [[[-97.57471743056627, 19.27962484295835], [-97.57376099410811, 19.27963745610298], [-97.57401102756886, 19.27882277059312], [-97.57497279706234, 19.278792246508015], [-97.57471743056627, 19.27962484295835]]]}, "properties": {"CVEGEO": "2110800350133049", "CVE_LOC": "0035", "AGEB": "0133", "MZA": "049", "SECCION": 882, "POBTOT": 0, "P18YMAS": 0, "P18YMAS_H": 0, "P18YMAS_M": 0, "P18A24": 0, "ITER_MATCH": false, "LN_total_sec": 2061, "LN_H_sec": 985, "LN_M_sec": 1076, "LN_1839_sec": 1194, "LN_estimada": 13, "LN_H_est": 6, "LN_M_est": 6, "LN_1839_est": 7, "rank_seccion": 139, "pct_acum_sec": 87.68, "prioridad_50": false, "prioridad_80": false, "rank_municipal": 639, "pct_acum_LN_mun": 94.55}}, {"type": "Feature", "geometry": {"type": "Polygon", "coordinates": [[[-97.5760419370319, 19.277703236671755], [-97.5753607726984, 19.277720655111537], [-97.57544188833938, 19.277346615591785], [-97.5760419370319, 19.277703236671755]]]}, "properties": {"CVEGEO": "2110800350133051", "CVE_LOC": "0035", "AGEB": "0133", "MZA": "051", "SECCION": 882, "POBTOT": 0, "P18YMAS": 0, "P18YMAS_H": 0, "P18YMAS_M": 0, "P18A24": 0, "ITER_MATCH": false, "LN_total_sec": 2061, "LN_H_sec": 985, "LN_M_sec": 1076, "LN_1839_sec": 1194, "LN_estimada": 13, "LN_H_est": 6, "LN_M_est": 6, "LN_1839_est": 7, "rank_seccion": 140, "pct_acum_sec": 88.31, "prioridad_50": false, "prioridad_80": false, "rank_municipal": 640, "pct_acum_LN_mun": 94.64}}, {"type": "Feature", "geometry": {"type": "Polygon", "coordinates": [[[-97.57437134958668, 19.277712230874197], [-97.5745671766287, 19.27688938522316], [-97.5753426619921, 19.27732292309539], [-97.57525454472447, 19.27771675537361], [-97.57437134958668, 19.277712230874197]]]}, "properties": {"CVEGEO": "2110800350133052", "CVE_LOC": "0035", "AGEB": "0133", "MZA": "052", "SECCION": 882, "POBTOT": 0, "P18YMAS": 0, "P18YMAS_H": 0, "P18YMAS_M": 0, "P18A24": 0, "ITER_MATCH": false, "LN_total_sec": 2061, "LN_H_sec": 985, "LN_M_sec": 1076, "LN_1839_sec": 1194, "LN_estimada": 13, "LN_H_est": 6, "LN_M_est": 6, "LN_1839_est": 7, "rank_seccion": 141, "pct_acum_sec": 88.94, "prioridad_50": false, "prioridad_80": false, "rank_municipal": 641, "pct_acum_LN_mun": 94.73}}, {"type": "Feature", "geometry": {"type": "Polygon", "coordinates": [[[-97.57445861244031, 19.276808518524017], [-97.5735237275387, 19.276840296506883], [-97.57379089477864, 19.275949557555588], [-97.57471989553106, 19.2759568004489], [-97.57445861244031, 19.276808518524017]]]}, "properties": {"CVEGEO": "2110800350133056", "CVE_LOC": "0035", "AGEB": "0133", "MZA": "056", "SECCION": 882, "POBTOT": 0, "P18YMAS": 0, "P18YMAS_H": 0, "P18YMAS_M": 0, "P18A24": 0, "ITER_MATCH": false, "LN_total_sec": 2061, "LN_H_sec": 985, "LN_M_sec": 1076, "LN_1839_sec": 1194, "LN_estimada": 12, "LN_H_est": 6, "LN_M_est": 6, "LN_1839_est": 7, "rank_seccion": 142, "pct_acum_sec": 89.52, "prioridad_50": false, "prioridad_80": false, "rank_municipal": 656, "pct_acum_LN_mun": 95.94}}, {"type": "Feature", "geometry": {"type": "Polygon", "coordinates": [[[-97.57328567186526, 19.277773638317612], [-97.57349191648555, 19.276915669097278], [-97.57398264586654, 19.27691076797874], [-97.57437681579705, 19.27689573938547], [-97.57444632336987, 19.276926446059917], [-97.57426063871716, 19.27771670357997], [-97.57328567186526, 19.277773638317612]]]}, "properties": {"CVEGEO": "2110800350133053", "CVE_LOC": "0035", "AGEB": "0133", "MZA": "053", "SECCION": 882, "POBTOT": 0, "P18YMAS": 0, "P18YMAS_H": 0, "P18YMAS_M": 0, "P18A24": 0, "ITER_MATCH": false, "LN_total_sec": 2061, "LN_H_sec": 985, "LN_M_sec": 1076, "LN_1839_sec": 1194, "LN_estimada": 12, "LN_H_est": 6, "LN_M_est": 6, "LN_1839_est": 7, "rank_seccion": 143, "pct_acum_sec": 90.1, "prioridad_50": false, "prioridad_80": false, "rank_municipal": 657, "pct_acum_LN_mun": 96.02}}, {"type": "Feature", "geometry": {"type": "Polygon", "coordinates": [[[-97.57225557140677, 19.27782856569225], [-97.57245699428132, 19.276942046134433], [-97.57339759362482, 19.276928397499088], [-97.57317491087245, 19.2777798252586], [-97.57225557140677, 19.27782856569225]]]}, "properties": {"CVEGEO": "2110800350133054", "CVE_LOC": "0035", "AGEB": "0133", "MZA": "054", "SECCION": 882, "POBTOT": 0, "P18YMAS": 0, "P18YMAS_H": 0, "P18YMAS_M": 0, "P18A24": 0, "ITER_MATCH": false, "LN_total_sec": 2061, "LN_H_sec": 985, "LN_M_sec": 1076, "LN_1839_sec": 1194, "LN_estimada": 12, "LN_H_est": 6, "LN_M_est": 6, "LN_1839_est": 7, "rank_seccion": 144, "pct_acum_sec": 90.68, "prioridad_50": false, "prioridad_80": false, "rank_municipal": 658, "pct_acum_LN_mun": 96.1}}, {"type": "Feature", "geometry": {"type": "Polygon", "coordinates": [[[-97.57214887579805, 19.277817033660856], [-97.57167031804735, 19.2777949089443], [-97.57167816347543, 19.277604054917145], [-97.57175038389131, 19.277271418003725], [-97.57186263491018, 19.276925152047877], [-97.57236556267394, 19.276937706404254], [-97.57214887579805, 19.277817033660856]]]}, "properties": {"CVEGEO": "2110800350133055", "CVE_LOC": "0035", "AGEB": "0133", "MZA": "055", "SECCION": 882, "POBTOT": 0, "P18YMAS": 0, "P18YMAS_H": 0, "P18YMAS_M": 0, "P18A24": 0, "ITER_MATCH": false, "LN_total_sec": 2061, "LN_H_sec": 985, "LN_M_sec": 1076, "LN_1839_sec": 1194, "LN_estimada": 12, "LN_H_est": 6, "LN_M_est": 6, "LN_1839_est": 7, "rank_seccion": 145, "pct_acum_sec": 91.27, "prioridad_50": false, "prioridad_80": false, "rank_municipal": 659, "pct_acum_LN_mun": 96.18}}, {"type": "Feature", "geometry": {"type": "Polygon", "coordinates": [[[-97.57527757761241, 19.273980922017948], [-97.57275329823133, 19.27402643375133], [-97.57282982070977, 19.2737383932227], [-97.57314660964187, 19.272862251113906], [-97.57574381916041, 19.27280206647436], [-97.57558372058317, 19.273314088384303], [-97.57536007778047, 19.273689966973357], [-97.57527757761241, 19.273980922017948]]]}, "properties": {"CVEGEO": "2110800350133061", "CVE_LOC": "0035", "AGEB": "0133", "MZA": "061", "SECCION": 882, "POBTOT": 0, "P18YMAS": 0, "P18YMAS_H": 0, "P18YMAS_M": 0, "P18A24": 0, "ITER_MATCH": false, "LN_total_sec": 2061, "LN_H_sec": 985, "LN_M_sec": 1076, "LN_1839_sec": 1194, "LN_estimada": 12, "LN_H_est": 6, "LN_M_est": 6, "LN_1839_est": 7, "rank_seccion": 146, "pct_acum_sec": 91.85, "prioridad_50": false, "prioridad_80": false, "rank_municipal": 660, "pct_acum_LN_mun": 96.27}}, {"type": "Feature", "geometry": {"type": "Polygon", "coordinates": [[[-97.57345213942465, 19.2768358395493], [-97.57250487671139, 19.276843987735703], [-97.57275164890407, 19.275963085440715], [-97.57367999602364, 19.275978992286284], [-97.57345213942465, 19.2768358395493]]]}, "properties": {"CVEGEO": "2110800350133057", "CVE_LOC": "0035", "AGEB": "0133", "MZA": "057", "SECCION": 882, "POBTOT": 0, "P18YMAS": 0, "P18YMAS_H": 0, "P18YMAS_M": 0, "P18A24": 0, "ITER_MATCH": false, "LN_total_sec": 2061, "LN_H_sec": 985, "LN_M_sec": 1076, "LN_1839_sec": 1194, "LN_estimada": 12, "LN_H_est": 6, "LN_M_est": 6, "LN_1839_est": 7, "rank_seccion": 147, "pct_acum_sec": 92.43, "prioridad_50": false, "prioridad_80": false, "rank_municipal": 661, "pct_acum_LN_mun": 96.35}}, {"type": "Feature", "geometry": {"type": "Polygon", "coordinates": [[[-97.57189665091573, 19.276855079120903], [-97.5721660361436, 19.27597318055781], [-97.57264302512559, 19.275980369471302], [-97.57239742494222, 19.27685555473804], [-97.57189665091573, 19.276855079120903]]]}, "properties": {"CVEGEO": "2110800350133058", "CVE_LOC": "0035", "AGEB": "0133", "MZA": "058", "SECCION": 882, "POBTOT": 0, "P18YMAS": 0, "P18YMAS_H": 0, "P18YMAS_M": 0, "P18A24": 0, "ITER_MATCH": false, "LN_total_sec": 2061, "LN_H_sec": 985, "LN_M_sec": 1076, "LN_1839_sec": 1194, "LN_estimada": 12, "LN_H_est": 6, "LN_M_est": 6, "LN_1839_est": 7, "rank_seccion": 148, "pct_acum_sec": 93.01, "prioridad_50": false, "prioridad_80": false, "rank_municipal": 662, "pct_acum_LN_mun": 96.43}}, {"type": "Feature", "geometry": {"type": "Polygon", "coordinates": [[[-97.57379702328674, 19.2758610921856], [-97.57430548218112, 19.274073673724896], [-97.57527528139359, 19.274063617793733], [-97.5747188365129, 19.275887083760068], [-97.57379702328674, 19.2758610921856]]]}, "properties": {"CVEGEO": "2110800350133059", "CVE_LOC": "0035", "AGEB": "0133", "MZA": "059", "SECCION": 882, "POBTOT": 0, "P18YMAS": 0, "P18YMAS_H": 0, "P18YMAS_M": 0, "P18A24": 0, "ITER_MATCH": false, "LN_total_sec": 2061, "LN_H_sec": 985, "LN_M_sec": 1076, "LN_1839_sec": 1194, "LN_estimada": 12, "LN_H_est": 6, "LN_M_est": 6, "LN_1839_est": 7, "rank_seccion": 149, "pct_acum_sec": 93.6, "prioridad_50": false, "prioridad_80": false, "rank_municipal": 663, "pct_acum_LN_mun": 96.51}}, {"type": "Feature", "geometry": {"type": "Polygon", "coordinates": [[[-97.57278953821233, 19.275852591713583], [-97.57328547318566, 19.274100302545833], [-97.57421597745117, 19.274077993945387], [-97.57369644581291, 19.275868843155706], [-97.57278953821233, 19.275852591713583]]]}, "properties": {"CVEGEO": "2110800350133060", "CVE_LOC": "0035", "AGEB": "0133", "MZA": "060", "SECCION": 882, "POBTOT": 0, "P18YMAS": 0, "P18YMAS_H": 0, "P18YMAS_M": 0, "P18A24": 0, "ITER_MATCH": false, "LN_total_sec": 2061, "LN_H_sec": 985, "LN_M_sec": 1076, "LN_1839_sec": 1194, "LN_estimada": 12, "LN_H_est": 6, "LN_M_est": 6, "LN_1839_est": 7, "rank_seccion": 150, "pct_acum_sec": 94.18, "prioridad_50": false, "prioridad_80": false, "rank_municipal": 664, "pct_acum_LN_mun": 96.59}}, {"type": "Feature", "geometry": {"type": "Polygon", "coordinates": [[[-97.57499817871467, 19.278744424516443], [-97.57404867617535, 19.278754550844486], [-97.57432762572756, 19.27780259061971], [-97.5752073910409, 19.277807654677268], [-97.57522348505167, 19.27786335512772], [-97.57499817871467, 19.278744424516443]]]}, "properties": {"CVEGEO": "2110800350133062", "CVE_LOC": "0035", "AGEB": "0133", "MZA": "062", "SECCION": 882, "POBTOT": 0, "P18YMAS": 0, "P18YMAS_H": 0, "P18YMAS_M": 0, "P18A24": 0, "ITER_MATCH": false, "LN_total_sec": 2061, "LN_H_sec": 985, "LN_M_sec": 1076, "LN_1839_sec": 1194, "LN_estimada": 12, "LN_H_est": 6, "LN_M_est": 6, "LN_1839_est": 7, "rank_seccion": 151, "pct_acum_sec": 94.76, "prioridad_50": false, "prioridad_80": false, "rank_municipal": 665, "pct_acum_LN_mun": 96.67}}, {"type": "Feature", "geometry": {"type": "Polygon", "coordinates": [[[-97.57296297568554, 19.282530639939672], [-97.57390693788194, 19.282463467781405], [-97.57384161221782, 19.28286352908978], [-97.57369570505224, 19.28340124249453], [-97.57323608046707, 19.283418130186504], [-97.57304779562713, 19.283425047752196], [-97.57273850639206, 19.283436410537156], [-97.57296297568554, 19.282530639939672]]]}, "properties": {"CVEGEO": "2110800350133045", "CVE_LOC": "0035", "AGEB": "0133", "MZA": "045", "SECCION": 882, "POBTOT": 0, "P18YMAS": 0, "P18YMAS_H": 0, "P18YMAS_M": 0, "P18A24": 0, "ITER_MATCH": false, "LN_total_sec": 2061, "LN_H_sec": 985, "LN_M_sec": 1076, "LN_1839_sec": 1194, "LN_estimada": 12, "LN_H_est": 6, "LN_M_est": 6, "LN_1839_est": 7, "rank_seccion": 152, "pct_acum_sec": 95.34, "prioridad_50": false, "prioridad_80": false, "rank_municipal": 666, "pct_acum_LN_mun": 96.75}}, {"type": "Feature", "geometry": {"type": "Polygon", "coordinates": [[[-97.57512212733167, 19.282392944469173], [-97.57402208546284, 19.28243296800787], [-97.57424164555216, 19.28153157170044], [-97.57534168007554, 19.28149154660463], [-97.57512212733167, 19.282392944469173]]]}, "properties": {"CVEGEO": "2110800350133046", "CVE_LOC": "0035", "AGEB": "0133", "MZA": "046", "SECCION": 882, "POBTOT": 0, "P18YMAS": 0, "P18YMAS_H": 0, "P18YMAS_M": 0, "P18A24": 0, "ITER_MATCH": false, "LN_total_sec": 2061, "LN_H_sec": 985, "LN_M_sec": 1076, "LN_1839_sec": 1194, "LN_estimada": 12, "LN_H_est": 6, "LN_M_est": 6, "LN_1839_est": 7, "rank_seccion": 153, "pct_acum_sec": 95.92, "prioridad_50": false, "prioridad_80": false, "rank_municipal": 667, "pct_acum_LN_mun": 96.83}}, {"type": "Feature", "geometry": {"type": "Polygon", "coordinates": [[[-97.57622834554216, 19.278681691559623], [-97.5750934361691, 19.278725349467397], [-97.57532746337232, 19.277797635479487], [-97.57610675438464, 19.27778502636387], [-97.57625338062377, 19.27854477169268], [-97.57622834554216, 19.278681691559623]]]}, "properties": {"CVEGEO": "2110800350133050", "CVE_LOC": "0035", "AGEB": "0133", "MZA": "050", "SECCION": 882, "POBTOT": 0, "P18YMAS": 0, "P18YMAS_H": 0, "P18YMAS_M": 0, "P18A24": 0, "ITER_MATCH": false, "LN_total_sec": 2061, "LN_H_sec": 985, "LN_M_sec": 1076, "LN_1839_sec": 1194, "LN_estimada": 12, "LN_H_est": 6, "LN_M_est": 6, "LN_1839_est": 7, "rank_seccion": 154, "pct_acum_sec": 96.51, "prioridad_50": false, "prioridad_80": false, "rank_municipal": 668, "pct_acum_LN_mun": 96.91}}, {"type": "Feature", "geometry": {"type": "Polygon", "coordinates": [[[-97.57101144930736, 19.279795075896974], [-97.57066750699119, 19.280024405001804], [-97.57030621883834, 19.280147644136033], [-97.57035285827756, 19.278762696765657], [-97.5713071498782, 19.278804948738994], [-97.57101144930736, 19.279795075896974]]]}, "properties": {"CVEGEO": "2110800350133063", "CVE_LOC": "0035", "AGEB": "0133", "MZA": "063", "SECCION": 882, "POBTOT": 0, "P18YMAS": 0, "P18YMAS_H": 0, "P18YMAS_M": 0, "P18A24": 0, "ITER_MATCH": false, "LN_total_sec": 2061, "LN_H_sec": 985, "LN_M_sec": 1076, "LN_1839_sec": 1194, "LN_estimada": 12, "LN_H_est": 6, "LN_M_est": 6, "LN_1839_est": 7, "rank_seccion": 155, "pct_acum_sec": 97.09, "prioridad_50": false, "prioridad_80": false, "rank_municipal": 669, "pct_acum_LN_mun": 96.99}}, {"type": "Feature", "geometry": {"type": "Polygon", "coordinates": [[[-97.62021311028282, 19.369579122645796], [-97.61846967376444, 19.368814943803045], [-97.61854477620342, 19.368430320456092], [-97.62030430548526, 19.36914389456007], [-97.62021311028282, 19.369579122645796]]]}, "properties": {"CVEGEO": "211080089010A016", "CVE_LOC": "0089", "AGEB": "010A", "MZA": "016", "SECCION": 881, "POBTOT": 0, "P18YMAS": 0, "P18YMAS_H": 0, "P18YMAS_M": 0, "P18A24": 0, "ITER_MATCH": false, "LN_total_sec": 1115, "LN_H_sec": 551, "LN_M_sec": 564, "LN_1839_sec": 548, "LN_estimada": 22, "LN_H_est": 10, "LN_M_est": 11, "LN_1839_est": 10, "rank_seccion": 44, "pct_acum_sec": 86.82, "prioridad_50": false, "prioridad_80": false, "rank_municipal": 258, "pct_acum_LN_mun": 55.27}}, {"type": "Feature", "geometry": {"type": "Polygon", "coordinates": [[[-97.53314177160675, 19.267934152235473], [-97.53295909001275, 19.267740630759587], [-97.5330385490587, 19.266735859801663], [-97.53358421940382, 19.266789449619115], [-97.5335227195108, 19.268250940491622], [-97.53339591643682, 19.2681530139214], [-97.53328030276415, 19.26805774200093], [-97.53318734658343, 19.267969400935918], [-97.53321058659161, 19.267526535615918], [-97.53318644756217, 19.267525384596603], [-97.53316716888666, 19.26752734634555], [-97.53314177160675, 19.267934152235473]]]}, "properties": {"CVEGEO": "2110800320133023", "CVE_LOC": "0032", "AGEB": "0133", "MZA": "023", "SECCION": 882, "POBTOT": 0, "P18YMAS": 0, "P18YMAS_H": 0, "P18YMAS_M": 0, "P18A24": 0, "ITER_MATCH": false, "LN_total_sec": 2061, "LN_H_sec": 985, "LN_M_sec": 1076, "LN_1839_sec": 1194, "LN_estimada": 12, "LN_H_est": 6, "LN_M_est": 6, "LN_1839_est": 7, "rank_seccion": 156, "pct_acum_sec": 97.67, "prioridad_50": false, "prioridad_80": false, "rank_municipal": 670, "pct_acum_LN_mun": 97.07}}, {"type": "Feature", "geometry": {"type": "Polygon", "coordinates": [[[-97.5369510599733, 19.265993617579536], [-97.53694033143204, 19.266307584471477], [-97.53677537469406, 19.26631264977594], [-97.53667680314513, 19.26634556440729], [-97.53659432503234, 19.266383545968843], [-97.53591788010223, 19.266360290451388], [-97.53592081992085, 19.26596797037648], [-97.5369510599733, 19.265993617579536]]]}, "properties": {"CVEGEO": "2110800320133048", "CVE_LOC": "0032", "AGEB": "0133", "MZA": "048", "SECCION": 882, "POBTOT": 0, "P18YMAS": 0, "P18YMAS_H": 0, "P18YMAS_M": 0, "P18A24": 0, "ITER_MATCH": false, "LN_total_sec": 2061, "LN_H_sec": 985, "LN_M_sec": 1076, "LN_1839_sec": 1194, "LN_estimada": 12, "LN_H_est": 6, "LN_M_est": 6, "LN_1839_est": 7, "rank_seccion": 157, "pct_acum_sec": 98.25, "prioridad_50": false, "prioridad_80": false, "rank_municipal": 671, "pct_acum_LN_mun": 97.16}}, {"type": "Feature", "geometry": {"type": "Polygon", "coordinates": [[[-97.53711746016405, 19.33819251085472], [-97.53687992044506, 19.338488340496745], [-97.53679185027748, 19.33858598066288], [-97.53662805987943, 19.33879865077078], [-97.53604930421741, 19.3383718237822], [-97.53588062286862, 19.338247421861766], [-97.53619712533107, 19.337822232728623], [-97.53642971904489, 19.337887152105612], [-97.53686782916313, 19.33800943099598], [-97.53711746016405, 19.33819251085472]]]}, "properties": {"CVEGEO": "2110800030114025", "CVE_LOC": "0003", "AGEB": "0114", "MZA": "025", "SECCION": 881, "POBTOT": 0, "P18YMAS": 0, "P18YMAS_H": 0, "P18YMAS_M": 0, "P18A24": 0, "ITER_MATCH": false, "LN_total_sec": 1115, "LN_H_sec": 551, "LN_M_sec": 564, "LN_1839_sec": 548, "LN_estimada": 21, "LN_H_est": 10, "LN_M_est": 11, "LN_1839_est": 10, "rank_seccion": 45, "pct_acum_sec": 88.7, "prioridad_50": false, "prioridad_80": false, "rank_municipal": 273, "pct_acum_LN_mun": 57.39}}, {"type": "Feature", "geometry": {"type": "Polygon", "coordinates": [[[-97.53658487954624, 19.338836949743484], [-97.53610994980953, 19.339454089709537], [-97.53575331988458, 19.33917827960599], [-97.53555291033567, 19.33901154537824], [-97.53552120844893, 19.338985170618127], [-97.53537234570233, 19.338781436157714], [-97.5358135685062, 19.338296773988166], [-97.53600067014766, 19.338434190005472], [-97.53624008873533, 19.338610029642023], [-97.53658487954624, 19.338836949743484]]]}, "properties": {"CVEGEO": "2110800030114024", "CVE_LOC": "0003", "AGEB": "0114", "MZA": "024", "SECCION": 881, "POBTOT": 0, "P18YMAS": 0, "P18YMAS_H": 0, "P18YMAS_M": 0, "P18A24": 0, "ITER_MATCH": false, "LN_total_sec": 1115, "LN_H_sec": 551, "LN_M_sec": 564, "LN_1839_sec": 548, "LN_estimada": 21, "LN_H_est": 10, "LN_M_est": 11, "LN_1839_est": 10, "rank_seccion": 46, "pct_acum_sec": 90.58, "prioridad_50": false, "prioridad_80": false, "rank_municipal": 274, "pct_acum_LN_mun": 57.54}}, {"type": "Feature", "geometry": {"type": "Polygon", "coordinates": [[[-97.53697299302304, 19.26557323902241], [-97.53694751027743, 19.265959369584138], [-97.53594695966888, 19.265916007061346], [-97.53596580254512, 19.26552768646485], [-97.5360459809622, 19.26553131331134], [-97.53697299302304, 19.26557323902241]]]}, "properties": {"CVEGEO": "2110800320133050", "CVE_LOC": "0032", "AGEB": "0133", "MZA": "050", "SECCION": 882, "POBTOT": 0, "P18YMAS": 0, "P18YMAS_H": 0, "P18YMAS_M": 0, "P18A24": 0, "ITER_MATCH": false, "LN_total_sec": 2061, "LN_H_sec": 985, "LN_M_sec": 1076, "LN_1839_sec": 1194, "LN_estimada": 12, "LN_H_est": 6, "LN_M_est": 6, "LN_1839_est": 7, "rank_seccion": 158, "pct_acum_sec": 98.84, "prioridad_50": false, "prioridad_80": false, "rank_municipal": 672, "pct_acum_LN_mun": 97.24}}, {"type": "Feature", "geometry": {"type": "Polygon", "coordinates": [[[-97.60901120182007, 19.383951233203522], [-97.6088905023343, 19.384328227767856], [-97.60804592166625, 19.384135471462713], [-97.60816259628837, 19.38376227255366], [-97.60901120182007, 19.383951233203522]]]}, "properties": {"CVEGEO": "2110800010218008", "CVE_LOC": "0001", "AGEB": "0218", "MZA": "008", "SECCION": 875, "POBTOT": 6, "P18YMAS": 0, "P18YMAS_H": 0, "P18YMAS_M": 0, "P18A24": 0, "ITER_MATCH": true, "LN_total_sec": 1680, "LN_H_sec": 825, "LN_M_sec": 855, "LN_1839_sec": 803, "LN_estimada": 0, "LN_H_est": 0, "LN_M_est": 0, "LN_1839_est": 0, "rank_seccion": 138, "pct_acum_sec": 100.0, "prioridad_50": false, "prioridad_80": false, "rank_municipal": 1092, "pct_acum_LN_mun": 100.0}}, {"type": "Feature", "geometry": {"type": "Polygon", "coordinates": [[[-97.60928972263902, 19.38107357881183], [-97.60909926914859, 19.381411040711964], [-97.60873991257083, 19.381239111485268], [-97.6089403654376, 19.380904054392996], [-97.60928972263902, 19.38107357881183]]]}, "properties": {"CVEGEO": "2110800010218013", "CVE_LOC": "0001", "AGEB": "0218", "MZA": "013", "SECCION": 877, "POBTOT": 8, "P18YMAS": 0, "P18YMAS_H": 0, "P18YMAS_M": 0, "P18A24": 0, "ITER_MATCH": true, "LN_total_sec": 3745, "LN_H_sec": 1798, "LN_M_sec": 1947, "LN_1839_sec": 2000, "LN_estimada": 0, "LN_H_est": 0, "LN_M_est": 0, "LN_1839_est": 0, "rank_seccion": 193, "pct_acum_sec": 100.0, "prioridad_50": false, "prioridad_80": false, "rank_municipal": 1093, "pct_acum_LN_mun": 100.0}}, {"type": "Feature", "geometry": {"type": "Polygon", "coordinates": [[[-97.60905718063499, 19.381468542031463], [-97.60883067343714, 19.381834092531786], [-97.6085061274645, 19.38169999173641], [-97.60869173020015, 19.38129206137021], [-97.60905718063499, 19.381468542031463]]]}, "properties": {"CVEGEO": "2110800010218012", "CVE_LOC": "0001", "AGEB": "0218", "MZA": "012", "SECCION": 877, "POBTOT": 11, "P18YMAS": 7, "P18YMAS_H": 4, "P18YMAS_M": 3, "P18A24": 0, "ITER_MATCH": true, "LN_total_sec": 3745, "LN_H_sec": 1798, "LN_M_sec": 1947, "LN_1839_sec": 2000, "LN_estimada": 10, "LN_H_est": 5, "LN_M_est": 5, "LN_1839_est": 6, "rank_seccion": 139, "pct_acum_sec": 98.66, "prioridad_50": false, "prioridad_80": false, "rank_municipal": 696, "pct_acum_LN_mun": 98.95}}, {"type": "Feature", "geometry": {"type": "Polygon", "coordinates": [[[-97.60808117756244, 19.383741689247408], [-97.60796221063875, 19.384126243727938], [-97.60716755028287, 19.38395936257775], [-97.60731942859759, 19.383584818597154], [-97.60808117756244, 19.383741689247408]]]}, "properties": {"CVEGEO": "2110800010218011", "CVE_LOC": "0001", "AGEB": "0218", "MZA": "011", "SECCION": 875, "POBTOT": 6, "P18YMAS": 0, "P18YMAS_H": 0, "P18YMAS_M": 0, "P18A24": 0, "ITER_MATCH": true, "LN_total_sec": 1680, "LN_H_sec": 825, "LN_M_sec": 855, "LN_1839_sec": 803, "LN_estimada": 0, "LN_H_est": 0, "LN_M_est": 0, "LN_1839_est": 0, "rank_seccion": 139, "pct_acum_sec": 100.0, "prioridad_50": false, "prioridad_80": false, "rank_municipal": 1094, "pct_acum_LN_mun": 100.0}}, {"type": "Feature", "geometry": {"type": "Polygon", "coordinates": [[[-97.61131640875081, 19.38386536858694], [-97.61117964461617, 19.38426463750623], [-97.60931209756549, 19.383846173963832], [-97.60947590324588, 19.38346671038018], [-97.61131640875081, 19.38386536858694]]]}, "properties": {"CVEGEO": "2110800010218005", "CVE_LOC": "0001", "AGEB": "0218", "MZA": "005", "SECCION": 875, "POBTOT": 16, "P18YMAS": 10, "P18YMAS_H": 5, "P18YMAS_M": 5, "P18A24": 0, "ITER_MATCH": true, "LN_total_sec": 1680, "LN_H_sec": 825, "LN_M_sec": 855, "LN_1839_sec": 803, "LN_estimada": 18, "LN_H_est": 9, "LN_M_est": 9, "LN_1839_est": 9, "rank_seccion": 43, "pct_acum_sec": 93.33, "prioridad_50": false, "prioridad_80": false, "rank_municipal": 320, "pct_acum_LN_mun": 63.5}}, {"type": "Feature", "geometry": {"type": "Polygon", "coordinates": [[[-97.61114544665143, 19.38433738035994], [-97.61108241330177, 19.38451322624006], [-97.6092134949761, 19.38408370540655], [-97.60928139300916, 19.383925413365187], [-97.61114544665143, 19.38433738035994]]]}, "properties": {"CVEGEO": "2110800010218007", "CVE_LOC": "0001", "AGEB": "0218", "MZA": "007", "SECCION": 875, "POBTOT": 6, "P18YMAS": 0, "P18YMAS_H": 0, "P18YMAS_M": 0, "P18A24": 0, "ITER_MATCH": true, "LN_total_sec": 1680, "LN_H_sec": 825, "LN_M_sec": 855, "LN_1839_sec": 803, "LN_estimada": 0, "LN_H_est": 0, "LN_M_est": 0, "LN_1839_est": 0, "rank_seccion": 140, "pct_acum_sec": 100.0, "prioridad_50": false, "prioridad_80": false, "rank_municipal": 1095, "pct_acum_LN_mun": 100.0}}, {"type": "Feature", "geometry": {"type": "Polygon", "coordinates": [[[-97.61105758324649, 19.384572877478135], [-97.61092662584923, 19.384940966942775], [-97.60905410208245, 19.384533143369698], [-97.60917157758225, 19.38417494760206], [-97.61105758324649, 19.384572877478135]]]}, "properties": {"CVEGEO": "2110800010218010", "CVE_LOC": "0001", "AGEB": "0218", "MZA": "010", "SECCION": 875, "POBTOT": 24, "P18YMAS": 13, "P18YMAS_H": 4, "P18YMAS_M": 9, "P18A24": 5, "ITER_MATCH": true, "LN_total_sec": 1680, "LN_H_sec": 825, "LN_M_sec": 855, "LN_1839_sec": 803, "LN_estimada": 24, "LN_H_est": 12, "LN_M_est": 12, "LN_1839_est": 12, "rank_seccion": 38, "pct_acum_sec": 87.68, "prioridad_50": false, "prioridad_80": false, "rank_municipal": 200, "pct_acum_LN_mun": 46.61}}, {"type": "Feature", "geometry": {"type": "Polygon", "coordinates": [[[-97.60965451400564, 19.38229416135519], [-97.60948821762464, 19.382587663241587], [-97.60779842631885, 19.38232958289666], [-97.60816856994845, 19.38163630779204], [-97.60965451400564, 19.38229416135519]]]}, "properties": {"CVEGEO": "2110800010218009", "CVE_LOC": "0001", "AGEB": "0218", "MZA": "009", "SECCION": 875, "POBTOT": 7, "P18YMAS": 0, "P18YMAS_H": 0, "P18YMAS_M": 0, "P18A24": 0, "ITER_MATCH": true, "LN_total_sec": 1680, "LN_H_sec": 825, "LN_M_sec": 855, "LN_1839_sec": 803, "LN_estimada": 0, "LN_H_est": 0, "LN_M_est": 0, "LN_1839_est": 0, "rank_seccion": 141, "pct_acum_sec": 100.0, "prioridad_50": false, "prioridad_80": false, "rank_municipal": 1096, "pct_acum_LN_mun": 100.0}}, {"type": "Feature", "geometry": {"type": "Polygon", "coordinates": [[[-97.61159574718977, 19.3830631077397], [-97.61133720110439, 19.383824880694167], [-97.6094943994771, 19.383430263755354], [-97.60991132043574, 19.38242043975957], [-97.61012053389196, 19.38251658800378], [-97.61009499803257, 19.382617591240837], [-97.61159574718977, 19.3830631077397]]]}, "properties": {"CVEGEO": "2110800010218004", "CVE_LOC": "0001", "AGEB": "0218", "MZA": "004", "SECCION": 875, "POBTOT": 3, "P18YMAS": 0, "P18YMAS_H": 0, "P18YMAS_M": 0, "P18A24": 0, "ITER_MATCH": true, "LN_total_sec": 1680, "LN_H_sec": 825, "LN_M_sec": 855, "LN_1839_sec": 803, "LN_estimada": 0, "LN_H_est": 0, "LN_M_est": 0, "LN_1839_est": 0, "rank_seccion": 142, "pct_acum_sec": 100.0, "prioridad_50": false, "prioridad_80": false, "rank_municipal": 1097, "pct_acum_LN_mun": 100.0}}, {"type": "Feature", "geometry": {"type": "Polygon", "coordinates": [[[-97.6094780725015, 19.38264147048278], [-97.60938285330128, 19.382965333407], [-97.60766702374332, 19.382619594401397], [-97.60775955954159, 19.38239187629493], [-97.6094780725015, 19.38264147048278]]]}, "properties": {"CVEGEO": "2110800010218003", "CVE_LOC": "0001", "AGEB": "0218", "MZA": "003", "SECCION": 875, "POBTOT": 12, "P18YMAS": 0, "P18YMAS_H": 0, "P18YMAS_M": 0, "P18A24": 0, "ITER_MATCH": true, "LN_total_sec": 1680, "LN_H_sec": 825, "LN_M_sec": 855, "LN_1839_sec": 803, "LN_estimada": 0, "LN_H_est": 0, "LN_M_est": 0, "LN_1839_est": 0, "rank_seccion": 143, "pct_acum_sec": 100.0, "prioridad_50": false, "prioridad_80": false, "rank_municipal": 1098, "pct_acum_LN_mun": 100.0}}, {"type": "Feature", "geometry": {"type": "Polygon", "coordinates": [[[-97.60986105561794, 19.382391642647093], [-97.60917976089142, 19.384095931066184], [-97.6090821431985, 19.38407344543611], [-97.60973853175355, 19.38233896175784], [-97.60986105561794, 19.382391642647093]]]}, "properties": {"CVEGEO": "2110800010218001", "CVE_LOC": "0001", "AGEB": "0218", "MZA": "001", "SECCION": 875, "POBTOT": 5, "P18YMAS": 0, "P18YMAS_H": 0, "P18YMAS_M": 0, "P18A24": 0, "ITER_MATCH": true, "LN_total_sec": 1680, "LN_H_sec": 825, "LN_M_sec": 855, "LN_1839_sec": 803, "LN_estimada": 0, "LN_H_est": 0, "LN_M_est": 0, "LN_1839_est": 0, "rank_seccion": 144, "pct_acum_sec": 100.0, "prioridad_50": false, "prioridad_80": false, "rank_municipal": 1099, "pct_acum_LN_mun": 100.0}}, {"type": "Feature", "geometry": {"type": "Polygon", "coordinates": [[[-97.53988627697635, 19.34320394254831], [-97.54038740088671, 19.342621198260602], [-97.54087824434495, 19.34292489533826], [-97.54081978835528, 19.34299568445038], [-97.54058877766765, 19.3432754334265], [-97.54057519244719, 19.343291885137006], [-97.54037667087263, 19.343532288318404], [-97.5399508096361, 19.343247150769766], [-97.53988627697635, 19.34320394254831]]]}, "properties": {"CVEGEO": "2110800030114048", "CVE_LOC": "0003", "AGEB": "0114", "MZA": "048", "SECCION": 881, "POBTOT": 0, "P18YMAS": 0, "P18YMAS_H": 0, "P18YMAS_M": 0, "P18A24": 0, "ITER_MATCH": false, "LN_total_sec": 1115, "LN_H_sec": 551, "LN_M_sec": 564, "LN_1839_sec": 548, "LN_estimada": 21, "LN_H_est": 10, "LN_M_est": 11, "LN_1839_est": 10, "rank_seccion": 47, "pct_acum_sec": 92.47, "prioridad_50": false, "prioridad_80": false, "rank_municipal": 275, "pct_acum_LN_mun": 57.68}}, {"type": "Feature", "geometry": {"type": "Polygon", "coordinates": [[[-97.53578126935355, 19.338266313937517], [-97.5353436960709, 19.338764416328807], [-97.53500586412324, 19.33769472231104], [-97.53578126935355, 19.338266313937517]]]}, "properties": {"CVEGEO": "2110800030114047", "CVE_LOC": "0003", "AGEB": "0114", "MZA": "047", "SECCION": 881, "POBTOT": 0, "P18YMAS": 0, "P18YMAS_H": 0, "P18YMAS_M": 0, "P18A24": 0, "ITER_MATCH": false, "LN_total_sec": 1115, "LN_H_sec": 551, "LN_M_sec": 564, "LN_1839_sec": 548, "LN_estimada": 21, "LN_H_est": 10, "LN_M_est": 11, "LN_1839_est": 10, "rank_seccion": 48, "pct_acum_sec": 94.35, "prioridad_50": false, "prioridad_80": false, "rank_municipal": 276, "pct_acum_LN_mun": 57.82}}, {"type": "Feature", "geometry": {"type": "Polygon", "coordinates": [[[-97.53583910432546, 19.338216020449114], [-97.53494638424111, 19.337560754391404], [-97.53497875233329, 19.33749480798668], [-97.5361447113901, 19.337800702245946], [-97.53583910432546, 19.338216020449114]]]}, "properties": {"CVEGEO": "2110800030114046", "CVE_LOC": "0003", "AGEB": "0114", "MZA": "046", "SECCION": 881, "POBTOT": 0, "P18YMAS": 0, "P18YMAS_H": 0, "P18YMAS_M": 0, "P18A24": 0, "ITER_MATCH": false, "LN_total_sec": 1115, "LN_H_sec": 551, "LN_M_sec": 564, "LN_1839_sec": 548, "LN_estimada": 21, "LN_H_est": 10, "LN_M_est": 11, "LN_1839_est": 10, "rank_seccion": 49, "pct_acum_sec": 96.23, "prioridad_50": false, "prioridad_80": false, "rank_municipal": 277, "pct_acum_LN_mun": 57.96}}, {"type": "Feature", "geometry": {"type": "Polygon", "coordinates": [[[-97.55785072474708, 19.24652514924554], [-97.55775357981256, 19.24554088030024], [-97.55854935006604, 19.24546731998607], [-97.5585766355249, 19.246465424784645], [-97.55785072474708, 19.24652514924554]]]}, "properties": {"CVEGEO": "2110800250133033", "CVE_LOC": "0025", "AGEB": "0133", "MZA": "033", "SECCION": 882, "POBTOT": 0, "P18YMAS": 0, "P18YMAS_H": 0, "P18YMAS_M": 0, "P18A24": 0, "ITER_MATCH": false, "LN_total_sec": 2061, "LN_H_sec": 985, "LN_M_sec": 1076, "LN_1839_sec": 1194, "LN_estimada": 12, "LN_H_est": 6, "LN_M_est": 6, "LN_1839_est": 7, "rank_seccion": 159, "pct_acum_sec": 99.42, "prioridad_50": false, "prioridad_80": false, "rank_municipal": 673, "pct_acum_LN_mun": 97.32}}, {"type": "Feature", "geometry": {"type": "Polygon", "coordinates": [[[-97.55868724881024, 19.24643703837417], [-97.55861579969158, 19.245461180465252], [-97.55987692042541, 19.245344619974137], [-97.55994084695455, 19.246321979314683], [-97.55868724881024, 19.24643703837417]]]}, "properties": {"CVEGEO": "2110800250133032", "CVE_LOC": "0025", "AGEB": "0133", "MZA": "032", "SECCION": 882, "POBTOT": 0, "P18YMAS": 0, "P18YMAS_H": 0, "P18YMAS_M": 0, "P18A24": 0, "ITER_MATCH": false, "LN_total_sec": 2061, "LN_H_sec": 985, "LN_M_sec": 1076, "LN_1839_sec": 1194, "LN_estimada": 12, "LN_H_est": 6, "LN_M_est": 6, "LN_1839_est": 7, "rank_seccion": 160, "pct_acum_sec": 100.0, "prioridad_50": false, "prioridad_80": false, "rank_municipal": 674, "pct_acum_LN_mun": 97.4}}, {"type": "Feature", "geometry": {"type": "Polygon", "coordinates": [[[-97.63634476243912, 19.407550808360888], [-97.63605142033146, 19.40786068075264], [-97.63576741945198, 19.40763075025142], [-97.63601105955189, 19.40735086087443], [-97.63608876920514, 19.407264756095717], [-97.63634476243912, 19.407550808360888]]]}, "properties": {"CVEGEO": "211080005010A080", "CVE_LOC": "0005", "AGEB": "010A", "MZA": "080", "SECCION": 876, "POBTOT": 0, "P18YMAS": 0, "P18YMAS_H": 0, "P18YMAS_M": 0, "P18A24": 0, "ITER_MATCH": false, "LN_total_sec": 1428, "LN_H_sec": 662, "LN_M_sec": 766, "LN_1839_sec": 812, "LN_estimada": 16, "LN_H_est": 7, "LN_M_est": 8, "LN_1839_est": 9, "rank_seccion": 88, "pct_acum_sec": 98.88, "prioridad_50": false, "prioridad_80": false, "rank_municipal": 441, "pct_acum_LN_mun": 76.73}}, {"type": "Feature", "geometry": {"type": "Polygon", "coordinates": [[[-97.6215068486121, 19.380153491233894], [-97.62213959879789, 19.37911263016962], [-97.62226292272355, 19.379108611870617], [-97.62210296317612, 19.379400634305835], [-97.62212976164194, 19.379413854518415], [-97.62215378474957, 19.37942570543484], [-97.62232865181805, 19.37910647218471], [-97.62249653904381, 19.379101000437274], [-97.6218677470786, 19.380218756980856], [-97.6215068486121, 19.380153491233894]]]}, "properties": {"CVEGEO": "2110800010152029", "CVE_LOC": "0001", "AGEB": "0152", "MZA": "029", "SECCION": 875, "POBTOT": 35, "P18YMAS": 23, "P18YMAS_H": 7, "P18YMAS_M": 16, "P18A24": 4, "ITER_MATCH": true, "LN_total_sec": 1680, "LN_H_sec": 825, "LN_M_sec": 855, "LN_1839_sec": 803, "LN_estimada": 43, "LN_H_est": 21, "LN_M_est": 22, "LN_1839_est": 20, "rank_seccion": 14, "pct_acum_sec": 43.75, "prioridad_50": true, "prioridad_80": true, "rank_municipal": 38, "pct_acum_LN_mun": 13.16}}, {"type": "Feature", "geometry": {"type": "Polygon", "coordinates": [[[-97.63631870996836, 19.407009980571356], [-97.6363840293819, 19.407053601323124], [-97.63651445911184, 19.407148020864163], [-97.63663450877735, 19.40723494008891], [-97.6365321491733, 19.40735286054488], [-97.63637904365144, 19.40751459586763], [-97.6361262709067, 19.407223205505026], [-97.63631870996836, 19.407009980571356]]]}, "properties": {"CVEGEO": "211080005010A091", "CVE_LOC": "0005", "AGEB": "010A", "MZA": "091", "SECCION": 876, "POBTOT": 0, "P18YMAS": 0, "P18YMAS_H": 0, "P18YMAS_M": 0, "P18A24": 0, "ITER_MATCH": false, "LN_total_sec": 1428, "LN_H_sec": 662, "LN_M_sec": 766, "LN_1839_sec": 812, "LN_estimada": 16, "LN_H_est": 7, "LN_M_est": 8, "LN_1839_est": 9, "rank_seccion": 89, "pct_acum_sec": 100.0, "prioridad_50": false, "prioridad_80": false, "rank_municipal": 442, "pct_acum_LN_mun": 76.83}}, {"type": "Feature", "geometry": {"type": "Polygon", "coordinates": [[[-97.62020283736832, 19.369639435494943], [-97.62017467473628, 19.369789360809023], [-97.61952412571306, 19.369495078734666], [-97.61958502045698, 19.369373777723617], [-97.62020283736832, 19.369639435494943]]]}, "properties": {"CVEGEO": "211080089010A017", "CVE_LOC": "0089", "AGEB": "010A", "MZA": "017", "SECCION": 881, "POBTOT": 0, "P18YMAS": 0, "P18YMAS_H": 0, "P18YMAS_M": 0, "P18A24": 0, "ITER_MATCH": false, "LN_total_sec": 1115, "LN_H_sec": 551, "LN_M_sec": 564, "LN_1839_sec": 548, "LN_estimada": 21, "LN_H_est": 10, "LN_M_est": 11, "LN_1839_est": 10, "rank_seccion": 50, "pct_acum_sec": 98.12, "prioridad_50": false, "prioridad_80": false, "rank_municipal": 278, "pct_acum_LN_mun": 58.1}}, {"type": "Feature", "geometry": {"type": "Polygon", "coordinates": [[[-97.62504260684604, 19.36996320124692], [-97.62471001350478, 19.3706059168885], [-97.6225763162858, 19.370294354672634], [-97.62312574114326, 19.36999241932316], [-97.62376808648487, 19.369784510418818], [-97.62504260684604, 19.36996320124692]]]}, "properties": {"CVEGEO": "2110800010078016", "CVE_LOC": "0001", "AGEB": "0078", "MZA": "016", "SECCION": 879, "POBTOT": 20, "P18YMAS": 10, "P18YMAS_H": 5, "P18YMAS_M": 5, "P18A24": 0, "ITER_MATCH": true, "LN_total_sec": 1640, "LN_H_sec": 768, "LN_M_sec": 872, "LN_1839_sec": 820, "LN_estimada": 14, "LN_H_est": 6, "LN_M_est": 7, "LN_1839_est": 7, "rank_seccion": 69, "pct_acum_sec": 95.85, "prioridad_50": false, "prioridad_80": false, "rank_municipal": 486, "pct_acum_LN_mun": 81.15}}, {"type": "Feature", "geometry": {"type": "Polygon", "coordinates": [[[-97.62549858161611, 19.369993564737378], [-97.62522478816163, 19.37068943139435], [-97.62477124776413, 19.370629443169268], [-97.62511692332639, 19.3699554613001], [-97.62549858161611, 19.369993564737378]]]}, "properties": {"CVEGEO": "2110800010078051", "CVE_LOC": "0001", "AGEB": "0078", "MZA": "051", "SECCION": 875, "POBTOT": 0, "P18YMAS": 0, "P18YMAS_H": 0, "P18YMAS_M": 0, "P18A24": 0, "ITER_MATCH": true, "LN_total_sec": 1680, "LN_H_sec": 825, "LN_M_sec": 855, "LN_1839_sec": 803, "LN_estimada": 0, "LN_H_est": 0, "LN_M_est": 0, "LN_1839_est": 0, "rank_seccion": 145, "pct_acum_sec": 100.0, "prioridad_50": false, "prioridad_80": false, "rank_municipal": 1100, "pct_acum_LN_mun": 100.0}}, {"type": "Feature", "geometry": {"type": "Polygon", "coordinates": [[[-97.62473911724291, 19.370737128236176], [-97.62515676084574, 19.370768171754175], [-97.62502947053562, 19.37109759608703], [-97.62472050858243, 19.371256629455317], [-97.62449245218377, 19.37121228503089], [-97.62473911724291, 19.370737128236176]]]}, "properties": {"CVEGEO": "2110800010078017", "CVE_LOC": "0001", "AGEB": "0078", "MZA": "017", "SECCION": 880, "POBTOT": 12, "P18YMAS": 7, "P18YMAS_H": 3, "P18YMAS_M": 4, "P18A24": 0, "ITER_MATCH": true, "LN_total_sec": 1026, "LN_H_sec": 513, "LN_M_sec": 513, "LN_1839_sec": 467, "LN_estimada": 9, "LN_H_est": 5, "LN_M_est": 5, "LN_1839_est": 4, "rank_seccion": 46, "pct_acum_sec": 98.44, "prioridad_50": false, "prioridad_80": false, "rank_municipal": 705, "pct_acum_LN_mun": 99.49}}, {"type": "Feature", "geometry": {"type": "Polygon", "coordinates": [[[-97.62434731933945, 19.375764461203676], [-97.62416559993642, 19.37608869036982], [-97.62413671969861, 19.376139919649056], [-97.62394388887859, 19.37648199969699], [-97.62390768930835, 19.376546221021492], [-97.62371985019307, 19.376879459758086], [-97.6236861994367, 19.37693913963251], [-97.6228262603504, 19.378464571179805], [-97.62250713924796, 19.379010020825138], [-97.62207770915333, 19.37900963061387], [-97.62162897899204, 19.379753081137288], [-97.6215712708756, 19.379846977301046], [-97.62143785992437, 19.380064049828242], [-97.6213655392328, 19.380055119742988], [-97.62227634909736, 19.378065851168113], [-97.62264422891721, 19.37718862972599], [-97.62304577980136, 19.376218829708456], [-97.62337674954284, 19.375312880351725], [-97.6237410500582, 19.375444519662288], [-97.62377222937107, 19.375459116332465], [-97.62382867928942, 19.37548554083114], [-97.62434731933945, 19.375764461203676]]]}, "properties": {"CVEGEO": "2110800010152024", "CVE_LOC": "0001", "AGEB": "0152", "MZA": "024", "SECCION": 875, "POBTOT": 21, "P18YMAS": 16, "P18YMAS_H": 8, "P18YMAS_M": 8, "P18A24": 5, "ITER_MATCH": true, "LN_total_sec": 1680, "LN_H_sec": 825, "LN_M_sec": 855, "LN_1839_sec": 803, "LN_estimada": 30, "LN_H_est": 15, "LN_M_est": 15, "LN_1839_est": 14, "rank_seccion": 31, "pct_acum_sec": 77.08, "prioridad_50": false, "prioridad_80": true, "rank_municipal": 130, "pct_acum_LN_mun": 34.24}}, {"type": "Feature", "geometry": {"type": "Polygon", "coordinates": [[[-97.62526717860045, 19.374161020981933], [-97.62517687886752, 19.37431583030811], [-97.62503411890081, 19.374560490054304], [-97.6248571203227, 19.374863880937728], [-97.62484237929874, 19.374889089894864], [-97.62457090965962, 19.374749580830184], [-97.624541420447, 19.374785249973964], [-97.62451950930969, 19.374811750378925], [-97.62480465996457, 19.374953850985445], [-97.62444150965399, 19.375587090894697], [-97.6243873791446, 19.375681460999274], [-97.62385679904463, 19.37541757064922], [-97.62379725569065, 19.37539996621017], [-97.62377308948419, 19.37539282005953], [-97.62338650957726, 19.375254051210373], [-97.62439304968342, 19.37299069014062], [-97.62461710892107, 19.372477450067223], [-97.62463217344073, 19.372413483292906], [-97.62467302043622, 19.372240030450108], [-97.62492462951185, 19.371593800885268], [-97.62508410922494, 19.372068680299268], [-97.62530234041623, 19.372603321357857], [-97.62529097043843, 19.372950550886102], [-97.62509199858663, 19.373519979559845], [-97.62505182891762, 19.37358326113705], [-97.62491632009446, 19.373898260165898], [-97.62489565890218, 19.373962050496942], [-97.62526717860045, 19.374161020981933]]]}, "properties": {"CVEGEO": "2110800010063010", "CVE_LOC": "0001", "AGEB": "0063", "MZA": "010", "SECCION": 880, "POBTOT": 40, "P18YMAS": 26, "P18YMAS_H": 12, "P18YMAS_M": 14, "P18A24": 10, "ITER_MATCH": true, "LN_total_sec": 1026, "LN_H_sec": 513, "LN_M_sec": 513, "LN_1839_sec": 467, "LN_estimada": 34, "LN_H_est": 17, "LN_M_est": 17, "LN_1839_est": 16, "rank_seccion": 4, "pct_acum_sec": 18.23, "prioridad_50": true, "prioridad_80": true, "rank_municipal": 78, "pct_acum_LN_mun": 23.28}}, {"type": "Feature", "geometry": {"type": "Polygon", "coordinates": [[[-97.62226548932507, 19.37035411046776], [-97.62208516880749, 19.370495831040387], [-97.62184507935223, 19.3707899111606], [-97.62178142974788, 19.37086787963071], [-97.62108892962584, 19.37076975396814], [-97.62076457818141, 19.370723792777607], [-97.62030079093898, 19.370658073956037], [-97.62003111993009, 19.370619859716875], [-97.62016598018435, 19.370071941150016], [-97.62027017896256, 19.370068320154815], [-97.62037905979284, 19.37007572031417], [-97.62056681955559, 19.37008378102428], [-97.62068373982385, 19.370115750026677], [-97.62090756980305, 19.370172570812816], [-97.62112445011755, 19.37022895054529], [-97.62147828871137, 19.370277079835077], [-97.62167128922529, 19.3703077200646], [-97.62186736959843, 19.370323851323324], [-97.6220921403029, 19.370336200329184], [-97.62226548932507, 19.37035411046776]]]}, "properties": {"CVEGEO": "2110800010190001", "CVE_LOC": "0001", "AGEB": "0190", "MZA": "001", "SECCION": 879, "POBTOT": 13, "P18YMAS": 8, "P18YMAS_H": 3, "P18YMAS_M": 5, "P18A24": 0, "ITER_MATCH": true, "LN_total_sec": 1640, "LN_H_sec": 768, "LN_M_sec": 872, "LN_1839_sec": 820, "LN_estimada": 11, "LN_H_est": 5, "LN_M_est": 6, "LN_1839_est": 6, "rank_seccion": 72, "pct_acum_sec": 97.99, "prioridad_50": false, "prioridad_80": false, "rank_municipal": 684, "pct_acum_LN_mun": 98.14}}, {"type": "Feature", "geometry": {"type": "Polygon", "coordinates": [[[-97.53584095034921, 19.341403001075133], [-97.53537237856912, 19.341988020830765], [-97.53520385891535, 19.341861219781766], [-97.53501236972971, 19.34172837029745], [-97.53472631987593, 19.341514481199187], [-97.53463553866473, 19.34144175058247], [-97.53482599966782, 19.34120855095162], [-97.53499450854777, 19.341338381084437], [-97.53499897974025, 19.341332890226383], [-97.53500457960799, 19.34132600069095], [-97.53483745020031, 19.341194520091506], [-97.53509970997347, 19.340873379997806], [-97.53520996881468, 19.34095318099301], [-97.53537401868734, 19.34107160016693], [-97.53584095034921, 19.341403001075133]]]}, "properties": {"CVEGEO": "2110800030114042", "CVE_LOC": "0003", "AGEB": "0114", "MZA": "042", "SECCION": 881, "POBTOT": 0, "P18YMAS": 0, "P18YMAS_H": 0, "P18YMAS_M": 0, "P18A24": 0, "ITER_MATCH": false, "LN_total_sec": 1115, "LN_H_sec": 551, "LN_M_sec": 564, "LN_1839_sec": 548, "LN_estimada": 21, "LN_H_est": 10, "LN_M_est": 11, "LN_1839_est": 10, "rank_seccion": 51, "pct_acum_sec": 100.0, "prioridad_50": false, "prioridad_80": false, "rank_municipal": 279, "pct_acum_LN_mun": 58.24}}, {"type": "Feature", "geometry": {"type": "Polygon", "coordinates": [[[-97.60910972328922, 19.38349330658778], [-97.60897400253913, 19.383862836333766], [-97.60743758847823, 19.383504465911436], [-97.6075743812765, 19.383127469323167], [-97.60910972328922, 19.38349330658778]]]}, "properties": {"CVEGEO": "2110800010218006", "CVE_LOC": "0001", "AGEB": "0218", "MZA": "006", "SECCION": 875, "POBTOT": 5, "P18YMAS": 0, "P18YMAS_H": 0, "P18YMAS_M": 0, "P18A24": 0, "ITER_MATCH": true, "LN_total_sec": 1680, "LN_H_sec": 825, "LN_M_sec": 855, "LN_1839_sec": 803, "LN_estimada": 0, "LN_H_est": 0, "LN_M_est": 0, "LN_1839_est": 0, "rank_seccion": 146, "pct_acum_sec": 100.0, "prioridad_50": false, "prioridad_80": false, "rank_municipal": 1101, "pct_acum_LN_mun": 100.0}}, {"type": "Feature", "geometry": {"type": "Polygon", "coordinates": [[[-97.60924271562254, 19.383003491075524], [-97.60914615524189, 19.383360245803612], [-97.60753124454588, 19.383052908612278], [-97.60765924532754, 19.382693677283736], [-97.60924271562254, 19.383003491075524]]]}, "properties": {"CVEGEO": "2110800010218002", "CVE_LOC": "0001", "AGEB": "0218", "MZA": "002", "SECCION": 875, "POBTOT": 18, "P18YMAS": 14, "P18YMAS_H": 7, "P18YMAS_M": 7, "P18A24": 7, "ITER_MATCH": true, "LN_total_sec": 1680, "LN_H_sec": 825, "LN_M_sec": 855, "LN_1839_sec": 803, "LN_estimada": 26, "LN_H_est": 13, "LN_M_est": 13, "LN_1839_est": 12, "rank_seccion": 35, "pct_acum_sec": 83.39, "prioridad_50": false, "prioridad_80": false, "rank_municipal": 172, "pct_acum_LN_mun": 41.99}}]}